scenario_id,obstacle_id,x,y,radius,severity
S1,0,0.505601755931972,0.43406252634262116,0.018,0.75
S1,1,0.624583329875296,0.3733905492375029,0.018,0.75
S1,2,0.6781639263647935,0.24813124489745422,0.018,0.75
S1,3,0.34222304359429656,0.5092020266173158,0.018,0.75
S1,4,0.5340899598745525,0.638704940277356,0.018,0.75
S1,5,0.7612422562892662,0.1898823579324552,0.018,0.75
S1,6,0.36911738361155916,0.44424465919006,0.018,0.75
S1,7,0.5372720763820905,0.5292889054956378,0.018,0.75
S1,8,0.6510139792509995,0.2760481950515352,0.018,0.75
S1,9,0.3245335440670203,0.41685866562768686,0.018,0.75
S1,10,0.5986265676453597,0.6236627032622928,0.018,0.75
S1,11,0.7000686862073351,0.17552816581310457,0.018,0.75
S1,12,0.2575567109047406,0.4569076923356524,0.018,0.75
S1,13,0.5468840065167124,0.6373196032922253,0.018,0.75
S1,14,0.7561957732199321,0.22191311518661327,0.018,0.75
S1,15,0.3676093042237559,0.44859364629182874,0.018,0.75
S1,16,0.5546071630902064,0.6085368455068231,0.018,0.75
S1,17,0.7818792365204021,0.2759729545732473,0.018,0.75
S1,18,0.39938700986622033,0.43329913756967287,0.018,0.75
S1,19,0.5054392593221042,0.5369208375184433,0.018,0.75
S1,20,0.6605912254944056,0.25444776075636616,0.018,0.75
S1,21,0.43820890719455635,0.39927770545938296,0.018,0.75
S1,22,0.49034625300260504,0.5966032425509474,0.018,0.75
S1,23,0.8467275842040844,0.1803514923403467,0.018,0.75
S1,24,0.31241962071452123,0.4300746127595957,0.018,0.75
S1,25,0.5272161113578746,0.5387076145987156,0.018,0.75
S1,26,0.7199892104383714,0.18821811757484083,0.018,0.75
S1,27,0.26673955011549333,0.46510926087348575,0.018,0.75
S2,0,0.6389928530590073,0.02,0.018,0.75
S2,1,0.9593032704830412,0.7562411397839021,0.018,0.75
S2,2,0.9440344224130208,0.98,0.018,0.75
S2,3,0.03024325992409993,0.8554228311373051,0.018,0.75
S2,4,0.98,0.8273084011378163,0.018,0.75
S2,5,0.1889635079541416,0.7032093571962895,0.018,0.75
S2,6,0.5153849897642204,0.26677780940823104,0.018,0.75
S2,7,0.7705813722664306,0.98,0.018,0.75
S2,8,0.929337013437034,0.9316957873945533,0.018,0.75
S2,9,0.33726460765553434,0.9228086736500669,0.018,0.75
S2,10,0.7572117817770924,0.3672948025402948,0.018,0.75
S2,11,0.38807699561948494,0.6697431034982134,0.018,0.75
S2,12,0.33566932349746026,0.02,0.018,0.75
S2,13,0.7391338313418736,0.98,0.018,0.75
S2,14,0.7762575190647651,0.98,0.018,0.75
S2,15,0.22691241085211156,0.98,0.018,0.75
S2,16,0.5517371786317149,0.848424815486609,0.018,0.75
S2,17,0.43919345067262794,0.5996919910537926,0.018,0.75
S2,18,0.5627415521171019,0.12795295641641916,0.018,0.75
S2,19,0.8878730259339365,0.8099813404579066,0.018,0.75
S2,20,0.7235702923813848,0.6308401300332025,0.018,0.75
S2,21,0.38521427630604366,0.8883558982288098,0.018,0.75
S2,22,0.9243645118677664,0.4038750336266046,0.018,0.75
S2,23,0.26781852604626055,0.5778260786037668,0.018,0.75
S2,24,0.6217349392424869,0.048650723803260854,0.018,0.75
S2,25,0.8395842297620326,0.98,0.018,0.75
S2,26,0.98,0.7995138477509468,0.018,0.75
S2,27,0.09226714974551364,0.6240237852247199,0.018,0.75
S2,28,0.7080125070721243,0.2746593196235557,0.018,0.75
S2,29,0.07343875210496154,0.98,0.018,0.75
S2,30,0.30024143112475354,0.3505299326592951,0.018,0.75
S2,31,0.7602802583750805,0.8119603954179653,0.018,0.75
S2,32,0.7659997805110806,0.7077358818350059,0.018,0.75
S2,33,0.5431711026622806,0.8700144644443644,0.018,0.75
S2,34,0.98,0.8595152601699014,0.018,0.75
S2,35,0.2449393113511509,0.98,0.018,0.75
S2,36,0.3229690319179047,0.07695369381938022,0.018,0.75
S2,37,0.529512303887977,0.6892849171323442,0.018,0.75
S2,38,0.98,0.98,0.018,0.75
S2,39,0.30002661217892157,0.98,0.018,0.75
S2,40,0.7204598280122732,0.8521368296560143,0.018,0.75
S2,41,0.3837265246334804,0.7472038509274899,0.018,0.75
S2,42,0.3331350065991019,0.04050481883605353,0.018,0.75
S2,43,0.6972342003306592,0.8853139582913879,0.018,0.75
S2,44,0.7047092752922945,0.9082407527210833,0.018,0.75
S2,45,0.39039466728296324,0.98,0.018,0.75
S2,46,0.6568216498505464,0.2884751451053791,0.018,0.75
S2,47,0.33481615595141595,0.6177636663062649,0.018,0.75
S2,48,0.47887287846632337,0.22181474796340395,0.018,0.75
S2,49,0.9399664699740214,0.8179085345025399,0.018,0.75
S2,50,0.6765171103258323,0.8665419732422034,0.018,0.75
S2,51,0.060210942435649756,0.98,0.018,0.75
S3,0,0.36224817133573306,0.34293821842455496,0.018,0.75
S3,1,0.5218652070722497,0.5996234765401407,0.018,0.75
S3,2,0.7134544115664984,0.21362013248735667,0.018,0.75
S3,3,0.36100625640602496,0.4027563608412189,0.018,0.75
S3,4,0.5630741006924227,0.5250621293990795,0.018,0.75
S3,5,0.7177045352191979,0.19906308468842956,0.018,0.75
S3,6,0.4312554456456292,0.5247902398111626,0.018,0.75
S3,7,0.5341240093752181,0.5560477340584515,0.018,0.75
S3,8,0.6884462336568149,0.35388068089755004,0.018,0.75
S3,9,0.3350562151025274,0.5454565987489268,0.018,0.75
S3,10,0.521031542932074,0.5905426859629886,0.018,0.75
S3,11,0.6719198162879949,0.22124961934919649,0.018,0.75
S3,12,0.44953282807439143,0.4377517879523297,0.018,0.75
S3,13,0.5827740862688673,0.612055597508083,0.018,0.75
S3,14,0.6462174658969626,0.2645085955828268,0.018,0.75
S3,15,0.4665120298534573,0.46188065747632495,0.018,0.75
S3,16,0.527122831027606,0.5357102792883003,0.018,0.75
S3,17,0.6464014598086626,0.13761327000154477,0.018,0.75
S3,18,0.46951098306336714,0.3920374156490265,0.018,0.75
S3,19,0.6280592948747455,0.5561079852420949,0.018,0.75
S3,20,0.663838738093031,0.2391455726022125,0.018,0.75
S3,21,0.3505051892937208,0.4894584499769744,0.018,0.75
S3,22,0.6281435977864169,0.5388704612737065,0.018,0.75
S3,23,0.7702177648252103,0.2546460718199099,0.018,0.75
S3,24,0.3793226250412286,0.4995861115202311,0.018,0.75
S3,25,0.5149352994647546,0.5351643947355603,0.018,0.75
S3,26,0.7110209709587325,0.18845511918409835,0.018,0.75
S3,27,0.4183802324356542,0.41791656121486787,0.018,0.75
S3,28,0.5876874779597074,0.5890468544845154,0.018,0.75
S3,29,0.7779682780491387,0.3239954889732328,0.018,0.75
S3,30,0.3787820853175415,0.46034906481412735,0.018,0.75
S3,31,0.5654057355961696,0.6388098099579687,0.018,0.75
S3,32,0.6869461214543873,0.32646960524761814,0.018,0.75
S3,33,0.4542693318988431,0.4902170454542988,0.018,0.75
S3,34,0.5419221252481525,0.5779820596770283,0.018,0.75
S3,35,0.7406067270297617,0.2778178676373537,0.018,0.75
S3,36,0.39172604646456627,0.5102441660103629,0.018,0.75
S3,37,0.5235446171157466,0.5591894795106571,0.018,0.75
S3,38,0.6740108845136769,0.3163119032117811,0.018,0.75
S3,39,0.36024649407228143,0.36922268789151197,0.018,0.75
S3,40,0.5254935155834444,0.5704469563769946,0.018,0.75
S3,41,0.6924975735587219,0.3068724153593593,0.018,0.75
S3,42,0.41542739761556213,0.5322336279943798,0.018,0.75
S3,43,0.7137752130548127,0.5681464116522145,0.018,0.75
S3,44,0.7681404842996513,0.2070330870164076,0.018,0.75
S3,45,0.35243131989517573,0.49268687732660854,0.018,0.75
S3,46,0.516890859464935,0.5537784567862265,0.018,0.75
S3,47,0.7780791106618582,0.17963239334277403,0.018,0.75
S3,48,0.4421354265437983,0.46459383151303535,0.018,0.75
S3,49,0.6491354942446097,0.5936480743944875,0.018,0.75
S3,50,0.6977672683087787,0.34221389923617607,0.018,0.75
S3,51,0.39392267671243963,0.49171760195784553,0.018,0.75
S3,52,0.5804438543584735,0.5334927941019484,0.018,0.75
S3,53,0.7036332097398021,0.2679958873637482,0.018,0.75
S3,54,0.36297705933366853,0.46067469608064354,0.018,0.75
S3,55,0.5358697322139495,0.5003268862204743,0.018,0.75
S3,56,0.6611953573471572,0.1646918272206247,0.018,0.75
S3,57,0.36101567920179106,0.510217472498231,0.018,0.75
S3,58,0.6052793208458737,0.6154323003142868,0.018,0.75
S3,59,0.6517113585399892,0.24314517494227217,0.018,0.75
S3,60,0.35925710943043915,0.49560723855294375,0.018,0.75
S3,61,0.6191388272595826,0.7297529395948621,0.018,0.75
S3,62,0.7222726578814583,0.2242512825663218,0.018,0.75
S3,63,0.3737189173642006,0.58336570724644,0.018,0.75
S3,64,0.5961172474280153,0.5318278966440305,0.018,0.75
S3,65,0.6806714061005268,0.2675148639302387,0.018,0.75
S3,66,0.3504266191678862,0.42573596449355433,0.018,0.75
S3,67,0.5132407217228031,0.5885058801581696,0.018,0.75
S3,68,0.6328251421421177,0.2466060616944398,0.018,0.75
S3,69,0.28294024454545935,0.4416358031933117,0.018,0.75
S3,70,0.5354980950768471,0.6909634379760737,0.018,0.75
S3,71,0.6298129712236283,0.2550432787871647,0.018,0.75
S3,72,0.4063175727119998,0.40886468570740914,0.018,0.75
S3,73,0.6048584064243067,0.5790318736659498,0.018,0.75
S3,74,0.648718497715283,0.20465356401368195,0.018,0.75
S3,75,0.42022002670387004,0.5068413824216174,0.018,0.75
S3,76,0.638126363852875,0.5687266040797098,0.018,0.75
S3,77,0.7686796072658417,0.32430343983419524,0.018,0.75
S3,78,0.36922639606058605,0.4337145148316812,0.018,0.75
S3,79,0.5427084520467853,0.5673748911421033,0.018,0.75
S3,80,0.7321500932384402,0.12316788562158973,0.018,0.75
S4,0,0.3265314808957576,0.48882736558073886,0.018,0.75
S4,1,0.5832253734883789,0.5333109344913085,0.018,0.75
S4,2,0.6261599708555801,0.25513298612719715,0.018,0.75
S4,3,0.2928090663949129,0.48546085905531267,0.018,0.75
S4,4,0.4875422172478992,0.5412528089577432,0.018,0.75
S4,5,0.6900714690137507,0.2510748478920682,0.018,0.75
S4,6,0.4310523276275802,0.43177857458240165,0.018,0.75
S4,7,0.6101519312512007,0.5930658331977393,0.018,0.75
S4,8,0.7259807659270752,0.281521343057374,0.018,0.75
S4,9,0.3370108019885921,0.4441984618579605,0.018,0.75
S4,10,0.46845941825134696,0.6173056300593074,0.018,0.75
S4,11,0.7736632268398645,0.26228363356079115,0.018,0.75
S4,12,0.2449792651619539,0.4329365274383166,0.018,0.75
S4,13,0.5879459226410781,0.6166184175916658,0.018,0.75
S4,14,0.7045278366445166,0.2713912201448503,0.018,0.75
S4,15,0.40699835475153123,0.49915571484933685,0.018,0.75
S4,16,0.5699165350907127,0.5967008685693345,0.018,0.75
S4,17,0.7555641849956035,0.2464831743782178,0.018,0.75
S4,18,0.41637231968305854,0.4513195227476791,0.018,0.75
S4,19,0.5421428442746368,0.6784251821937598,0.018,0.75
S4,20,0.5801521849344141,0.23123294937649877,0.018,0.75
S4,21,0.4087252944269243,0.46687917441962395,0.018,0.75
S4,22,0.5828076460410202,0.5596129681065775,0.018,0.75
S4,23,0.7542568118516426,0.16701202960355951,0.018,0.75
S4,24,0.27105508462733985,0.4050006000307622,0.018,0.75
S4,25,0.5359124876296331,0.5754520757558285,0.018,0.75
S4,26,0.8479034659672734,0.21194387912797283,0.018,0.75
S4,27,0.3435707564138455,0.3510353627883229,0.018,0.75
S4,28,0.42237826510153825,0.5675405785079515,0.018,0.75
S4,29,0.8142695517602107,0.21833055310342325,0.018,0.75
S4,30,0.45807679189287875,0.4337851147224701,0.018,0.75
S4,31,0.5667865669414325,0.5769094352280795,0.018,0.75
S4,32,0.767166001669058,0.29327270936215283,0.018,0.75
S4,33,0.3787882794794747,0.4565479712996426,0.018,0.75
S4,34,0.5378697906824512,0.5689279010024992,0.018,0.75
S4,35,0.7188378584981545,0.24037065375323968,0.018,0.75
S4,36,0.3589164096222789,0.3841216335639105,0.018,0.75
S4,37,0.48660157014096966,0.5605162708677046,0.018,0.75
S4,38,0.6377265023013375,0.23392057788202092,0.018,0.75
S4,39,0.42839652842090464,0.4668158679812806,0.018,0.75
S4,40,0.4902050141922183,0.5659383703502902,0.018,0.75
S4,41,0.7004652485476711,0.25959291564553366,0.018,0.75
S4,42,0.362065154194753,0.46564478672874066,0.018,0.75
S4,43,0.5343178058516398,0.5492848256281758,0.018,0.75
S4,44,0.7057939903287404,0.320157073741083,0.018,0.75
S4,45,0.33015059386290624,0.448481219949618,0.018,0.75
S4,46,0.5356695460693699,0.6579725485655283,0.018,0.75
S4,47,0.7118129023528366,0.2711451309895776,0.018,0.75
S4,48,0.32900266011614754,0.5257236141738428,0.018,0.75
S4,49,0.6392073327424714,0.6753453395489908,0.018,0.75
S4,50,0.7621416256484336,0.17740277925388867,0.018,0.75
S4,51,0.4075360260082871,0.3940288952126279,0.018,0.75
S4,52,0.5208425261223729,0.5014401429145281,0.018,0.75
S4,53,0.6717552817928587,0.3077521541599504,0.018,0.75
S4,54,0.3822612518467993,0.45200292804355585,0.018,0.75
S4,55,0.4461085862720844,0.6781232117218984,0.018,0.75
S4,56,0.6427216461907015,0.25071303906097453,0.018,0.75
S4,57,0.3198014522694219,0.4231577718553736,0.018,0.75
S4,58,0.4940323908838682,0.6512587872792073,0.018,0.75
S4,59,0.6330248036530521,0.2067484866388793,0.018,0.75
S4,60,0.3840342304250477,0.5033757656659931,0.018,0.75
S4,61,0.5515410022815194,0.6267751509040724,0.018,0.75
S4,62,0.662513334455614,0.17589743475199132,0.018,0.75
S4,63,0.33695157099360035,0.43090947456978157,0.018,0.75
S4,64,0.4054296589470894,0.5512423550037036,0.018,0.75
S4,65,0.6506768393620065,0.3250350798291819,0.018,0.75
S4,66,0.36372782315966157,0.3783897510091828,0.018,0.75
S4,67,0.5528659365120215,0.6420445208563469,0.018,0.75
S4,68,0.7702393335419558,0.2231396641870626,0.018,0.75
S4,69,0.29898647129744144,0.44867030405751473,0.018,0.75
S4,70,0.571738985666071,0.5987171780238401,0.018,0.75
S4,71,0.6639912901449418,0.21905124034654794,0.018,0.75
S4,72,0.344934619682168,0.47296693801831113,0.018,0.75
S4,73,0.506756551066535,0.5957806961382089,0.018,0.75
S4,74,0.7455821718512995,0.3132090655586751,0.018,0.75
S4,75,0.45313408184995563,0.45230234007911796,0.018,0.75
S4,76,0.6354580569397611,0.6390504327258595,0.018,0.75
S4,77,0.6805927313044244,0.2571470140225849,0.018,0.75
S4,78,0.34696737903649627,0.4790462866212912,0.018,0.75
S4,79,0.5607486159671954,0.4919124480930571,0.018,0.75
S4,80,0.7203354064041062,0.2134715641599273,0.018,0.75
S4,81,0.3763187354590712,0.3935805318940172,0.018,0.75
S4,82,0.5362852210671825,0.6256565443874966,0.018,0.75
S4,83,0.737248718644939,0.31593018047125715,0.018,0.75
S4,84,0.41739680489598807,0.45728869333068933,0.018,0.75
S4,85,0.5226715453058489,0.4975611235334037,0.018,0.75
S4,86,0.7034906526625355,0.19421113586723854,0.018,0.75
S4,87,0.4347697615627611,0.38990727934359565,0.018,0.75
S4,88,0.5628328166830702,0.6019746825679165,0.018,0.75
S4,89,0.6439818215123346,0.2992853339729217,0.018,0.75
S4,90,0.3461010986265271,0.4065578949399035,0.018,0.75
S4,91,0.5152311518164276,0.548791827214622,0.018,0.75
S4,92,0.5590876130759258,0.21104234266056446,0.018,0.75
S4,93,0.36236203806168366,0.4023223317693517,0.018,0.75
S4,94,0.5861941568455968,0.5607443333564259,0.018,0.75
S4,95,0.6848267799382496,0.24917255810891178,0.018,0.75
S4,96,0.3537496602010749,0.4249764640625553,0.018,0.75
S4,97,0.578169889415878,0.631114448761048,0.018,0.75
S4,98,0.6477967200983842,0.22110165850118232,0.018,0.75
S4,99,0.3343704640227556,0.4955416544664445,0.018,0.75
S4,100,0.5938956035715088,0.5971165717565831,0.018,0.75
S4,101,0.7722082270179428,0.2666948225600705,0.018,0.75
S4,102,0.35584316322922993,0.4894538926978599,0.018,0.75
S4,103,0.4143287795561167,0.6613624568840843,0.018,0.75
S4,104,0.6532408552830902,0.20055791371962634,0.018,0.75
S4,105,0.44366116498347374,0.3331563178372724,0.018,0.75
S4,106,0.5319762582273752,0.65930026530367,0.018,0.75
S4,107,0.762929267218609,0.23248414279349766,0.018,0.75
S4,108,0.4050971084698471,0.40546789745663836,0.018,0.75
S4,109,0.5201564970215359,0.6048362823063045,0.018,0.75
S5,0,0.38225769984672014,0.6744567045587113,0.018,0.75
S5,1,0.3181447352481437,0.4732001035919701,0.018,0.75
S5,2,0.1397529428072838,0.8222253628657414,0.018,0.75
S5,3,0.35715081774204566,0.4543315503665794,0.018,0.75
S5,4,0.6175418224290169,0.9347359203648843,0.018,0.75
S5,5,0.4198635921383232,0.98,0.018,0.75
S5,6,0.7792191717284089,0.5789140376116082,0.018,0.75
S5,7,0.30496310846775376,0.32998023026397505,0.018,0.75
S5,8,0.0861807857367499,0.33891141150900694,0.018,0.75
S5,9,0.2501325804669362,0.3659663388657695,0.018,0.75
S5,10,0.7489994106994352,0.98,0.018,0.75
S5,11,0.7691585425229343,0.98,0.018,0.75
S5,12,0.626154323305298,0.5854558375028786,0.018,0.75
S5,13,0.6024351493867182,0.4554435963497887,0.018,0.75
S5,14,0.23436315942603375,0.30217026686810255,0.018,0.75
S5,15,0.6713028239417054,0.8276258978789275,0.018,0.75
S5,16,0.5664908724944664,0.8486476474961578,0.018,0.75
S5,17,0.3129061564749139,0.8287771576489912,0.018,0.75
S5,18,0.5610228498382335,0.652877588337652,0.018,0.75
S5,19,0.48481392077926394,0.18334099026289788,0.018,0.75
S5,20,0.4200409519023169,0.40132551627240287,0.018,0.75
S5,21,0.5118816556998114,0.6736058161792688,0.018,0.75
S5,22,0.7108098864825123,0.8535715168030144,0.018,0.75
S5,23,0.2484820025395479,0.98,0.018,0.75
S5,24,0.13308368883323093,0.8285261868484088,0.018,0.75
S5,25,0.47047957874482016,0.1757281419308636,0.018,0.75
S5,26,0.043993533047620464,0.24201633738282857,0.018,0.75
S5,27,0.28707927202746847,0.7710106424122255,0.018,0.75
S6,0,0.3296095883801995,0.4411985423538777,0.018,0.75
S6,1,0.4721895768173312,0.641333417856925,0.018,0.75
S6,2,0.6369482586637157,0.1711446308116723,0.018,0.75
S6,3,0.3659275021643503,0.4055782023113852,0.018,0.75
S6,4,0.5292751930154918,0.63458736862716,0.018,0.75
S6,5,0.6479495392541753,0.27751019042103847,0.018,0.75
S6,6,0.3583016562008738,0.4597939487020719,0.018,0.75
S6,7,0.512531146624413,0.6170452042807432,0.018,0.75
S6,8,0.7149714589298802,0.31724186896885914,0.018,0.75
S6,9,0.3028635426727192,0.396310866617406,0.018,0.75
S6,10,0.5913382875463643,0.5687083738933215,0.018,0.75
S6,11,0.6642645813305456,0.32937372276873567,0.018,0.75
S6,12,0.36844991301074403,0.3508586372664333,0.018,0.75
S6,13,0.5797386778601248,0.5406964743324957,0.018,0.75
S6,14,0.7306830389803948,0.26916741501443964,0.018,0.75
S6,15,0.3774799780468831,0.47220326369030263,0.018,0.75
S6,16,0.5895418654497,0.6585919493853961,0.018,0.75
S6,17,0.7072485182952426,0.2967081534372896,0.018,0.75
S6,18,0.29219674293551284,0.5086657251905408,0.018,0.75
S6,19,0.592436255215723,0.5917285952950347,0.018,0.75
S6,20,0.8111355188749433,0.22234049374347112,0.018,0.75
S6,21,0.37397319921735955,0.4733686464102053,0.018,0.75
S6,22,0.6497919190723477,0.6098526744815664,0.018,0.75
S6,23,0.7086682108645223,0.20097511655942182,0.018,0.75
S6,24,0.41394525176220925,0.3633827477245762,0.018,0.75
S6,25,0.6003745368437222,0.537671852277154,0.018,0.75
S6,26,0.6981066364659264,0.1927217969041531,0.018,0.75
S6,27,0.4411340205473128,0.5071675662928795,0.018,0.75
S6,28,0.5635714500057751,0.5926128205360469,0.018,0.75
S6,29,0.7275296378517286,0.21902254505029964,0.018,0.75
S6,30,0.34698135688228154,0.5141625149469273,0.018,0.75
S6,31,0.5337856857485624,0.6158608848576974,0.018,0.75
S6,32,0.6671016260005102,0.22130654614260506,0.018,0.75
S6,33,0.32824514043892006,0.34084385860429467,0.018,0.75
S6,34,0.5097062074557163,0.5623390711994903,0.018,0.75
S6,35,0.6393925926999963,0.2572442646261318,0.018,0.75
S6,36,0.29304125152654487,0.440241327519705,0.018,0.75
S6,37,0.5450955703637516,0.48627988980100295,0.018,0.75
S6,38,0.7684878781203686,0.3218905523131283,0.018,0.75
S6,39,0.35232629218236444,0.47073907718383323,0.018,0.75
S6,40,0.6242834896942903,0.5625033156244295,0.018,0.75
S6,41,0.6421049102883045,0.28994778103518487,0.018,0.75
S6,42,0.45031205139315156,0.45336695900801477,0.018,0.75
S6,43,0.6534242628278673,0.6282807068715992,0.018,0.75
S6,44,0.7161667740963797,0.24797310551242818,0.018,0.75
S6,45,0.3686764605190169,0.4768652442978949,0.018,0.75
S6,46,0.5677039704179796,0.5823538087663993,0.018,0.75
S6,47,0.8311578833387315,0.2646344928846164,0.018,0.75
S6,48,0.3633276791391553,0.4561582448396598,0.018,0.75
S6,49,0.5509915884707367,0.5061219226408791,0.018,0.75
S6,50,0.5541338227931569,0.2566484225462289,0.018,0.75
S6,51,0.4386276460333335,0.4645790951000527,0.018,0.75
S7,0,0.4968379817109132,0.5598365667013304,0.018,0.75
S7,1,0.49044158149745376,0.5432680324322029,0.018,0.75
S7,2,0.728006832117361,0.2519358664220156,0.018,0.75
S7,3,0.4677409426809039,0.5328926434150109,0.018,0.75
S7,4,0.5744296638322172,0.5887178142461901,0.018,0.75
S7,5,0.7091644080879349,0.3265076268010261,0.018,0.75
S7,6,0.36101605634735956,0.4787349993599373,0.018,0.75
S7,7,0.45327962873067973,0.5173284959421894,0.018,0.75
S7,8,0.5774582934139146,0.3011329657487352,0.018,0.75
S7,9,0.44183564864788455,0.44506682006412346,0.018,0.75
S7,10,0.6425642893994146,0.5440314652475376,0.018,0.75
S7,11,0.7475920703995569,0.22199181241614316,0.018,0.75
S7,12,0.44442536132557553,0.46348844327992544,0.018,0.75
S7,13,0.6392705877139425,0.6410848219826579,0.018,0.75
S7,14,0.67833070041564,0.26516614388618476,0.018,0.75
S7,15,0.43607093366855215,0.48749737808887517,0.018,0.75
S7,16,0.5389956146787745,0.5960901151085541,0.018,0.75
S7,17,0.7320476809919054,0.2586288259099935,0.018,0.75
S7,18,0.3928109233705722,0.5045243163315415,0.018,0.75
S7,19,0.5554007157853248,0.5077584025262213,0.018,0.75
S7,20,0.6601130291768648,0.2204755197408206,0.018,0.75
S7,21,0.37817732703661594,0.47854266411131247,0.018,0.75
S7,22,0.5343990699627428,0.6329264412126995,0.018,0.75
S7,23,0.6798225976552154,0.2939451464285666,0.018,0.75
S7,24,0.4815791846977268,0.4945100895574891,0.018,0.75
S7,25,0.5493325320890083,0.5522997768861588,0.018,0.75
S7,26,0.6811286755662594,0.09643247295233556,0.018,0.75
S7,27,0.41412104555161405,0.4617546270755848,0.018,0.75
S7,28,0.5965043016506816,0.537030534115116,0.018,0.75
S7,29,0.7788981965179211,0.28776046825977913,0.018,0.75
S7,30,0.4243760183715967,0.4061384567048128,0.018,0.75
S7,31,0.5773655185540121,0.5728163799228301,0.018,0.75
S7,32,0.7085109426493147,0.14139166386944002,0.018,0.75
S7,33,0.39144203391615473,0.5266968646230705,0.018,0.75
S7,34,0.5948965276231083,0.602067054093094,0.018,0.75
S7,35,0.650380791444866,0.3047640242689995,0.018,0.75
S7,36,0.32728952505598746,0.43058031339406994,0.018,0.75
S7,37,0.4592013889312998,0.5533938569300421,0.018,0.75
S7,38,0.6825493906730883,0.2843660656056045,0.018,0.75
S7,39,0.36781862665358117,0.4604820807337646,0.018,0.75
S7,40,0.6613477753421811,0.5171468124283223,0.018,0.75
S7,41,0.7314160299911708,0.290333869795145,0.018,0.75
S7,42,0.4085249534269795,0.4928308406478155,0.018,0.75
S7,43,0.5786847448438327,0.6241835186584532,0.018,0.75
S7,44,0.6953885492248991,0.22740586500851906,0.018,0.75
S7,45,0.35071411996448565,0.4440727238263268,0.018,0.75
S7,46,0.4909185458812601,0.4968015893808968,0.018,0.75
S7,47,0.7569280465494896,0.10001155460478059,0.018,0.75
S7,48,0.36277438366716036,0.5190856549092507,0.018,0.75
S7,49,0.5688912766563609,0.5574536734515936,0.018,0.75
S7,50,0.7146554178016793,0.3139524640959629,0.018,0.75
S7,51,0.3783934425196472,0.42976928976803286,0.018,0.75
S7,52,0.5641402646433625,0.6775951396791788,0.018,0.75
S7,53,0.6866226756172381,0.13157760037906935,0.018,0.75
S7,54,0.40323485968684847,0.4749763295676226,0.018,0.75
S7,55,0.5711870831366137,0.677955518748445,0.018,0.75
S7,56,0.6194755370048475,0.23873034650397074,0.018,0.75
S7,57,0.3342326951337498,0.4943428017587081,0.018,0.75
S7,58,0.6284202870162161,0.5226628653429629,0.018,0.75
S7,59,0.6462045149661593,0.26236619465157646,0.018,0.75
S7,60,0.37792655675040326,0.4582662056613386,0.018,0.75
S7,61,0.5385910260741557,0.6117363594308819,0.018,0.75
S7,62,0.7367730045551378,0.19447202959685955,0.018,0.75
S7,63,0.3423291304561632,0.5239055245314547,0.018,0.75
S7,64,0.5465396612484302,0.6723574135574708,0.018,0.75
S7,65,0.6054772929170456,0.29414892524839814,0.018,0.75
S7,66,0.4576891344028221,0.4868203806346987,0.018,0.75
S7,67,0.461430857292665,0.5027482575638462,0.018,0.75
S7,68,0.6557311473189621,0.20399246253496933,0.018,0.75
S7,69,0.3775003909086023,0.5277991739066636,0.018,0.75
S7,70,0.5371447654896664,0.5888649655648414,0.018,0.75
S7,71,0.7596949265240213,0.14156971650712313,0.018,0.75
S7,72,0.3416757958173697,0.45805440848448903,0.018,0.75
S7,73,0.5624083315782544,0.6674139706886428,0.018,0.75
S7,74,0.6735701710222186,0.2073360813281439,0.018,0.75
S7,75,0.3681097967879068,0.5037563588873403,0.018,0.75
S7,76,0.557664951626761,0.5774287944318983,0.018,0.75
S7,77,0.657328909625976,0.27593450199803515,0.018,0.75
S7,78,0.3763627795282471,0.4886035938817024,0.018,0.75
S7,79,0.5677977946252276,0.6389435101194051,0.018,0.75
S7,80,0.7193117434762444,0.1700537569049433,0.018,0.75
S8,0,0.26280649754875446,0.2206310149144458,0.018,0.75
S8,1,0.280741508971753,0.29939456084176724,0.018,0.75
S8,2,0.6766838472729718,0.5775792630154356,0.018,0.75
S8,3,0.3435030999831092,0.17929321474552817,0.018,0.75
S8,4,0.8384120838547271,0.1719887231225436,0.018,0.75
S8,5,0.7079731600413786,0.509424118017778,0.018,0.75
S8,6,0.026874670468877482,0.5633010440772448,0.018,0.75
S8,7,0.07299333673697854,0.2754928948583111,0.018,0.75
S8,8,0.29428243117941494,0.16782288124405692,0.018,0.75
S8,9,0.43981201759818644,0.14196997700188344,0.018,0.75
S8,10,0.6600581182850367,0.0624854828953505,0.018,0.75
S8,11,0.5126579409483756,0.3032351508299452,0.018,0.75
S8,12,0.26719074752311467,0.47555513644586633,0.018,0.75
S8,13,0.1922206236373731,0.3233259993592539,0.018,0.75
S8,14,0.35921411452187935,0.38247135023896317,0.018,0.75
S8,15,0.17596984667652882,0.36988769906968455,0.018,0.75
S8,16,0.37641346751871885,0.10335495772331964,0.018,0.75
S8,17,0.49748648451339006,0.2990964323522466,0.018,0.75
S8,18,0.3837666826818494,0.3503394550446127,0.018,0.75
S8,19,0.3196002747818094,0.11037250698439383,0.018,0.75
S8,20,0.49116162954770193,0.48834946754474307,0.018,0.75
S8,21,0.21709387088369897,0.08207259441853415,0.018,0.75
S8,22,0.915261096360956,0.30702276595334493,0.018,0.75
S8,23,0.6549916286933231,0.343794664182977,0.018,0.75
S8,24,0.07887051062182608,0.06890788441629847,0.018,0.75
S8,25,0.3144356764078252,0.3272592393179655,0.018,0.75
S8,26,0.3978808235714131,0.601987423243916,0.018,0.75
S8,27,0.06193188191451485,0.2622587621038036,0.018,0.75
S8,28,0.6909465295859846,0.08162585801231659,0.018,0.75
S8,29,0.26111461807224734,0.3586490959917471,0.018,0.75
S8,30,0.42373210825376484,0.6034264745822214,0.018,0.75
S8,31,0.032039036515896235,0.5739247794383653,0.018,0.75
S8,32,0.31220696338323967,0.21627499613615864,0.018,0.75
S8,33,0.02,0.02,0.018,0.75
S8,34,0.98,0.10511879752839505,0.018,0.75
S8,35,0.12354922575182306,0.36390452826395325,0.018,0.75
S8,36,0.3156490162720877,0.2290346471687652,0.018,0.75
S8,37,0.1200074707076429,0.6248173262777305,0.018,0.75
S8,38,0.3213565235501519,0.6404537310692244,0.018,0.75
S8,39,0.15097129589001734,0.21880400866335165,0.018,0.75
S8,40,0.6094131608366349,0.1278234841039508,0.018,0.75
S8,41,0.1542289681849969,0.5865328256288671,0.018,0.75
S8,42,0.032721379153008406,0.5446717093721858,0.018,0.75
S8,43,0.35813895160999,0.3788041567159191,0.018,0.75
S8,44,0.12016489205225528,0.9547062476534969,0.018,0.75
S8,45,0.3159321580866268,0.25275259422953367,0.018,0.75
S8,46,0.669506329732298,0.5025199258201232,0.018,0.75
S8,47,0.5634414315552693,0.4471515164544715,0.018,0.75
S8,48,0.39238192195032034,0.4700973604786546,0.018,0.75
S8,49,0.152342226828653,0.21347734247012062,0.018,0.75
S8,50,0.15457260310116205,0.5459276121354413,0.018,0.75
S8,51,0.02,0.22292195658137925,0.018,0.75
S8,52,0.801479731633674,0.33934583993000667,0.018,0.75
S8,53,0.1706706782362608,0.39692828031350935,0.018,0.75
S8,54,0.19111403478670302,0.4201387402536359,0.018,0.75
S8,55,0.02,0.3214330414534962,0.018,0.75
S8,56,0.2821947479879599,0.43434552424006306,0.018,0.75
S8,57,0.07807570046737729,0.02,0.018,0.75
S8,58,0.7414163354484444,0.42286131433720087,0.018,0.75
S8,59,0.20685911720066394,0.5711575068637162,0.018,0.75
S8,60,0.14893721087758027,0.39048642916292065,0.018,0.75
S8,61,0.02,0.1770560651289488,0.018,0.75
S8,62,0.23289612917757624,0.5459166250525753,0.018,0.75
S8,63,0.1461600059525991,0.2129654432569404,0.018,0.75
S8,64,0.918496607047175,0.3288926612070612,0.018,0.75
S8,65,0.671620219399348,0.21383529610673802,0.018,0.75
S8,66,0.18864082769003127,0.5333648176532181,0.018,0.75
S8,67,0.14170141555294274,0.5802374344063643,0.018,0.75
S8,68,0.118154635313442,0.7460403084131074,0.018,0.75
S8,69,0.2334031654631567,0.02,0.018,0.75
S8,70,0.5054782105482422,0.3490643369027757,0.018,0.75
S8,71,0.17599017106502354,0.39370901988176904,0.018,0.75
S8,72,0.2595372726534185,0.2244255733434718,0.018,0.75
S8,73,0.3413923402215977,0.4721171247547711,0.018,0.75
S8,74,0.6285535768557511,0.7079059112375321,0.018,0.75
S8,75,0.03750392552210774,0.02,0.018,0.75
S8,76,0.98,0.3300415272069206,0.018,0.75
S8,77,0.09792387406467085,0.5443563906597461,0.018,0.75
S8,78,0.06639807268317115,0.5509496358722036,0.018,0.75
S8,79,0.2859746402612567,0.3671004685017443,0.018,0.75
S8,80,0.02,0.3919103103646175,0.018,0.75
S8,81,0.09636261818603281,0.20823209328362913,0.018,0.75
S8,82,0.447993582575238,0.3909291670991887,0.018,0.75
S8,83,0.03591158802817224,0.4094955463201926,0.018,0.75
S8,84,0.3299719334502252,0.4152852055597178,0.018,0.75
S8,85,0.08949733574366243,0.41861910894410903,0.018,0.75
S8,86,0.02,0.5806839536009718,0.018,0.75
S8,87,0.15670605158960024,0.2728341289235282,0.018,0.75
S8,88,0.6660066454651552,0.3226534062168703,0.018,0.75
S8,89,0.631217137046697,0.8314976842686734,0.018,0.75
S8,90,0.28709459497020323,0.4457083051766164,0.018,0.75
S8,91,0.2872035785112713,0.1904416534257096,0.018,0.75
S8,92,0.6802084360101361,0.9433495006004365,0.018,0.75
S8,93,0.2060103464284518,0.06327235548054005,0.018,0.75
S8,94,0.7922897014450672,0.360875457214073,0.018,0.75
S8,95,0.11057546281176137,0.21346199849605152,0.018,0.75
S8,96,0.24575197760768303,0.3069489880481099,0.018,0.75
S8,97,0.36249868156430126,0.46609460624402277,0.018,0.75
S8,98,0.11236685554328027,0.5468173325316414,0.018,0.75
S8,99,0.1839836041172256,0.33289550339631513,0.018,0.75
S8,100,0.98,0.1438259154706833,0.018,0.75
S8,101,0.502343105750596,0.595377774399185,0.018,0.75
S8,102,0.02,0.3921796097653208,0.018,0.75
S8,103,0.05364756114695114,0.5581170374405269,0.018,0.75
S8,104,0.2979625083528818,0.5834976390566529,0.018,0.75
S8,105,0.02,0.4327713584646491,0.018,0.75
S8,106,0.6404284538033973,0.430634503337299,0.018,0.75
S8,107,0.5727590421000661,0.27753893519408157,0.018,0.75
S8,108,0.04236718405423154,0.2579085128211291,0.018,0.75
S8,109,0.0929388748188063,0.11707831515097789,0.018,0.75
S9,0,0.44358009355392314,0.4066693359845927,0.018,0.75
S9,1,0.6186529537908859,0.5796358268768008,0.018,0.75
S9,2,0.6199226205307897,0.3486371913394522,0.018,0.75
S9,3,0.3653468564484336,0.4375389402876168,0.018,0.75
S9,4,0.5286810977157645,0.5837342255699187,0.018,0.75
S9,5,0.7520244712810809,0.24869843747965115,0.018,0.75
S9,6,0.287860720620689,0.42688316514511565,0.018,0.75
S9,7,0.5059570363709117,0.6375649618229096,0.018,0.75
S9,8,0.6560676229354723,0.2708389144139342,0.018,0.75
S9,9,0.4645827532300294,0.5061869790817063,0.018,0.75
S9,10,0.5322457579332667,0.5787743250663248,0.018,0.75
S9,11,0.7766288293036008,0.23956419770816892,0.018,0.75
S9,12,0.33447254395119275,0.46381340955596567,0.018,0.75
S9,13,0.46696499343515996,0.6532769110678476,0.018,0.75
S9,14,0.7584926353409163,0.23621905079656091,0.018,0.75
S9,15,0.3945443538429537,0.48020719738364137,0.018,0.75
S9,16,0.5884101197170774,0.525363004498644,0.018,0.75
S9,17,0.660546303418774,0.2443654913410208,0.018,0.75
S9,18,0.410848021987198,0.43673645565997077,0.018,0.75
S9,19,0.5092201969123556,0.6096388517588242,0.018,0.75
S9,20,0.6891537202515565,0.24065184722521976,0.018,0.75
S9,21,0.3513650016920157,0.43223200169443865,0.018,0.75
S9,22,0.5587890189557719,0.6787510553604844,0.018,0.75
S9,23,0.724906630654522,0.34437221844528354,0.018,0.75
S9,24,0.3260149375899515,0.5344965789081112,0.018,0.75
S9,25,0.5491467732380151,0.5758372427887526,0.018,0.75
S9,26,0.5925872020199143,0.304979939180207,0.018,0.75
S9,27,0.44989950459084366,0.5218352049541141,0.018,0.75
S10,0,0.3170195236434794,0.34234092391535453,0.018,0.75
S10,1,0.49082904906821645,0.5927509952674939,0.018,0.75
S10,2,0.682021148993891,0.25818718943614577,0.018,0.75
S10,3,0.47532575626319096,0.3879375600830963,0.018,0.75
S10,4,0.5672456584081954,0.6245201347498582,0.018,0.75
S10,5,0.6843522635126027,0.1949193410075402,0.018,0.75
S10,6,0.3752282168226787,0.43435619321370356,0.018,0.75
S10,7,0.48623935198863505,0.6071906087789329,0.018,0.75
S10,8,0.745816602084406,0.23098562904404996,0.018,0.75
S10,9,0.3787011363352755,0.4056372018924233,0.018,0.75
S10,10,0.5285906857845345,0.6193322040579322,0.018,0.75
S10,11,0.6649402136778083,0.25529830361273587,0.018,0.75
S10,12,0.33908583692297345,0.40485530562084737,0.018,0.75
S10,13,0.5575457900556103,0.4877165304657729,0.018,0.75
S10,14,0.62782861057049,0.28846873332273787,0.018,0.75
S10,15,0.3660324929717342,0.41724061805063795,0.018,0.75
S10,16,0.6431463030845923,0.5570880434529557,0.018,0.75
S10,17,0.6989285537270484,0.2745265104485889,0.018,0.75
S10,18,0.4051100707023379,0.43789718429191865,0.018,0.75
S10,19,0.4471413866932936,0.5760164859544181,0.018,0.75
S10,20,0.7151457792038322,0.3107047235797074,0.018,0.75
S10,21,0.38727969302862386,0.46648806608726207,0.018,0.75
S10,22,0.5196558150423684,0.6557231023386177,0.018,0.75
S10,23,0.7388689134677878,0.22292307509563605,0.018,0.75
S10,24,0.4093249302945128,0.4748835050288368,0.018,0.75
S10,25,0.6150060745508416,0.6292799912126154,0.018,0.75
S10,26,0.6387222663582087,0.2572431877901816,0.018,0.75
S10,27,0.3680435724695821,0.4063347788967889,0.018,0.75
S10,28,0.5223171102309803,0.50383878383922,0.018,0.75
S10,29,0.7789163771142167,0.2430594702140818,0.018,0.75
S10,30,0.4144101445213492,0.47010305314540507,0.018,0.75
S10,31,0.5520210694449608,0.5288782261687212,0.018,0.75
S10,32,0.7350139189047475,0.14086141041732125,0.018,0.75
S10,33,0.45938343066323206,0.4236792611209669,0.018,0.75
S10,34,0.4956093438386416,0.6351300299505197,0.018,0.75
S10,35,0.6874908570231705,0.16795847734903646,0.018,0.75
S10,36,0.3529515781902421,0.5026608391858113,0.018,0.75
S10,37,0.5504661518604752,0.5511283759361723,0.018,0.75
S10,38,0.6863951574534161,0.25801158377367145,0.018,0.75
S10,39,0.4083688007116342,0.4397995480985398,0.018,0.75
S10,40,0.5310783282445082,0.5515272612015527,0.018,0.75
S10,41,0.6728914771520568,0.2725285856265971,0.018,0.75
S10,42,0.34917193759985515,0.4284993696483657,0.018,0.75
S10,43,0.4951899301911175,0.5990596289581644,0.018,0.75
S10,44,0.7614283548281898,0.20598816210441384,0.018,0.75
S10,45,0.42810542965935117,0.47358148027365554,0.018,0.75
S10,46,0.49828918282325607,0.5021906383109507,0.018,0.75
S10,47,0.7396293837244372,0.26877467346422534,0.018,0.75
S10,48,0.35707015802225067,0.4396315512602353,0.018,0.75
S10,49,0.5056465752445629,0.5766218992503697,0.018,0.75
S10,50,0.7687871927472011,0.21691180379605324,0.018,0.75
S10,51,0.2978148733399689,0.3925560511798236,0.018,0.75
S11,0,0.18576823650478055,0.02,0.018,0.75
S11,1,0.5972993979351329,0.13843682601524004,0.018,0.75
S11,2,0.98,0.02926379578259085,0.018,0.75
S11,3,0.7247730476431425,0.5325455355963713,0.018,0.75
S11,4,0.02,0.39257555220297324,0.018,0.75
S11,5,0.2787980074094644,0.8805863486692518,0.018,0.75
S11,6,0.02,0.42627253270530174,0.018,0.75
S11,7,0.5087885818630288,0.46788608145284094,0.018,0.75
S11,8,0.98,0.17008783384874823,0.018,0.75
S11,9,0.4789835819071946,0.6777670663064035,0.018,0.75
S11,10,0.08985078490310347,0.02,0.018,0.75
S11,11,0.33570957294836423,0.98,0.018,0.75
S11,12,0.06436025515359306,0.03765975476432317,0.018,0.75
S11,13,0.594493850343118,0.10200215200757473,0.018,0.75
S11,14,0.98,0.3641457890933487,0.018,0.75
S11,15,0.5518702707659097,0.5573363084778238,0.018,0.75
S11,16,0.02,0.4190066871836441,0.018,0.75
S11,17,0.42725784919457455,0.9386302750834198,0.018,0.75
S11,18,0.02,0.2734311839000823,0.018,0.75
S11,19,0.523374672301574,0.02,0.018,0.75
S11,20,0.98,0.21159761502320454,0.018,0.75
S11,21,0.6488588013080878,0.7203891943744617,0.018,0.75
S11,22,0.02,0.09555170588323553,0.018,0.75
S11,23,0.42393962849358335,0.98,0.018,0.75
S11,24,0.02,0.09563699195419627,0.018,0.75
S11,25,0.6880488964347276,0.02,0.018,0.75
S11,26,0.9315497730917248,0.02,0.018,0.75
S11,27,0.8371376787481819,0.8658310002970656,0.018,0.75
S11,28,0.02,0.3450111132326533,0.018,0.75
S11,29,0.21221352996152545,0.6529455491698416,0.018,0.75
S11,30,0.02,0.02,0.018,0.75
S11,31,0.5617256995243294,0.15276570548440555,0.018,0.75
S11,32,0.98,0.02,0.018,0.75
S11,33,0.4791180759042678,0.5559934211713964,0.018,0.75
S11,34,0.02,0.31024774437121716,0.018,0.75
S11,35,0.09535381904009729,0.9557006539032695,0.018,0.75
S11,36,0.12141905757659927,0.02,0.018,0.75
S11,37,0.5726129046304609,0.2710238188410199,0.018,0.75
S11,38,0.8903399805795846,0.11360599391801454,0.018,0.75
S11,39,0.7188786407009886,0.7002476885385257,0.018,0.75
S11,40,0.02,0.6121442761683346,0.018,0.75
S11,41,0.4200898602136343,0.9263856979608469,0.018,0.75
S11,42,0.40376875426339204,0.0532220244693139,0.018,0.75
S11,43,0.510909509121471,0.3628443592673641,0.018,0.75
S11,44,0.8908655504801404,0.3191764955628412,0.018,0.75
S11,45,0.5287507949268259,0.7386891931959593,0.018,0.75
S11,46,0.2726853302094303,0.2950270251321794,0.018,0.75
S11,47,0.42813739170029197,0.5811070231319762,0.018,0.75
S11,48,0.08150151635340609,0.02,0.018,0.75
S11,49,0.5119903514476408,0.02,0.018,0.75
S11,50,0.6736627079276545,0.02,0.018,0.75
S11,51,0.7904098133859494,0.8952215623002425,0.018,0.75
S11,52,0.023948927657110687,0.2621561699232333,0.018,0.75
S11,53,0.13408178277883917,0.8332402992079327,0.018,0.75
S11,54,0.09223446700989157,0.14458594312436984,0.018,0.75
S11,55,0.3300009789511209,0.02,0.018,0.75
S11,56,0.98,0.02,0.018,0.75
S11,57,0.5132094703101382,0.7324323667819915,0.018,0.75
S11,58,0.02,0.26982903641858924,0.018,0.75
S11,59,0.39159221450331905,0.98,0.018,0.75
S11,60,0.02,0.13559253540534957,0.018,0.75
S11,61,0.7543293013637333,0.02,0.018,0.75
S11,62,0.98,0.3583223374443277,0.018,0.75
S11,63,0.4154190452950005,0.31873675721314637,0.018,0.75
S11,64,0.02,0.02,0.018,0.75
S11,65,0.4307310748908735,0.7695271758856551,0.018,0.75
S11,66,0.02,0.23665898129160884,0.018,0.75
S11,67,0.3092198764578339,0.02,0.018,0.75
S11,68,0.9721646357807584,0.20116781874528902,0.018,0.75
S11,69,0.5827755915433459,0.7763436615570434,0.018,0.75
S11,70,0.08380672243688053,0.23253868652783224,0.018,0.75
S11,71,0.48696942781676394,0.968742235459976,0.018,0.75
S11,72,0.03229571188210791,0.02,0.018,0.75
S11,73,0.6534435154468989,0.02,0.018,0.75
S11,74,0.8185400722730121,0.02,0.018,0.75
S11,75,0.6718874828936106,0.6979065063417494,0.018,0.75
S11,76,0.02,0.31294286157989304,0.018,0.75
S11,77,0.30788924903938963,0.9292048887109635,0.018,0.75
S11,78,0.12417671699064048,0.02,0.018,0.75
S11,79,0.4804456262175056,0.36563993787164584,0.018,0.75
S11,80,0.9478947977806806,0.09431575542099516,0.018,0.75
S12,0,0.4213637510522143,0.435843264922141,0.018,0.75
S12,1,0.5651095767042558,0.5302774342614127,0.018,0.75
S12,2,0.6886686459244178,0.2865571825427027,0.018,0.75
S12,3,0.437654541953797,0.49353784362263864,0.018,0.75
S12,4,0.5382846892807697,0.664642992735234,0.018,0.75
S12,5,0.7316154027630584,0.266158759589001,0.018,0.75
S12,6,0.36754094497400436,0.5378764249703634,0.018,0.75
S12,7,0.5251482286103306,0.5846085414218413,0.018,0.75
S12,8,0.7652605511868474,0.3429335082990433,0.018,0.75
S12,9,0.3396555655823161,0.3959780260653445,0.018,0.75
S12,10,0.49150448960362114,0.672008561143842,0.018,0.75
S12,11,0.6470732721857845,0.194453038997701,0.018,0.75
S12,12,0.48102530664359466,0.49083736590250926,0.018,0.75
S12,13,0.5791737144820935,0.545390348946342,0.018,0.75
S12,14,0.6607727744536158,0.29325267827123036,0.018,0.75
S12,15,0.413194352905626,0.49594693196819456,0.018,0.75
S12,16,0.5978624332556111,0.5660495918984657,0.018,0.75
S12,17,0.7851337032628554,0.23095051931462923,0.018,0.75
S12,18,0.40612080166567643,0.47709250916021234,0.018,0.75
S12,19,0.5092342350776542,0.6214771284607068,0.018,0.75
S12,20,0.7782009036297061,0.19994736508851313,0.018,0.75
S12,21,0.33526086554779994,0.4795737800315114,0.018,0.75
S12,22,0.5234730538119808,0.6222847191163937,0.018,0.75
S12,23,0.7302701861993343,0.2888151930588015,0.018,0.75
S12,24,0.4301777889604066,0.4814438595817605,0.018,0.75
S12,25,0.5635573662768519,0.6585149237401587,0.018,0.75
S12,26,0.6273723921071785,0.2862780032235408,0.018,0.75
S12,27,0.35063409923009164,0.4074874177055638,0.018,0.75
S12,28,0.5028230559393513,0.5744400894539401,0.018,0.75
S12,29,0.7413111818637923,0.2967762123529078,0.018,0.75
S12,30,0.3361779105932789,0.4725461535899097,0.018,0.75
S12,31,0.4424584432796763,0.5492914381003435,0.018,0.75
S12,32,0.693506235031906,0.2786856703061905,0.018,0.75
S12,33,0.2825099170608706,0.451965189445926,0.018,0.75
S12,34,0.5395059581378266,0.5922244661945895,0.018,0.75
S12,35,0.6631304919428305,0.16283139869303895,0.018,0.75
S12,36,0.3787515335609875,0.5070098713412664,0.018,0.75
S12,37,0.5603324104556651,0.5690018756687412,0.018,0.75
S12,38,0.7351202907645238,0.23567813793062176,0.018,0.75
S12,39,0.44485688981875077,0.38902653009335014,0.018,0.75
S12,40,0.5330405295422446,0.5285837862870953,0.018,0.75
S12,41,0.6826841326340807,0.21358688709403467,0.018,0.75
S12,42,0.33259155490931536,0.4550832419414695,0.018,0.75
S12,43,0.43290056105454117,0.5904209328212825,0.018,0.75
S12,44,0.7248946519617059,0.2277618464477062,0.018,0.75
S12,45,0.3304078742261859,0.40173756704786806,0.018,0.75
S12,46,0.5423890991590873,0.6470678194394828,0.018,0.75
S12,47,0.6824429393617367,0.2787267877998547,0.018,0.75
S12,48,0.39276513284527703,0.35231082036222067,0.018,0.75
S12,49,0.5363426602107075,0.5534567216679076,0.018,0.75
S12,50,0.5778030210072179,0.2259783868286507,0.018,0.75
S12,51,0.3224219165890948,0.4054419869543235,0.018,0.75
S12,52,0.4739946980890527,0.5737301849811678,0.018,0.75
S12,53,0.7307481514304599,0.23401326939105016,0.018,0.75
S12,54,0.4349609335725045,0.3962719874272037,0.018,0.75
S12,55,0.5539776866492112,0.5976100198445942,0.018,0.75
S12,56,0.6563462091901415,0.3182341699411374,0.018,0.75
S12,57,0.23844606114978448,0.5022327351352758,0.018,0.75
S12,58,0.5799888291000003,0.5821371310497608,0.018,0.75
S12,59,0.6492206619039149,0.2545576782977956,0.018,0.75
S12,60,0.39539535154225597,0.4330409745105652,0.018,0.75
S12,61,0.5223175479038019,0.5972642912854255,0.018,0.75
S12,62,0.6945764773636782,0.2925933969179727,0.018,0.75
S12,63,0.3447667042639906,0.4693400501036052,0.018,0.75
S12,64,0.5687821743118641,0.5462427980402046,0.018,0.75
S12,65,0.7341158657078425,0.15082134416262225,0.018,0.75
S12,66,0.4098336964041228,0.3801519735776819,0.018,0.75
S12,67,0.47804677486521135,0.5398617655363832,0.018,0.75
S12,68,0.6383522835916076,0.18985703499927367,0.018,0.75
S12,69,0.2685591446447637,0.5519744836428858,0.018,0.75
S12,70,0.5577537114974932,0.5231884177693863,0.018,0.75
S12,71,0.7123807360212984,0.24350909743573668,0.018,0.75
S12,72,0.3598467208415502,0.48986441018227617,0.018,0.75
S12,73,0.45886155502273934,0.5213271675670864,0.018,0.75
S12,74,0.6566618913464817,0.2494014560163928,0.018,0.75
S12,75,0.40394502442466046,0.4804574617771171,0.018,0.75
S12,76,0.5445671268334467,0.525746071025321,0.018,0.75
S12,77,0.6143471478116509,0.3024999563431427,0.018,0.75
S12,78,0.34495969017603856,0.5125552493662661,0.018,0.75
S12,79,0.5304178121093703,0.4589756663896836,0.018,0.75
S12,80,0.6882639558310532,0.16333765721639887,0.018,0.75
S12,81,0.3942669487893681,0.32402824217502074,0.018,0.75
S12,82,0.6292391552318437,0.5298917980199108,0.018,0.75
S12,83,0.7114355210374529,0.28919814847391945,0.018,0.75
S12,84,0.4505149672866585,0.4445233850970616,0.018,0.75
S12,85,0.551140835448687,0.6782339668545267,0.018,0.75
S12,86,0.6540294329872105,0.2813755748323996,0.018,0.75
S12,87,0.37442023012790704,0.3639691113253372,0.018,0.75
S12,88,0.5333330590322359,0.5752612700236012,0.018,0.75
S12,89,0.6754843751810594,0.26257372382907124,0.018,0.75
S12,90,0.3886867889157336,0.5806507869187095,0.018,0.75
S12,91,0.5065577450013331,0.5608309309070479,0.018,0.75
S12,92,0.6653815182311015,0.29237151053864807,0.018,0.75
S12,93,0.3728271865494267,0.4229155553123793,0.018,0.75
S12,94,0.46115555072709485,0.5757015576029991,0.018,0.75
S12,95,0.7836058707166198,0.34773795850526223,0.018,0.75
S12,96,0.3685411988032733,0.43155376998048783,0.018,0.75
S12,97,0.4557325605828725,0.5929903606073565,0.018,0.75
S12,98,0.7069818446873951,0.25538821770658426,0.018,0.75
S12,99,0.3376894548663514,0.3391468369398194,0.018,0.75
S12,100,0.5482873267150583,0.5927878593200618,0.018,0.75
S12,101,0.608076776467083,0.26848486126845567,0.018,0.75
S12,102,0.3714639769945719,0.5680554829754847,0.018,0.75
S12,103,0.5393441257316961,0.5721877962589234,0.018,0.75
S12,104,0.5934605353623089,0.203185599910928,0.018,0.75
S12,105,0.4400337862150973,0.4873249487563565,0.018,0.75
S12,106,0.5321134872866764,0.6253511285403393,0.018,0.75
S12,107,0.7015610496575229,0.2040179933664943,0.018,0.75
S12,108,0.5178493361609446,0.38788844227881725,0.018,0.75
S12,109,0.5020256140980234,0.6214879208313472,0.018,0.75
S13,0,0.4068169085389598,0.46542694803647516,0.018,0.75
S13,1,0.6046698016566959,0.6711405026870023,0.018,0.75
S13,2,0.7216853038777616,0.14549213386669052,0.018,0.75
S13,3,0.45666445035397907,0.5905830736907167,0.018,0.75
S13,4,0.4996856766832742,0.5363887706364471,0.018,0.75
S13,5,0.6278045997251653,0.178023675157311,0.018,0.75
S13,6,0.3367166778091642,0.39803662110997395,0.018,0.75
S13,7,0.5104836987125975,0.5878315848394311,0.018,0.75
S13,8,0.7112941152241405,0.2084010474345862,0.018,0.75
S13,9,0.3775201775338551,0.4350937892750382,0.018,0.75
S13,10,0.5022420020013492,0.5831568321256841,0.018,0.75
S13,11,0.6894644587282065,0.31707341302104475,0.018,0.75
S13,12,0.45477727018864933,0.43867875615093466,0.018,0.75
S13,13,0.6736320724528142,0.5587904071691294,0.018,0.75
S13,14,0.6235771993149251,0.25196095938364055,0.018,0.75
S13,15,0.42607582497000557,0.5396058709935921,0.018,0.75
S13,16,0.5945713332879652,0.6367802136075849,0.018,0.75
S13,17,0.7878710445673034,0.3282853260451754,0.018,0.75
S13,18,0.3643501004629107,0.4500089051688383,0.018,0.75
S13,19,0.565123690141562,0.5716066746752707,0.018,0.75
S13,20,0.6888231550447819,0.18767305209481966,0.018,0.75
S13,21,0.4816896916211319,0.4233874861157929,0.018,0.75
S13,22,0.5243644819289144,0.5824151350072743,0.018,0.75
S13,23,0.6496495801678661,0.2770425900974451,0.018,0.75
S13,24,0.3938354654325531,0.4911055292936566,0.018,0.75
S13,25,0.5044134970950745,0.5275370519613694,0.018,0.75
S13,26,0.8233640641906601,0.25296579974610595,0.018,0.75
S13,27,0.4005139063234528,0.529949719719542,0.018,0.75
S14,0,0.98,0.2603377491419866,0.018,0.75
S14,1,0.7896159575358354,0.8170014356195847,0.018,0.75
S14,2,0.05068584043444995,0.2924204495739896,0.018,0.75
S14,3,0.98,0.6525021929455028,0.018,0.75
S14,4,0.09728361551808029,0.5744942728716981,0.018,0.75
S14,5,0.4512414315076271,0.7702192071486983,0.018,0.75
S14,6,0.6889550716647834,0.3069234506707029,0.018,0.75
S14,7,0.7608029523316469,0.98,0.018,0.75
S14,8,0.08449440190801377,0.13746018104163238,0.018,0.75
S14,9,0.6424005338087913,0.02,0.018,0.75
S14,10,0.31264011818943294,0.25377065911020014,0.018,0.75
S14,11,0.5242972736844554,0.5347397972124928,0.018,0.75
S14,12,0.8494679744378845,0.16245168857389566,0.018,0.75
S14,13,0.8976689952074832,0.98,0.018,0.75
S14,14,0.028323607008283236,0.49226746011294714,0.018,0.75
S14,15,0.8033098865382223,0.34940408509904114,0.018,0.75
S14,16,0.2832076853595821,0.18920493140751407,0.018,0.75
S14,17,0.41123350533298597,0.9084211455232554,0.018,0.75
S14,18,0.8033811461999669,0.18764428179053078,0.018,0.75
S14,19,0.5278479102248897,0.8896875170211141,0.018,0.75
S14,20,0.02,0.46977188662842373,0.018,0.75
S14,21,0.8675161231292551,0.4031543600353701,0.018,0.75
S14,22,0.2883583265809155,0.20705966404705484,0.018,0.75
S14,23,0.660565508522152,0.939055608074044,0.018,0.75
S14,24,0.9335453824918214,0.442837916692003,0.018,0.75
S14,25,0.4081158363780368,0.98,0.018,0.75
S14,26,0.02,0.44393346504588477,0.018,0.75
S14,27,0.98,0.40723496759607586,0.018,0.75
S14,28,0.6364888294149208,0.6464924226192935,0.018,0.75
S14,29,0.6403047180094097,0.6911287961758822,0.018,0.75
S14,30,0.9680159449292829,0.2242314617553811,0.018,0.75
S14,31,0.98,0.98,0.018,0.75
S14,32,0.105308825839413,0.5658391724726378,0.018,0.75
S14,33,0.916886342487302,0.49362533688823096,0.018,0.75
S14,34,0.55090885683084,0.16856241601294583,0.018,0.75
S14,35,0.25740263166359983,0.6672154048589914,0.018,0.75
S14,36,0.98,0.21571627228213908,0.018,0.75
S14,37,0.6512926668340355,0.4832855424927599,0.018,0.75
S14,38,0.4453276464424297,0.42577912415475383,0.018,0.75
S14,39,0.600717743782115,0.1619372739867822,0.018,0.75
S14,40,0.14884526194698797,0.36963936412718573,0.018,0.75
S14,41,0.513921982254677,0.35036156519491196,0.018,0.75
S14,42,0.98,0.02,0.018,0.75
S14,43,0.5356501275641159,0.9692034016422157,0.018,0.75
S14,44,0.07040671355976205,0.38705147895675207,0.018,0.75
S14,45,0.7169886709603013,0.315340195841264,0.018,0.75
S14,46,0.20032284979265863,0.2980418908824714,0.018,0.75
S14,47,0.3364346650951996,0.4244387922423722,0.018,0.75
S14,48,0.8889490817333556,0.26661804733572686,0.018,0.75
S14,49,0.6012784949947663,0.98,0.018,0.75
S14,50,0.12678812577678028,0.549929379549924,0.018,0.75
S14,51,0.6088560510128904,0.5655377468488657,0.018,0.75
S15,0,0.4174944699502289,0.5134109943008294,0.018,0.75
S15,1,0.5170502573885432,0.6377855063827306,0.018,0.75
S15,2,0.776130767360293,0.2141599795196506,0.018,0.75
S15,3,0.37626820653458537,0.43013151303057134,0.018,0.75
S15,4,0.5457500894875119,0.5760679809296876,0.018,0.75
S15,5,0.6876011508508035,0.21284244124847704,0.018,0.75
S15,6,0.2983097811704704,0.45487292779089256,0.018,0.75
S15,7,0.5956506692161876,0.6210852336100563,0.018,0.75
S15,8,0.6422376585350322,0.19368131660461874,0.018,0.75
S15,9,0.3624417951666971,0.4998006336834852,0.018,0.75
S15,10,0.5986495059658938,0.46872656028848836,0.018,0.75
S15,11,0.7082274710782759,0.30188298785679735,0.018,0.75
S15,12,0.3771680758173965,0.502828987426187,0.018,0.75
S15,13,0.5732140962622989,0.5536883410554987,0.018,0.75
S15,14,0.7108823166518559,0.11941385599254398,0.018,0.75
S15,15,0.478295912786125,0.4091173419475921,0.018,0.75
S15,16,0.6094009479480496,0.5790919480290347,0.018,0.75
S15,17,0.6677666390710644,0.3184772120083508,0.018,0.75
S15,18,0.39674572750029474,0.44200886511095333,0.018,0.75
S15,19,0.5202359987868466,0.5545080559138094,0.018,0.75
S15,20,0.727607795022176,0.2917327923795712,0.018,0.75
S15,21,0.41376377361959993,0.5514907119939161,0.018,0.75
S15,22,0.6311791971415508,0.6521474186900217,0.018,0.75
S15,23,0.724367797050195,0.3620740556600671,0.018,0.75
S15,24,0.34192172226944983,0.3962113264894243,0.018,0.75
S15,25,0.544298319480658,0.6334331694256299,0.018,0.75
S15,26,0.7094451030301566,0.2183479665271501,0.018,0.75
S15,27,0.3697174839890293,0.37928913366401595,0.018,0.75
S15,28,0.5232248842623695,0.6473095489548549,0.018,0.75
S15,29,0.809642893045087,0.2030816620320179,0.018,0.75
S15,30,0.355727585335625,0.3919717570436505,0.018,0.75
S15,31,0.598938492846708,0.5294875394561032,0.018,0.75
S15,32,0.6692718850816546,0.2637503849136995,0.018,0.75
S15,33,0.3159370964945845,0.3580629286801113,0.018,0.75
S15,34,0.5692036848062009,0.5562758911963042,0.018,0.75
S15,35,0.7433969677017592,0.3274621886702237,0.018,0.75
S15,36,0.41099912638625274,0.4571551201387978,0.018,0.75
S15,37,0.4978245599335814,0.5328907999724856,0.018,0.75
S15,38,0.7405964536502475,0.2724533784584548,0.018,0.75
S15,39,0.3618072769509251,0.4471860903187112,0.018,0.75
S15,40,0.5435824158834871,0.6030933582794336,0.018,0.75
S15,41,0.7924241165669743,0.2579697281712198,0.018,0.75
S15,42,0.3165166442700095,0.4629388615904885,0.018,0.75
S15,43,0.4967188586846082,0.5477947995202594,0.018,0.75
S15,44,0.6742511469512209,0.23348096133823634,0.018,0.75
S15,45,0.39363664033261625,0.4351646826032034,0.018,0.75
S15,46,0.6747708664910919,0.5991102104842302,0.018,0.75
S15,47,0.7528835431129265,0.18881955822249522,0.018,0.75
S15,48,0.36449327524791547,0.42637879417415325,0.018,0.75
S15,49,0.5150121976034909,0.6394780439981591,0.018,0.75
S15,50,0.6543893396195669,0.1600948314148477,0.018,0.75
S15,51,0.30709682839467056,0.4973068538776492,0.018,0.75
S15,52,0.6171990263766487,0.5349771430977424,0.018,0.75
S15,53,0.7330729659613973,0.21590025143828936,0.018,0.75
S15,54,0.37050812555554097,0.43166909413935795,0.018,0.75
S15,55,0.5198485213750851,0.5740140473841379,0.018,0.75
S15,56,0.7093386386945355,0.2599026656828226,0.018,0.75
S15,57,0.3637143592601866,0.3948068386745762,0.018,0.75
S15,58,0.5423434591824069,0.5408422435228881,0.018,0.75
S15,59,0.6812200285874426,0.3165847095840674,0.018,0.75
S15,60,0.34498060536335196,0.5105239783814379,0.018,0.75
S15,61,0.621651690704047,0.5856455694213644,0.018,0.75
S15,62,0.7067965253461025,0.2145775849935961,0.018,0.75
S15,63,0.39486573507664535,0.4578859505101277,0.018,0.75
S15,64,0.5771062643827836,0.5526123454246978,0.018,0.75
S15,65,0.7192708094449735,0.22574513399601462,0.018,0.75
S15,66,0.2543315194632563,0.3505767138474402,0.018,0.75
S15,67,0.5995308274464444,0.6388848765754076,0.018,0.75
S15,68,0.7040817560028048,0.21458131963830188,0.018,0.75
S15,69,0.29686071383898316,0.41701812844514424,0.018,0.75
S15,70,0.5815600582773696,0.5297671653047087,0.018,0.75
S15,71,0.7379167937475217,0.1596029787596524,0.018,0.75
S15,72,0.4004198563102404,0.5623512382435627,0.018,0.75
S15,73,0.5150627064195767,0.6184261278060953,0.018,0.75
S15,74,0.5923108483021162,0.2512805511028221,0.018,0.75
S15,75,0.34923050043341003,0.4550677290831551,0.018,0.75
S15,76,0.5191718739171246,0.6515516420529238,0.018,0.75
S15,77,0.696566386748132,0.2731046912258752,0.018,0.75
S15,78,0.4549445460746909,0.552377758059188,0.018,0.75
S15,79,0.4479244140477677,0.5752905769271917,0.018,0.75
S15,80,0.7202378376134171,0.20814701129350371,0.018,0.75
S16,0,0.3851340276188793,0.5365237889435007,0.018,0.75
S16,1,0.5820177327372397,0.659992498516749,0.018,0.75
S16,2,0.622239230427601,0.33387899273831123,0.018,0.75
S16,3,0.3697081400407991,0.4763411087097438,0.018,0.75
S16,4,0.5372073770531962,0.529934010978027,0.018,0.75
S16,5,0.6695030732076346,0.1795000355363886,0.018,0.75
S16,6,0.46929507055951153,0.47662229532324274,0.018,0.75
S16,7,0.6615004545956612,0.697477841369356,0.018,0.75
S16,8,0.5812389091828732,0.25121595281859266,0.018,0.75
S16,9,0.3328331433402886,0.42379535877861235,0.018,0.75
S16,10,0.4510473803741619,0.6465650024858695,0.018,0.75
S16,11,0.6895754881033975,0.20531029618380167,0.018,0.75
S16,12,0.37014193623369074,0.41874372639707086,0.018,0.75
S16,13,0.561114124188988,0.5224571422974166,0.018,0.75
S16,14,0.677473244331937,0.25565614480952936,0.018,0.75
S16,15,0.305525539449503,0.47681192965226576,0.018,0.75
S16,16,0.538334494807978,0.5800966841366912,0.018,0.75
S16,17,0.789551384339773,0.19417883943409261,0.018,0.75
S16,18,0.40900585932031525,0.320968909851026,0.018,0.75
S16,19,0.5915957129105274,0.5195789846505027,0.018,0.75
S16,20,0.7297132551608312,0.16724183999301545,0.018,0.75
S16,21,0.42828560187487774,0.4498696233547203,0.018,0.75
S16,22,0.49989134937097973,0.5992700723636076,0.018,0.75
S16,23,0.6507707124751816,0.26727650563588,0.018,0.75
S16,24,0.4039051163333436,0.4070147549882736,0.018,0.75
S16,25,0.5416138443411967,0.5704994967736334,0.018,0.75
S16,26,0.7441306346553436,0.2754805495248029,0.018,0.75
S16,27,0.333292980982381,0.4242098367717475,0.018,0.75
S16,28,0.544524599946462,0.5099400011652485,0.018,0.75
S16,29,0.6958201071313761,0.22340297905810158,0.018,0.75
S16,30,0.5312362689708141,0.5385290848182204,0.018,0.75
S16,31,0.5320020123996023,0.521097463231275,0.018,0.75
S16,32,0.6796329021976323,0.23727130836716562,0.018,0.75
S16,33,0.36671032556389765,0.47093952126287764,0.018,0.75
S16,34,0.5612457404157608,0.5910204641296369,0.018,0.75
S16,35,0.7143021670238856,0.22779684809474526,0.018,0.75
S16,36,0.32856202547770574,0.438915839053936,0.018,0.75
S16,37,0.5424622542216937,0.525148197339027,0.018,0.75
S16,38,0.8388071278488289,0.2927414527363436,0.018,0.75
S16,39,0.2698092706579682,0.502261595968183,0.018,0.75
S16,40,0.5830353326834989,0.679551846456196,0.018,0.75
S16,41,0.691250268424443,0.2705238672659902,0.018,0.75
S16,42,0.4036032744668487,0.5055771184967404,0.018,0.75
S16,43,0.5697581628488436,0.6099787059443453,0.018,0.75
S16,44,0.7310966754680853,0.22229549168090112,0.018,0.75
S16,45,0.3494198423149288,0.5045437027649867,0.018,0.75
S16,46,0.39167658216019674,0.5623214143832104,0.018,0.75
S16,47,0.6570924681523641,0.2638119761125732,0.018,0.75
S16,48,0.3702600771858399,0.4517662141161934,0.018,0.75
S16,49,0.41388507955427645,0.5337458874910088,0.018,0.75
S16,50,0.7120476366370728,0.2759766574459724,0.018,0.75
S16,51,0.3353208618186972,0.4318160147535579,0.018,0.75
S16,52,0.5143674667912961,0.5910206748689066,0.018,0.75
S16,53,0.6597564009097652,0.2523721787387633,0.018,0.75
S16,54,0.4237188017220133,0.5096610555484772,0.018,0.75
S16,55,0.5700020099623919,0.5710698293706605,0.018,0.75
S16,56,0.6940500429194599,0.29438966054514487,0.018,0.75
S16,57,0.44108058063409616,0.431647465698007,0.018,0.75
S16,58,0.5054934873334543,0.6291660854818812,0.018,0.75
S16,59,0.7345281729663832,0.223570170480012,0.018,0.75
S16,60,0.30169787488665006,0.45136058265965706,0.018,0.75
S16,61,0.4842267667302004,0.5865776440354986,0.018,0.75
S16,62,0.6672115970866077,0.2950546181825303,0.018,0.75
S16,63,0.3888259043327335,0.42471574548388447,0.018,0.75
S16,64,0.5664027228310246,0.5847882723015015,0.018,0.75
S16,65,0.6630260864431872,0.34411218086681916,0.018,0.75
S16,66,0.32367181792652266,0.4652477662122705,0.018,0.75
S16,67,0.5092384627802937,0.5016476965748695,0.018,0.75
S16,68,0.6347227082984734,0.285174349160299,0.018,0.75
S16,69,0.41764029727463126,0.48388494835873547,0.018,0.75
S16,70,0.502528947142568,0.5885481367559044,0.018,0.75
S16,71,0.6633773477841005,0.08965938331862908,0.018,0.75
S16,72,0.35364861737751285,0.4598963733140062,0.018,0.75
S16,73,0.5945790882953327,0.47191677534007775,0.018,0.75
S16,74,0.716539359386038,0.3043133396659289,0.018,0.75
S16,75,0.3702480677550089,0.3889648901632403,0.018,0.75
S16,76,0.5199360566261354,0.6347049866614035,0.018,0.75
S16,77,0.6706272594853147,0.19969653727996517,0.018,0.75
S16,78,0.39345220323890145,0.4759152338843933,0.018,0.75
S16,79,0.5373482600724174,0.6111830151860527,0.018,0.75
S16,80,0.7592156252120287,0.27508177133147105,0.018,0.75
S16,81,0.36825694509205903,0.4136559743576877,0.018,0.75
S16,82,0.6016158788823303,0.5262989621727954,0.018,0.75
S16,83,0.7302420087351995,0.24077909764544433,0.018,0.75
S16,84,0.34475144893099413,0.40926601239509053,0.018,0.75
S16,85,0.4936486880980144,0.5962943869750335,0.018,0.75
S16,86,0.6412568682813033,0.2597312527099195,0.018,0.75
S16,87,0.45545770670603575,0.4277202058505083,0.018,0.75
S16,88,0.577505538101062,0.5533031854895696,0.018,0.75
S16,89,0.698069360684378,0.2834094111667496,0.018,0.75
S16,90,0.3637443310262161,0.45252685960383837,0.018,0.75
S16,91,0.42587976578301917,0.43865280511673904,0.018,0.75
S16,92,0.7379189194469423,0.29373603462411174,0.018,0.75
S16,93,0.3639273872150728,0.5594022214575168,0.018,0.75
S16,94,0.5666319159395794,0.6262898589622148,0.018,0.75
S16,95,0.6820592523959654,0.25051814148103013,0.018,0.75
S16,96,0.395294063895512,0.49912780326747647,0.018,0.75
S16,97,0.48390399035525494,0.5792680756993089,0.018,0.75
S16,98,0.7083320076833869,0.2449062836546601,0.018,0.75
S16,99,0.45741155490900354,0.45642652112605375,0.018,0.75
S16,100,0.6625667145049468,0.642697874890287,0.018,0.75
S16,101,0.7848621463661535,0.3573643015289221,0.018,0.75
S16,102,0.38628845638686116,0.4516891436889767,0.018,0.75
S16,103,0.5486029154362497,0.5385044337052434,0.018,0.75
S16,104,0.7695346476344935,0.26197992456378427,0.018,0.75
S16,105,0.3155172225441949,0.4357963877946034,0.018,0.75
S16,106,0.5274255444984413,0.5991946167961076,0.018,0.75
S16,107,0.7429229075309897,0.2802023934296055,0.018,0.75
S16,108,0.5081761568371,0.4145930793974484,0.018,0.75
S16,109,0.5805848576309703,0.4978535784530509,0.018,0.75
S17,0,0.8401475224701975,0.02331182671276269,0.018,0.75
S17,1,0.02,0.8242157895467601,0.018,0.75
S17,2,0.8909859558437753,0.10679505123318511,0.018,0.75
S17,3,0.8800000441345119,0.6857689785473625,0.018,0.75
S17,4,0.4195159584432298,0.6799153774181441,0.018,0.75
S17,5,0.5003875228918528,0.3834554180202816,0.018,0.75
S17,6,0.37621971931410775,0.21287639121671126,0.018,0.75
S17,7,0.32250271504652245,0.8614862980963636,0.018,0.75
S17,8,0.386876373652907,0.29498491814361416,0.018,0.75
S17,9,0.6448219169708316,0.6430225098207966,0.018,0.75
S17,10,0.04779346355176772,0.7995819297163194,0.018,0.75
S17,11,0.5184346944297147,0.9079159038437697,0.018,0.75
S17,12,0.7331829835458736,0.2549422857478135,0.018,0.75
S17,13,0.42353993942284573,0.7282898619106027,0.018,0.75
S17,14,0.7667605808706909,0.02,0.018,0.75
S17,15,0.7252476694360055,0.8211322025195443,0.018,0.75
S17,16,0.02,0.6133282232888061,0.018,0.75
S17,17,0.2580640689203409,0.98,0.018,0.75
S17,18,0.02,0.10507028348668593,0.018,0.75
S17,19,0.28821570573923716,0.5026815687275894,0.018,0.75
S17,20,0.8823989916286815,0.2503760484100541,0.018,0.75
S17,21,0.7717596124089993,0.6547773408546802,0.018,0.75
S17,22,0.02,0.7357573990161927,0.018,0.75
S17,23,0.020017549211036406,0.6739193631387952,0.018,0.75
S17,24,0.42382125788479125,0.02,0.018,0.75
S17,25,0.3147553821178212,0.6276884080326378,0.018,0.75
S17,26,0.6849323083033491,0.02,0.018,0.75
S17,27,0.751953728759083,0.5794527401275583,0.018,0.75
S18,0,0.33591727816634265,0.4789930695758192,0.018,0.75
S18,1,0.5573905005877565,0.5235241426350857,0.018,0.75
S18,2,0.6741571598188285,0.259922740151672,0.018,0.75
S18,3,0.3460632517633592,0.40341166998569206,0.018,0.75
S18,4,0.5479901613444512,0.5349396459348712,0.018,0.75
S18,5,0.7105404128199636,0.18969760463052684,0.018,0.75
S18,6,0.3724579934447285,0.4154427740377918,0.018,0.75
S18,7,0.5779468304361585,0.5056967546547344,0.018,0.75
S18,8,0.7355104469799683,0.16624501157195148,0.018,0.75
S18,9,0.3110406380465899,0.41018851736665335,0.018,0.75
S18,10,0.5749977354078215,0.5078913978350529,0.018,0.75
S18,11,0.782879126971998,0.22576223827499886,0.018,0.75
S18,12,0.4074585795436314,0.46701375772894377,0.018,0.75
S18,13,0.38476395324374635,0.5318562974434617,0.018,0.75
S18,14,0.6794037518462022,0.3131508087409496,0.018,0.75
S18,15,0.4548724969962655,0.4825562661600453,0.018,0.75
S18,16,0.5000284654158302,0.5770682718606008,0.018,0.75
S18,17,0.6418459012224067,0.29670210749013726,0.018,0.75
S18,18,0.34122906707830597,0.5012642571768597,0.018,0.75
S18,19,0.6930895413249384,0.5733431577351051,0.018,0.75
S18,20,0.6841277156223616,0.16722620631909568,0.018,0.75
S18,21,0.46690063659717745,0.46713986032607213,0.018,0.75
S18,22,0.5624093344641719,0.5636775151438388,0.018,0.75
S18,23,0.6207361287970441,0.25157851402543624,0.018,0.75
S18,24,0.3676932000499655,0.5369686907304572,0.018,0.75
S18,25,0.6033789869431897,0.522047579773981,0.018,0.75
S18,26,0.6915261737384197,0.20277295145358237,0.018,0.75
S18,27,0.34575402502308594,0.4865647653465615,0.018,0.75
S18,28,0.5375607618529011,0.6326751259116548,0.018,0.75
S18,29,0.6070602230345119,0.11501383492442438,0.018,0.75
S18,30,0.39864449129899826,0.4046102275063267,0.018,0.75
S18,31,0.5304595991671678,0.6873032165396161,0.018,0.75
S18,32,0.6748295824276318,0.26484243777441707,0.018,0.75
S18,33,0.34930397213090253,0.48410884351717287,0.018,0.75
S18,34,0.5170688662956074,0.5814958134587804,0.018,0.75
S18,35,0.6977735095736978,0.3146304092369123,0.018,0.75
S18,36,0.3012473002571999,0.5726750008897817,0.018,0.75
S18,37,0.5532734855212373,0.6192434324854253,0.018,0.75
S18,38,0.6284490688922755,0.23464944056214737,0.018,0.75
S18,39,0.3658752249810838,0.37898962022698957,0.018,0.75
S18,40,0.5209515053905333,0.5932152912765664,0.018,0.75
S18,41,0.7327528960872256,0.26788271403730074,0.018,0.75
S18,42,0.2745790466611167,0.33022554681568883,0.018,0.75
S18,43,0.5031040585773923,0.6032197488624058,0.018,0.75
S18,44,0.6374568162241265,0.2837810201734471,0.018,0.75
S18,45,0.2868735567985085,0.4355439066978323,0.018,0.75
S18,46,0.5622330010270635,0.48332921161322506,0.018,0.75
S18,47,0.7547207155691308,0.2910156701580986,0.018,0.75
S18,48,0.2524453336194744,0.3878619157041654,0.018,0.75
S18,49,0.5511884407574434,0.5440248663629613,0.018,0.75
S18,50,0.6775080607049603,0.34143463322044754,0.018,0.75
S18,51,0.2538881723825912,0.5253991708264857,0.018,0.75
S19,0,0.39846647521021045,0.46223713526584126,0.018,0.75
S19,1,0.6067200460115443,0.586863861684852,0.018,0.75
S19,2,0.7505766457366196,0.2810557983311539,0.018,0.75
S19,3,0.39683946916356494,0.48309573730153,0.018,0.75
S19,4,0.5103804439505849,0.5627831206475395,0.018,0.75
S19,5,0.7779294796528052,0.24228299441160653,0.018,0.75
S19,6,0.3307081865649871,0.4591237219724837,0.018,0.75
S19,7,0.6029667263236097,0.5651053014306333,0.018,0.75
S19,8,0.7152747226016324,0.26502540357338744,0.018,0.75
S19,9,0.2800593260330778,0.49927757410362705,0.018,0.75
S19,10,0.5641618638455499,0.49523143827228927,0.018,0.75
S19,11,0.7833959885812847,0.2616775149501682,0.018,0.75
S19,12,0.3612404583416539,0.5247313925737757,0.018,0.75
S19,13,0.5757284625657597,0.5422726409119963,0.018,0.75
S19,14,0.6401195740614858,0.33839389660481695,0.018,0.75
S19,15,0.35708933603395815,0.4991199828618692,0.018,0.75
S19,16,0.6127489606828345,0.6069394534890848,0.018,0.75
S19,17,0.600929260022823,0.2304576382543615,0.018,0.75
S19,18,0.44602338975075584,0.49388940492149364,0.018,0.75
S19,19,0.5698045194243152,0.6029426867339366,0.018,0.75
S19,20,0.6616379281872816,0.2770537290552749,0.018,0.75
S19,21,0.3412628087758477,0.38170834965145467,0.018,0.75
S19,22,0.5871645774869153,0.5957609889723757,0.018,0.75
S19,23,0.767267868675585,0.20488483196563656,0.018,0.75
S19,24,0.4243209062739783,0.4234024574885253,0.018,0.75
S19,25,0.4683848629209016,0.6232981367853738,0.018,0.75
S19,26,0.7469269200432838,0.22393904030875303,0.018,0.75
S19,27,0.3063034966458939,0.4344207980128023,0.018,0.75
S19,28,0.5775577971160357,0.6071626641348584,0.018,0.75
S19,29,0.6803651131627156,0.267091440373772,0.018,0.75
S19,30,0.3810949055618471,0.4534432411145057,0.018,0.75
S19,31,0.601581667743002,0.5635177249156216,0.018,0.75
S19,32,0.7103851809065294,0.2804083184033916,0.018,0.75
S19,33,0.35850790368214425,0.3907256373919176,0.018,0.75
S19,34,0.6195783922775824,0.594695815619697,0.018,0.75
S19,35,0.6309250789935192,0.27458704795515815,0.018,0.75
S19,36,0.5299464566414455,0.5472560823522494,0.018,0.75
S19,37,0.4939276318652509,0.5598812450494349,0.018,0.75
S19,38,0.7810953199643742,0.20911781613946406,0.018,0.75
S19,39,0.3296768228037813,0.5220726963089989,0.018,0.75
S19,40,0.5678887594632148,0.576424799744266,0.018,0.75
S19,41,0.6590015050958433,0.26490934087753265,0.018,0.75
S19,42,0.29104018065319276,0.4281819175343383,0.018,0.75
S19,43,0.5207133241592369,0.656928202465926,0.018,0.75
S19,44,0.6909192228129911,0.24776953500539106,0.018,0.75
S19,45,0.3323295550811612,0.4349437805437808,0.018,0.75
S19,46,0.6159215980637021,0.6470357774996411,0.018,0.75
S19,47,0.7349811677360367,0.32491736441578295,0.018,0.75
S19,48,0.48835568993173895,0.44066345401295637,0.018,0.75
S19,49,0.5663488878810696,0.6551229251000917,0.018,0.75
S19,50,0.6939375492584776,0.23335469087567995,0.018,0.75
S19,51,0.40819524572817223,0.396750731156833,0.018,0.75
S19,52,0.6327182843586676,0.5834970207818907,0.018,0.75
S19,53,0.6764041031173827,0.18112224230498294,0.018,0.75
S19,54,0.3589304309463481,0.4333211526752473,0.018,0.75
S19,55,0.567135292845907,0.5403245004306986,0.018,0.75
S19,56,0.730298608284939,0.2888357075934545,0.018,0.75
S19,57,0.451946021509021,0.48371837017999864,0.018,0.75
S19,58,0.6564419353926019,0.5523158913251637,0.018,0.75
S19,59,0.6619137798081077,0.29698719580850935,0.018,0.75
S19,60,0.3610602078828958,0.444936365260146,0.018,0.75
S19,61,0.6176151190756536,0.5272958541883763,0.018,0.75
S19,62,0.7246386866878094,0.3226878965468565,0.018,0.75
S19,63,0.2989809209085994,0.47881305346687436,0.018,0.75
S19,64,0.5774282253613434,0.639989379246092,0.018,0.75
S19,65,0.7039299365879458,0.2097146300497157,0.018,0.75
S19,66,0.34757006660276457,0.45447582455139696,0.018,0.75
S19,67,0.5518861233028195,0.5845265161973666,0.018,0.75
S19,68,0.7101100211825695,0.2792742279740767,0.018,0.75
S19,69,0.29669060947102216,0.4500062779537785,0.018,0.75
S19,70,0.49062099180781843,0.5042215308683654,0.018,0.75
S19,71,0.6640376606550775,0.2646699012922458,0.018,0.75
S19,72,0.3218568563786355,0.44778591219152797,0.018,0.75
S19,73,0.527401559190999,0.5294457757754759,0.018,0.75
S19,74,0.7036160902935793,0.2936585090202143,0.018,0.75
S19,75,0.33933683834235556,0.47067210462604303,0.018,0.75
S19,76,0.6029339074562623,0.6203966350197898,0.018,0.75
S19,77,0.619918076834531,0.3039625546684754,0.018,0.75
S19,78,0.37092307152519577,0.4458873118880572,0.018,0.75
S19,79,0.5970072965448601,0.6182652781507141,0.018,0.75
S19,80,0.6362538951446678,0.17019774622562112,0.018,0.75
S20,0,0.02,0.6064377484793497,0.018,0.75
S20,1,0.4906197775173975,0.07127843012407757,0.018,0.75
S20,2,0.1444719559584784,0.8620047826569717,0.018,0.75
S20,3,0.98,0.021596468314907136,0.018,0.75
S20,4,0.317169448752218,0.98,0.018,0.75
S20,5,0.02,0.6084697053632944,0.018,0.75
S20,6,0.02,0.6524647374162204,0.018,0.75
S20,7,0.24544319476238785,0.22279666739078335,0.018,0.75
S20,8,0.98,0.647657362937648,0.018,0.75
S20,9,0.98,0.3197113985999843,0.018,0.75
S20,10,0.17453961556404565,0.8933580334155772,0.018,0.75
S20,11,0.02,0.98,0.018,0.75
S20,12,0.362824290360498,0.5807588882954136,0.018,0.75
S20,13,0.5744933877167183,0.02,0.018,0.75
S20,14,0.8945713596216054,0.7704619363426326,0.018,0.75
S20,15,0.7298499627997254,0.293642722924442,0.018,0.75
S20,16,0.02,0.9512877144142736,0.018,0.75
S20,17,0.02,0.8224384945599185,0.018,0.75
S20,18,0.2604535241095494,0.6057697146307791,0.018,0.75
S20,19,0.8622032166038623,0.13410838357383703,0.018,0.75
S20,20,0.8267863264018138,0.3767605930314204,0.018,0.75
S20,21,0.7891171487415175,0.1537060230431268,0.018,0.75
S20,22,0.2427604001088319,0.7386409238052658,0.018,0.75
S20,23,0.5172262462574515,0.9614528704125757,0.018,0.75
S20,24,0.02,0.916596155704975,0.018,0.75
S20,25,0.10268256887772564,0.2155399618507524,0.018,0.75
S20,26,0.7760482179245194,0.5285388018050453,0.018,0.75
S20,27,0.9292871302403947,0.02,0.018,0.75
S20,28,0.11693437992790659,0.9658632576364709,0.018,0.75
S20,29,0.02,0.9378551877454444,0.018,0.75
S20,30,0.02,0.47044581718712725,0.018,0.75
S20,31,0.7239757117667773,0.4034305497303623,0.018,0.75
S20,32,0.8090493454596607,0.7874961995003767,0.018,0.75
S20,33,0.8054414717400524,0.27254443139227613,0.018,0.75
S20,34,0.1999356546892847,0.98,0.018,0.75
S20,35,0.197937388437043,0.98,0.018,0.75
S20,36,0.3410392100637972,0.647219933938024,0.018,0.75
S20,37,0.22998110939938463,0.21084275255197238,0.018,0.75
S20,38,0.7844140537311999,0.544887406194829,0.018,0.75
S20,39,0.6955331298814816,0.3478125947371198,0.018,0.75
S20,40,0.2942993793508126,0.7013566044520686,0.018,0.75
S20,41,0.05405019755567145,0.8864157086360945,0.018,0.75
S20,42,0.02,0.7341580101146019,0.018,0.75
S20,43,0.4237142091356396,0.02,0.018,0.75
S20,44,0.9213709787838075,0.5318204697196426,0.018,0.75
S20,45,0.9646052044780243,0.02,0.018,0.75
S20,46,0.19075239627426083,0.7484281781762251,0.018,0.75
S20,47,0.02,0.6557384496186656,0.018,0.75
S20,48,0.31449789867988054,0.6402744546328626,0.018,0.75
S20,49,0.38091555706095254,0.36487503902236507,0.018,0.75
S20,50,0.5484612436311085,0.6045916658312807,0.018,0.75
S20,51,0.8550245334039805,0.20027332684676116,0.018,0.75
S20,52,0.02,0.9293213406130775,0.018,0.75
S20,53,0.21857246823917786,0.98,0.018,0.75
S20,54,0.4499420955501975,0.471522439967235,0.018,0.75
S20,55,0.340485896601096,0.24502745662366496,0.018,0.75
S20,56,0.6903266088347052,0.6964980521175693,0.018,0.75
S20,57,0.9483223755295772,0.2819823396745208,0.018,0.75
S20,58,0.12284524539116806,0.98,0.018,0.75
S20,59,0.038916115953405536,0.883051484257298,0.018,0.75
S20,60,0.02,0.4961609773148554,0.018,0.75
S20,61,0.48910751023215054,0.21335122072840795,0.018,0.75
S20,62,0.8364832867161749,0.542961589613466,0.018,0.75
S20,63,0.98,0.18886319045970296,0.018,0.75
S20,64,0.3126488125963658,0.5473386657661581,0.018,0.75
S20,65,0.20659863443050577,0.836805756059228,0.018,0.75
S20,66,0.02,0.6862405787350331,0.018,0.75
S20,67,0.3589372582641028,0.14612815397347423,0.018,0.75
S20,68,0.6888147446482314,0.33131624098319445,0.018,0.75
S20,69,0.977774905400508,0.02,0.018,0.75
S20,70,0.23127843673731496,0.9769533521202476,0.018,0.75
S20,71,0.480262422078993,0.98,0.018,0.75
S20,72,0.27056451741972276,0.8979541806496878,0.018,0.75
S20,73,0.27567242940783965,0.2757480415471517,0.018,0.75
S20,74,0.98,0.5694555915924968,0.018,0.75
S20,75,0.7359431355109571,0.12968910689880853,0.018,0.75
S20,76,0.05037953522087592,0.7903097850049189,0.018,0.75
S20,77,0.033698492438841064,0.8923357499031965,0.018,0.75
S20,78,0.19716716126297473,0.46447196723753575,0.018,0.75
S20,79,0.8102361572716609,0.11443001162515533,0.018,0.75
S20,80,0.8237490055228308,0.7568963881786557,0.018,0.75
S20,81,0.842992824810365,0.4232765329866778,0.018,0.75
S20,82,0.24138868682923845,0.98,0.018,0.75
S20,83,0.06568973576487942,0.7886685023328066,0.018,0.75
S20,84,0.06336839528481347,0.7874444110106961,0.018,0.75
S20,85,0.4841636134145031,0.2380373889637859,0.018,0.75
S20,86,0.6922988579112129,0.752093541240036,0.018,0.75
S20,87,0.43133321492154775,0.5469215865283017,0.018,0.75
S20,88,0.3770912238852974,0.9446212822553773,0.018,0.75
S20,89,0.18931041527639725,0.98,0.018,0.75
S20,90,0.02,0.6455399899097463,0.018,0.75
S20,91,0.42391091104823864,0.10598831434248296,0.018,0.75
S20,92,0.3898169901215682,0.5220167151098725,0.018,0.75
S20,93,0.98,0.44423815673634504,0.018,0.75
S20,94,0.1298830750658725,0.5036376155090334,0.018,0.75
S20,95,0.02,0.98,0.018,0.75
S20,96,0.02,0.6673675008771525,0.018,0.75
S20,97,0.16793944448905862,0.25454389194161486,0.018,0.75
S20,98,0.7213467647187493,0.7556391645769873,0.018,0.75
S20,99,0.98,0.1814868280040015,0.018,0.75
S20,100,0.1157408930395748,0.5203745789352714,0.018,0.75
S20,101,0.10736537097928207,0.8638242364928167,0.018,0.75
S20,102,0.02,0.5696049591111945,0.018,0.75
S20,103,0.41776272962624117,0.0593258014370379,0.018,0.75
S20,104,0.5723208944797892,0.5523370410829022,0.018,0.75
S20,105,0.6234325768480427,0.20510004435037946,0.018,0.75
S20,106,0.23826523523751075,0.3569848880639245,0.018,0.75
S20,107,0.02,0.6619584615920877,0.018,0.75
S20,108,0.1604217704224445,0.43628062127154266,0.018,0.75
S20,109,0.26266224301805524,0.02,0.018,0.75
S21,0,0.33184990914423357,0.46654901336154614,0.018,0.75
S21,1,0.5665000389068109,0.5984560189314678,0.018,0.75
S21,2,0.7979578467761377,0.17371881795781974,0.018,0.75
S21,3,0.33661599419451754,0.5077114154038257,0.018,0.75
S21,4,0.5193456741627428,0.6324374977505334,0.018,0.75
S21,5,0.6680223886596085,0.22626490731846485,0.018,0.75
S21,6,0.3557314187447498,0.3218295573311656,0.018,0.75
S21,7,0.6478798555671484,0.628920224479978,0.018,0.75
S21,8,0.6515039011392553,0.15991263204977132,0.018,0.75
S21,9,0.3752576419709947,0.4930263958787789,0.018,0.75
S21,10,0.472869780439675,0.7267056772938627,0.018,0.75
S21,11,0.6507679005154628,0.23408450326144556,0.018,0.75
S21,12,0.3152698613994453,0.3641861732006891,0.018,0.75
S21,13,0.5124819174174636,0.55143396856165,0.018,0.75
S21,14,0.7214365067748171,0.19414303706000707,0.018,0.75
S21,15,0.3667461960790425,0.4482014900031651,0.018,0.75
S21,16,0.5815220730149764,0.5929274958698508,0.018,0.75
S21,17,0.6723514012542274,0.2808343085572983,0.018,0.75
S21,18,0.3903851123208542,0.39969682692883457,0.018,0.75
S21,19,0.4702986971487041,0.5478066805218302,0.018,0.75
S21,20,0.7004783742740436,0.16710849834221794,0.018,0.75
S21,21,0.2808152363288421,0.5055959962765815,0.018,0.75
S21,22,0.5595842621083127,0.6259852449042775,0.018,0.75
S21,23,0.707436847377054,0.318334291157676,0.018,0.75
S21,24,0.32869809356041735,0.46677575871846194,0.018,0.75
S21,25,0.5892026710717959,0.5875640741103562,0.018,0.75
S21,26,0.7130600135088789,0.22860594836016157,0.018,0.75
S21,27,0.44472478162238865,0.47316478866965467,0.018,0.75
S22,0,0.43520939100038275,0.45311917813629976,0.018,0.75
S22,1,0.4909212307568054,0.6102260761007179,0.018,0.75
S22,2,0.7660253542934947,0.18958296958528442,0.018,0.75
S22,3,0.3326419997825559,0.36407862847346206,0.018,0.75
S22,4,0.5786171901822119,0.5739076276177628,0.018,0.75
S22,5,0.558578805657412,0.20443416835976996,0.018,0.75
S22,6,0.3462544941607498,0.3821584397408113,0.018,0.75
S22,7,0.49643022473389486,0.541721294671816,0.018,0.75
S22,8,0.7145958855567649,0.17562708731030047,0.018,0.75
S22,9,0.3985453151105198,0.4335974119429865,0.018,0.75
S22,10,0.49137083755561617,0.5482478999430822,0.018,0.75
S22,11,0.6868929498220157,0.3112845830528697,0.018,0.75
S22,12,0.3678679918959676,0.44088672601038753,0.018,0.75
S22,13,0.6289141793423049,0.6324155766568436,0.018,0.75
S22,14,0.7600593835871844,0.25017768940084234,0.018,0.75
S22,15,0.39305373045059405,0.5466984837487003,0.018,0.75
S22,16,0.45473567887946886,0.6109604086927883,0.018,0.75
S22,17,0.6637480916865874,0.2188065045722884,0.018,0.75
S22,18,0.42398049564075146,0.41590385362828447,0.018,0.75
S22,19,0.6369307072679276,0.6628838219434469,0.018,0.75
S22,20,0.6120984936484868,0.22221031454106083,0.018,0.75
S22,21,0.387850001494406,0.3312848214704787,0.018,0.75
S22,22,0.5298240540880055,0.5488369012289467,0.018,0.75
S22,23,0.6530163458510999,0.2745023061886508,0.018,0.75
S22,24,0.34271572994631294,0.41322314918990305,0.018,0.75
S22,25,0.541989553746598,0.5151596917727903,0.018,0.75
S22,26,0.7381000169246984,0.224168919333073,0.018,0.75
S22,27,0.3893614055082672,0.4029245551125276,0.018,0.75
S22,28,0.48349589185854125,0.4926933245352144,0.018,0.75
S22,29,0.6944928604719993,0.1439675830611959,0.018,0.75
S22,30,0.4010395564968647,0.2995835174812609,0.018,0.75
S22,31,0.5478908422312974,0.48774538937739464,0.018,0.75
S22,32,0.627975020306953,0.2758103646853601,0.018,0.75
S22,33,0.38719653981729624,0.4775185296580178,0.018,0.75
S22,34,0.5203373423821152,0.6570990680399328,0.018,0.75
S22,35,0.6622579391434618,0.21953350040497152,0.018,0.75
S22,36,0.3311093850308544,0.3430409293108793,0.018,0.75
S22,37,0.47881997732031745,0.5798712295606756,0.018,0.75
S22,38,0.6660577402877345,0.28003429850627143,0.018,0.75
S22,39,0.3848982600167372,0.3156280687579177,0.018,0.75
S22,40,0.49744417954049025,0.6109578425121448,0.018,0.75
S22,41,0.7243642432726708,0.171235385127426,0.018,0.75
S22,42,0.3785723235291545,0.4160184657531447,0.018,0.75
S22,43,0.5407819604867785,0.6197653412779345,0.018,0.75
S22,44,0.6712608088558767,0.2355505541739641,0.018,0.75
S22,45,0.3839179025464815,0.4259904035473595,0.018,0.75
S22,46,0.5440228139858484,0.5519899404009331,0.018,0.75
S22,47,0.6770686308527362,0.2338593547577809,0.018,0.75
S22,48,0.48345331768455746,0.4259343600478098,0.018,0.75
S22,49,0.6267132090332092,0.5446297366650273,0.018,0.75
S22,50,0.6471955339206383,0.17102278888423572,0.018,0.75
S22,51,0.43762327779337334,0.5888931184991502,0.018,0.75
S23,0,0.11107089443698724,0.34484276871228914,0.018,0.75
S23,1,0.3511909525281843,0.02,0.018,0.75
S23,2,0.2982349822634197,0.02,0.018,0.75
S23,3,0.5017235842109014,0.98,0.018,0.75
S23,4,0.5883715154490621,0.6494663855988091,0.018,0.75
S23,5,0.736670971916326,0.98,0.018,0.75
S23,6,0.3503600471042371,0.15126037685699034,0.018,0.75
S23,7,0.5058017646556839,0.07583873138338919,0.018,0.75
S23,8,0.02,0.5524284137953531,0.018,0.75
S23,9,0.500894810952303,0.8887569357384411,0.018,0.75
S23,10,0.98,0.9093000782738955,0.018,0.75
S23,11,0.6172254348187395,0.98,0.018,0.75
S23,12,0.17367645523788494,0.42632118086839066,0.018,0.75
S23,13,0.3042697442546425,0.23487985492276237,0.018,0.75
S23,14,0.20323887819607594,0.02,0.018,0.75
S23,15,0.6951539561743597,0.7003730536445346,0.018,0.75
S23,16,0.98,0.6918838357525314,0.018,0.75
S23,17,0.98,0.98,0.018,0.75
S23,18,0.02,0.35302995806643334,0.018,0.75
S23,19,0.699003649727292,0.0839404214872915,0.018,0.75
S23,20,0.23951366059030058,0.10649427495362646,0.018,0.75
S23,21,0.4805473292934429,0.7265581649647088,0.018,0.75
S23,22,0.8855349071382298,0.7655356336229999,0.018,0.75
S23,23,0.98,0.6357830998631617,0.018,0.75
S23,24,0.02,0.4808594872297464,0.018,0.75
S23,25,0.1545019774965251,0.32614285056096404,0.018,0.75
S23,26,0.1498716211695139,0.15654275861315403,0.018,0.75
S23,27,0.6635909419753395,0.98,0.018,0.75
S23,28,0.5839225636642362,0.8331876914300284,0.018,0.75
S23,29,0.806508021454297,0.7935573723855976,0.018,0.75
S23,30,0.04497902653913517,0.6885962859624057,0.018,0.75
S23,31,0.4131385541085039,0.02,0.018,0.75
S23,32,0.4687016191925027,0.30600829171987176,0.018,0.75
S23,33,0.28517092506827796,0.8401302741750198,0.018,0.75
S23,34,0.6080952443850464,0.9448584266113691,0.018,0.75
S23,35,0.9271665100114981,0.9221195660633861,0.018,0.75
S23,36,0.02,0.19162687491129232,0.018,0.75
S23,37,0.25235433930171863,0.02,0.018,0.75
S23,38,0.3208306263630547,0.028715349765946425,0.018,0.75
S23,39,0.732349011852456,0.8780293593855146,0.018,0.75
S23,40,0.7235205947377312,0.98,0.018,0.75
S23,41,0.7395738739391904,0.98,0.018,0.75
S23,42,0.02,0.5174710346922946,0.018,0.75
S23,43,0.5611767621631134,0.08675178822476579,0.018,0.75
S23,44,0.02,0.02,0.018,0.75
S23,45,0.7126369385806068,0.98,0.018,0.75
S23,46,0.5647488443918228,0.7817229696883246,0.018,0.75
S23,47,0.9469985062389009,0.9368164061339688,0.018,0.75
S23,48,0.02,0.39593606444957796,0.018,0.75
S23,49,0.38569156199209187,0.2499321121534387,0.018,0.75
S23,50,0.02,0.3756149712397339,0.018,0.75
S23,51,0.44550697607598255,0.7902769340527064,0.018,0.75
S23,52,0.5805916470912363,0.98,0.018,0.75
S23,53,0.6707149212861218,0.9259908874477407,0.018,0.75
S23,54,0.18964263638110218,0.5805361370990804,0.018,0.75
S23,55,0.5602484912367137,0.3063346180350586,0.018,0.75
S23,56,0.02,0.02,0.018,0.75
S23,57,0.7380194326492069,0.7445743580815738,0.018,0.75
S23,58,0.5350778723805807,0.8500031997284958,0.018,0.75
S23,59,0.8933693770523761,0.98,0.018,0.75
S23,60,0.18543223961077981,0.625854604260835,0.018,0.75
S23,61,0.30723786539100684,0.2448116931933876,0.018,0.75
S23,62,0.02,0.40012461777540387,0.018,0.75
S23,63,0.7663945474797351,0.7626508016028501,0.018,0.75
S23,64,0.6999999350470106,0.98,0.018,0.75
S23,65,0.6397535210915337,0.98,0.018,0.75
S23,66,0.02,0.7676253674455527,0.018,0.75
S23,67,0.6318411563875569,0.07389283804509647,0.018,0.75
S23,68,0.22264901389212624,0.02,0.018,0.75
S23,69,0.5355662342651404,0.9357164580733843,0.018,0.75
S23,70,0.5207939691598786,0.98,0.018,0.75
S23,71,0.9770772636215213,0.9362317033233519,0.018,0.75
S23,72,0.10087128872284648,0.5349685042203162,0.018,0.75
S23,73,0.7542361208783182,0.19433593986689685,0.018,0.75
S23,74,0.34559447392054643,0.02,0.018,0.75
S23,75,0.4807280253493896,0.897845265733261,0.018,0.75
S23,76,0.830732415165689,0.9480099719866092,0.018,0.75
S23,77,0.6131891977901249,0.7335561050934165,0.018,0.75
S23,78,0.02,0.33633696959098813,0.018,0.75
S23,79,0.48960577675485645,0.10841720895007831,0.018,0.75
S23,80,0.02,0.02,0.018,0.75
S24,0,0.30987118837861094,0.4699963836790894,0.018,0.75
S24,1,0.5764173248275657,0.5175761361527725,0.018,0.75
S24,2,0.6856163178460666,0.16430593676858163,0.018,0.75
S24,3,0.33232674346130703,0.4782322412082339,0.018,0.75
S24,4,0.5797370029674761,0.6029438211811173,0.018,0.75
S24,5,0.7622686953893382,0.2446910205813708,0.018,0.75
S24,6,0.43390877471515066,0.3769813404750107,0.018,0.75
S24,7,0.5368974282374551,0.5627679163749326,0.018,0.75
S24,8,0.7049667383821615,0.2482298406654865,0.018,0.75
S24,9,0.23862551884704805,0.48745098208101856,0.018,0.75
S24,10,0.5845811341023127,0.638991905260092,0.018,0.75
S24,11,0.7251620705887731,0.2507688865357305,0.018,0.75
S24,12,0.4128492480281065,0.3495212402137343,0.018,0.75
S24,13,0.6664265502030757,0.6055370482278386,0.018,0.75
S24,14,0.78791402888632,0.27144563654493903,0.018,0.75
S24,15,0.3716290549426001,0.3559832395575225,0.018,0.75
S24,16,0.5160298147591643,0.5330725792825185,0.018,0.75
S24,17,0.8225185001229639,0.25106118192404286,0.018,0.75
S24,18,0.31451435576723796,0.5731119683445589,0.018,0.75
S24,19,0.5973498473578317,0.6475592057142942,0.018,0.75
S24,20,0.6411619477335501,0.16083803087871984,0.018,0.75
S24,21,0.401389796251975,0.48555338249285024,0.018,0.75
S24,22,0.6053052181066656,0.5735488054728665,0.018,0.75
S24,23,0.6782991190601825,0.32599241963290654,0.018,0.75
S24,24,0.3731585543029009,0.369001510353181,0.018,0.75
S24,25,0.5288915773075906,0.47851388212989787,0.018,0.75
S24,26,0.7351547793090883,0.2365558991377392,0.018,0.75
S24,27,0.36324621328240186,0.34904113489924926,0.018,0.75
S24,28,0.6576426285148061,0.5506753907958696,0.018,0.75
S24,29,0.6818116912653459,0.3125465250700676,0.018,0.75
S24,30,0.4810525040450475,0.4583929912634827,0.018,0.75
S24,31,0.4951490017187989,0.6285804325799027,0.018,0.75
S24,32,0.689403533506839,0.2797294349712828,0.018,0.75
S24,33,0.34991876355585766,0.4640517580086643,0.018,0.75
S24,34,0.5839530297371565,0.588121018141525,0.018,0.75
S24,35,0.6260605438026628,0.23462337050286539,0.018,0.75
S24,36,0.42473267549942184,0.47280348031197633,0.018,0.75
S24,37,0.6312213111351351,0.5380839370404359,0.018,0.75
S24,38,0.7326935300653565,0.294001137053306,0.018,0.75
S24,39,0.36247450894637095,0.5162150019945426,0.018,0.75
S24,40,0.5453272286204953,0.5978309399590782,0.018,0.75
S24,41,0.6746022725047571,0.2854485149660026,0.018,0.75
S24,42,0.3582940121626223,0.43327036297563487,0.018,0.75
S24,43,0.5180308523985875,0.5644046521798373,0.018,0.75
S24,44,0.7519508101156234,0.24928461068301586,0.018,0.75
S24,45,0.3459525633161283,0.4549503558888667,0.018,0.75
S24,46,0.5888726035861306,0.558191112250372,0.018,0.75
S24,47,0.7652467217448108,0.2777829826074988,0.018,0.75
S24,48,0.4222553800295577,0.4419872252970278,0.018,0.75
S24,49,0.5015756839831278,0.5558077687939473,0.018,0.75
S24,50,0.6598775620302171,0.2753909870383094,0.018,0.75
S24,51,0.3819759783238936,0.536998165997038,0.018,0.75
S24,52,0.48008202000248684,0.5398136927705781,0.018,0.75
S24,53,0.6734811058523202,0.2633471071062763,0.018,0.75
S24,54,0.30035915203400076,0.4780924615765345,0.018,0.75
S24,55,0.5525207726273083,0.5887685121230932,0.018,0.75
S24,56,0.6349464587225383,0.3401752867342149,0.018,0.75
S24,57,0.31450425153340233,0.45887429402889246,0.018,0.75
S24,58,0.5336208103446068,0.6728228274678164,0.018,0.75
S24,59,0.628422154476709,0.2367701646144165,0.018,0.75
S24,60,0.43852308447598426,0.5452968844793659,0.018,0.75
S24,61,0.46494211073195585,0.5891738632917912,0.018,0.75
S24,62,0.8016913114684663,0.20139088209154127,0.018,0.75
S24,63,0.40089020741491527,0.473525148419389,0.018,0.75
S24,64,0.44919474472347337,0.5963806603796754,0.018,0.75
S24,65,0.681403468041142,0.21206824073950403,0.018,0.75
S24,66,0.4224278568121236,0.4409904637700894,0.018,0.75
S24,67,0.4280232365970071,0.6282186535185125,0.018,0.75
S24,68,0.6703808682494516,0.25437582432819306,0.018,0.75
S24,69,0.3765729621389395,0.4449294192987834,0.018,0.75
S24,70,0.4694203149206808,0.49368477437598457,0.018,0.75
S24,71,0.7013180899031431,0.2657948596493619,0.018,0.75
S24,72,0.41658287803154836,0.3938378376804683,0.018,0.75
S24,73,0.5164063966082177,0.5426439302620513,0.018,0.75
S24,74,0.7668844622739094,0.2646200939230428,0.018,0.75
S24,75,0.36128858896285854,0.4969953813279298,0.018,0.75
S24,76,0.4882842694120979,0.5329887110868281,0.018,0.75
S24,77,0.7360154651646065,0.22270866438432607,0.018,0.75
S24,78,0.3408063426884538,0.4030631128537569,0.018,0.75
S24,79,0.6628554110105276,0.5264670999829748,0.018,0.75
S24,80,0.6886907959446764,0.22131620492609702,0.018,0.75
S24,81,0.42661150777250306,0.5159021466659583,0.018,0.75
S24,82,0.5740715653002123,0.6223612272518794,0.018,0.75
S24,83,0.626958982666235,0.2568995748669474,0.018,0.75
S24,84,0.28349710550358204,0.4050109511641185,0.018,0.75
S24,85,0.5454275112704585,0.5787897443927228,0.018,0.75
S24,86,0.7359427123863952,0.22108375661867374,0.018,0.75
S24,87,0.5439523370124286,0.4535258702894369,0.018,0.75
S24,88,0.6409583187828503,0.6560561674958227,0.018,0.75
S24,89,0.7040022087526542,0.2120625076994012,0.018,0.75
S24,90,0.36185089324976794,0.39835826187852824,0.018,0.75
S24,91,0.5962949301383345,0.4699016146369874,0.018,0.75
S24,92,0.7053355970192227,0.23538748550165442,0.018,0.75
S24,93,0.38864491945941226,0.4747600384930315,0.018,0.75
S24,94,0.5842569876353714,0.6243844851761051,0.018,0.75
S24,95,0.6495381371038474,0.2746704668504466,0.018,0.75
S24,96,0.3437791983072398,0.34194598717098257,0.018,0.75
S24,97,0.570579621802468,0.6364090006251568,0.018,0.75
S24,98,0.6530429830548775,0.21031148022520954,0.018,0.75
S24,99,0.4281298437934412,0.4200966775225093,0.018,0.75
S24,100,0.5735956864511687,0.5193852270661662,0.018,0.75
S24,101,0.610242053196312,0.2805935420908254,0.018,0.75
S24,102,0.35106843761672346,0.41539379419038847,0.018,0.75
S24,103,0.5569949653180711,0.6118528201991478,0.018,0.75
S24,104,0.6302011681367385,0.2622186726053307,0.018,0.75
S24,105,0.3752728658284578,0.36491175848490454,0.018,0.75
S24,106,0.5447220636714496,0.5959788461656805,0.018,0.75
S24,107,0.7305178068478917,0.2424873849686515,0.018,0.75
S24,108,0.35871884739996973,0.5076815219203472,0.018,0.75
S24,109,0.5786847080561757,0.4971433808417296,0.018,0.75
S25,0,0.34156324552259526,0.42340148292361135,0.018,0.75
S25,1,0.5678780562541014,0.6091967918594171,0.018,0.75
S25,2,0.720187788739359,0.24981903526376675,0.018,0.75
S25,3,0.3499664576397913,0.3821087530807491,0.018,0.75
S25,4,0.5468769599537542,0.5712457368948161,0.018,0.75
S25,5,0.667198304030797,0.26208461500220476,0.018,0.75
S25,6,0.3759893384598317,0.46277392632536,0.018,0.75
S25,7,0.5673951473330249,0.6101278781940974,0.018,0.75
S25,8,0.7463489880566748,0.20926130352973654,0.018,0.75
S25,9,0.3605292653661291,0.4476484773046787,0.018,0.75
S25,10,0.41226666833156916,0.727337726508439,0.018,0.75
S25,11,0.693894386629467,0.18975866491129573,0.018,0.75
S25,12,0.3161957508928347,0.4473795332995828,0.018,0.75
S25,13,0.5265334662288887,0.5348699610289749,0.018,0.75
S25,14,0.7310660213720813,0.2824825014931569,0.018,0.75
S25,15,0.4036504908995077,0.39970080435633065,0.018,0.75
S25,16,0.5608485047234828,0.5620833017491247,0.018,0.75
S25,17,0.6907881746136653,0.23683178049932085,0.018,0.75
S25,18,0.33444635826906177,0.5308962784413328,0.018,0.75
S25,19,0.587474700855744,0.5412512185906287,0.018,0.75
S25,20,0.5920251070073697,0.16068382798074976,0.018,0.75
S25,21,0.46037986614556037,0.4476070817890406,0.018,0.75
S25,22,0.479793620677631,0.631340951542373,0.018,0.75
S25,23,0.7183822648376129,0.22640041560813598,0.018,0.75
S25,24,0.37555854464756666,0.5156895758493749,0.018,0.75
S25,25,0.5297398457137874,0.5300633989623831,0.018,0.75
S25,26,0.6465983158684316,0.19335620423692818,0.018,0.75
S25,27,0.3944892656386051,0.4940441120503412,0.018,0.75
S26,0,0.09525216507403783,0.7840264325215937,0.018,0.75
S26,1,0.98,0.4390285679918588,0.018,0.75
S26,2,0.5984735710602508,0.3965136080732339,0.018,0.75
S26,3,0.13767060750129695,0.02,0.018,0.75
S26,4,0.7389324665430419,0.30055516347236194,0.018,0.75
S26,5,0.6824622512079228,0.7234188182712941,0.018,0.75
S26,6,0.20385568318084718,0.5116745182463827,0.018,0.75
S26,7,0.7914667785029434,0.5421985801720451,0.018,0.75
S26,8,0.5814384822296415,0.18859929503663447,0.018,0.75
S26,9,0.12229958255273234,0.11947893232485421,0.018,0.75
S26,10,0.847572321351067,0.10182444003712535,0.018,0.75
S26,11,0.7634762271135148,0.8620062115645771,0.018,0.75
S26,12,0.12926311216220837,0.3778545050475771,0.018,0.75
S26,13,0.7458725346934107,0.6185097601441745,0.018,0.75
S26,14,0.705576553443679,0.48506167624267643,0.018,0.75
S26,15,0.02,0.02,0.018,0.75
S26,16,0.98,0.42292139124524974,0.018,0.75
S26,17,0.8422299835707637,0.8258085213343146,0.018,0.75
S26,18,0.4524526956623605,0.5178243011143597,0.018,0.75
S26,19,0.8027686459299812,0.5368644274814494,0.018,0.75
S26,20,0.9749733497711786,0.7423501047982861,0.018,0.75
S26,21,0.02,0.1672652291164448,0.018,0.75
S26,22,0.7231757258915409,0.15184458441243084,0.018,0.75
S26,23,0.535557490319373,0.7298038682320389,0.018,0.75
S26,24,0.3550873401967593,0.3318454377372572,0.018,0.75
S26,25,0.8899419313678838,0.39607529675103303,0.018,0.75
S26,26,0.98,0.5275757581169735,0.018,0.75
S26,27,0.02,0.3160189500863012,0.018,0.75
S26,28,0.7078604903976063,0.34165089146354966,0.018,0.75
S26,29,0.98,0.6095160950325471,0.018,0.75
S26,30,0.02,0.3231126056584431,0.018,0.75
S26,31,0.9220470364962693,0.6932041250761856,0.018,0.75
S26,32,0.6186166641551053,0.98,0.018,0.75
S26,33,0.15282557375263495,0.15176131055554845,0.018,0.75
S26,34,0.9631704139041533,0.2962541593686087,0.018,0.75
S26,35,0.7072039733640896,0.6317266833349787,0.018,0.75
S26,36,0.5181662444309012,0.43374945520119046,0.018,0.75
S26,37,0.8863580824865807,0.8123329210596886,0.018,0.75
S26,38,0.8915852604456541,0.03529703006136414,0.018,0.75
S26,39,0.02,0.02,0.018,0.75
S26,40,0.9431080587670171,0.5014242455289476,0.018,0.75
S26,41,0.8122877834629159,0.7143786659900553,0.018,0.75
S26,42,0.5514107614403543,0.5948845216476303,0.018,0.75
S26,43,0.3147373258058368,0.3874533927192398,0.018,0.75
S26,44,0.8920431208415225,0.3743267395706834,0.018,0.75
S26,45,0.02,0.02,0.018,0.75
S26,46,0.48959793861500267,0.2751472095676533,0.018,0.75
S26,47,0.6439944264387201,0.6202018030286054,0.018,0.75
S26,48,0.2791783635380797,0.6465993964895118,0.018,0.75
S26,49,0.7698269540105582,0.4406610421235658,0.018,0.75
S26,50,0.7192048164588407,0.6758845801020524,0.018,0.75
S26,51,0.02,0.2720973670526418,0.018,0.75
S27,0,0.4145753978541923,0.5366543369432974,0.018,0.75
S27,1,0.5400284279502047,0.5488331199446193,0.018,0.75
S27,2,0.7322844183145503,0.16905279910790943,0.018,0.75
S27,3,0.38024726850173896,0.4873565157604587,0.018,0.75
S27,4,0.6113537786874679,0.5680674110387683,0.018,0.75
S27,5,0.732238137060866,0.36075325259978097,0.018,0.75
S27,6,0.4093781773399031,0.3431043250189289,0.018,0.75
S27,7,0.683782739009332,0.5144319124650107,0.018,0.75
S27,8,0.6999788356564797,0.23913774406585797,0.018,0.75
S27,9,0.43363053355211356,0.4908880651262405,0.018,0.75
S27,10,0.6195008096895003,0.6072735233577881,0.018,0.75
S27,11,0.666106655461829,0.12142037871307865,0.018,0.75
S27,12,0.4079610748057608,0.4050802255299026,0.018,0.75
S27,13,0.5518092180634417,0.5638202268248402,0.018,0.75
S27,14,0.7483670144527741,0.25014210737140263,0.018,0.75
S27,15,0.3689313677381019,0.48653802110716654,0.018,0.75
S27,16,0.5630941405770628,0.5429089975307436,0.018,0.75
S27,17,0.723502493292156,0.29803569466613145,0.018,0.75
S27,18,0.2802662840857418,0.4312434312325143,0.018,0.75
S27,19,0.5464586041178738,0.5253615246789396,0.018,0.75
S27,20,0.6778029588301189,0.22996705765737968,0.018,0.75
S27,21,0.3300706802119422,0.5063644670466093,0.018,0.75
S27,22,0.5111464837005417,0.5636983309588971,0.018,0.75
S27,23,0.6979033133959277,0.26177200083736285,0.018,0.75
S27,24,0.28347012402617927,0.4953717957451512,0.018,0.75
S27,25,0.5695294644951351,0.5143203983043276,0.018,0.75
S27,26,0.7054819163640939,0.34923447949649244,0.018,0.75
S27,27,0.3193834948435334,0.4175615580240466,0.018,0.75
S27,28,0.4503354491277116,0.4949611683691393,0.018,0.75
S27,29,0.7601593673269994,0.237325016562576,0.018,0.75
S27,30,0.3669531465122653,0.45576356093907056,0.018,0.75
S27,31,0.6052604053204677,0.5725836000401123,0.018,0.75
S27,32,0.668935079555224,0.16874399066587203,0.018,0.75
S27,33,0.4091113621367056,0.5633473600731169,0.018,0.75
S27,34,0.5447959265107891,0.5318664985357358,0.018,0.75
S27,35,0.7432423703026151,0.32862452393392216,0.018,0.75
S27,36,0.39902363311333056,0.5387850558778364,0.018,0.75
S27,37,0.5307869790545103,0.5405689236869788,0.018,0.75
S27,38,0.664460178868812,0.27497166950235646,0.018,0.75
S27,39,0.32037240353391666,0.4608447083630879,0.018,0.75
S27,40,0.571097261044223,0.6365659796255171,0.018,0.75
S27,41,0.794135286258541,0.34733980252113,0.018,0.75
S27,42,0.37953590280516586,0.4502730287741413,0.018,0.75
S27,43,0.6020058587784768,0.501328180213709,0.018,0.75
S27,44,0.6802607242180562,0.2685120494900988,0.018,0.75
S27,45,0.46821576851381574,0.4145885335541311,0.018,0.75
S27,46,0.5702430740963356,0.6499062122463813,0.018,0.75
S27,47,0.7682293444392732,0.22466535215907762,0.018,0.75
S27,48,0.43432324648276344,0.4252803993341324,0.018,0.75
S27,49,0.5751151015466033,0.6556531999167657,0.018,0.75
S27,50,0.7731935323854136,0.24459409580341712,0.018,0.75
S27,51,0.262462706488235,0.5149748114497865,0.018,0.75
S27,52,0.4963963768019334,0.6432218915035062,0.018,0.75
S27,53,0.6668144426473551,0.23972995716178222,0.018,0.75
S27,54,0.4647290982348281,0.4815608345455791,0.018,0.75
S27,55,0.5527126660318421,0.551088971048819,0.018,0.75
S27,56,0.5971554537142709,0.2646414971045727,0.018,0.75
S27,57,0.4679773305820679,0.4143398148447243,0.018,0.75
S27,58,0.5997288098771901,0.5224377594705251,0.018,0.75
S27,59,0.7530052655149393,0.23632276083250556,0.018,0.75
S27,60,0.4525881143445809,0.5187579060007611,0.018,0.75
S27,61,0.4843041729065556,0.6057669086482422,0.018,0.75
S27,62,0.6889474628649038,0.20683633021506054,0.018,0.75
S27,63,0.3226014174535738,0.4919930166162244,0.018,0.75
S27,64,0.607388863980592,0.6044727378780818,0.018,0.75
S27,65,0.7042021640234261,0.22604605674871786,0.018,0.75
S27,66,0.3112516484525113,0.4465262548381741,0.018,0.75
S27,67,0.5422641076899367,0.517312679158696,0.018,0.75
S27,68,0.7423398775923552,0.26401185140059663,0.018,0.75
S27,69,0.3956112512851552,0.37925043693082466,0.018,0.75
S27,70,0.5324632269790212,0.5994944321057633,0.018,0.75
S27,71,0.6958707858121871,0.19642350598497063,0.018,0.75
S27,72,0.4003975712317236,0.439965051099559,0.018,0.75
S27,73,0.4436029476657652,0.617184919403946,0.018,0.75
S27,74,0.7328307228573354,0.26502167223098727,0.018,0.75
S27,75,0.505394056221155,0.43808234106758814,0.018,0.75
S27,76,0.5858782585322105,0.5381621878672813,0.018,0.75
S27,77,0.6310207240704305,0.2472162505307642,0.018,0.75
S27,78,0.4567500518110959,0.5473714480552585,0.018,0.75
S27,79,0.6101572505589209,0.5949500544529663,0.018,0.75
S27,80,0.7715663076239255,0.271382913370065,0.018,0.75
S28,0,0.34008931858324526,0.48088409485523753,0.018,0.75
S28,1,0.6134204555884373,0.4818056100858398,0.018,0.75
S28,2,0.616843676923931,0.16364506995751105,0.018,0.75
S28,3,0.3828569438795786,0.48628216981889766,0.018,0.75
S28,4,0.5562672499294053,0.5735719959096804,0.018,0.75
S28,5,0.7474946040186631,0.16794373444080327,0.018,0.75
S28,6,0.33278460199555904,0.4961648816310529,0.018,0.75
S28,7,0.6035453020406023,0.6307083592267773,0.018,0.75
S28,8,0.8394567804230056,0.2993728206439858,0.018,0.75
S28,9,0.342297147156919,0.4730881413045375,0.018,0.75
S28,10,0.540058454733371,0.694577062486537,0.018,0.75
S28,11,0.6757766559514604,0.2795420045447169,0.018,0.75
S28,12,0.39445841135169607,0.47162674250245973,0.018,0.75
S28,13,0.43719710360750286,0.6149046150431073,0.018,0.75
S28,14,0.6883681605041638,0.325218282675352,0.018,0.75
S28,15,0.4253248989572682,0.5106991950750711,0.018,0.75
S28,16,0.5174219132965602,0.6214150254022328,0.018,0.75
S28,17,0.7510611454543124,0.2716271119318632,0.018,0.75
S28,18,0.40188625347710644,0.41574011754628926,0.018,0.75
S28,19,0.452568761260041,0.5909456074048003,0.018,0.75
S28,20,0.7088384844496936,0.30186781256379014,0.018,0.75
S28,21,0.40368212137896337,0.45336615642294403,0.018,0.75
S28,22,0.4988855585294986,0.5986181265359146,0.018,0.75
S28,23,0.6026755832174137,0.31764576423561525,0.018,0.75
S28,24,0.376899185190549,0.5517385710272348,0.018,0.75
S28,25,0.5658208346653266,0.6474781850318387,0.018,0.75
S28,26,0.6594663124333974,0.10086252514373831,0.018,0.75
S28,27,0.4229533278456764,0.4607743932359078,0.018,0.75
S28,28,0.4745658057715558,0.6273485324164887,0.018,0.75
S28,29,0.6565980691009919,0.2418279523763664,0.018,0.75
S28,30,0.31504277730792574,0.3842283895755292,0.018,0.75
S28,31,0.6632582731224377,0.5580521507772853,0.018,0.75
S28,32,0.6466429763647309,0.3120198544329258,0.018,0.75
S28,33,0.29848439690170364,0.4497578163392836,0.018,0.75
S28,34,0.3794020519831648,0.621481425549437,0.018,0.75
S28,35,0.709703032290037,0.2923422732386076,0.018,0.75
S28,36,0.45695163532298927,0.4012450787955474,0.018,0.75
S28,37,0.5011010796935852,0.6879352642777522,0.018,0.75
S28,38,0.7269028957915349,0.1918471572257171,0.018,0.75
S28,39,0.38924428357423657,0.4353924060345303,0.018,0.75
S28,40,0.5441624289831046,0.619921922989225,0.018,0.75
S28,41,0.7347470004417972,0.3244578231570966,0.018,0.75
S28,42,0.3898791631252374,0.40210117764005815,0.018,0.75
S28,43,0.5775647575852255,0.5489563809088751,0.018,0.75
S28,44,0.7597466769407579,0.30815048369496406,0.018,0.75
S28,45,0.27917182742245483,0.50635703047581,0.018,0.75
S28,46,0.6178103086193523,0.6171813527846625,0.018,0.75
S28,47,0.6843936563692882,0.18800796059083033,0.018,0.75
S28,48,0.3194947123626658,0.40343681982258245,0.018,0.75
S28,49,0.5180368878955803,0.5379456896015614,0.018,0.75
S28,50,0.6752022156123452,0.2272248663121417,0.018,0.75
S28,51,0.38965314537551027,0.34056892533212196,0.018,0.75
S28,52,0.5535591887224779,0.6182178548606612,0.018,0.75
S28,53,0.6587775843335031,0.26557657997961126,0.018,0.75
S28,54,0.44195846565805513,0.38522973855743303,0.018,0.75
S28,55,0.5400627968600649,0.53086445971624,0.018,0.75
S28,56,0.6968469939729216,0.24005916956664397,0.018,0.75
S28,57,0.31993372856517377,0.3433865500273391,0.018,0.75
S28,58,0.5256008952640879,0.5303915924199217,0.018,0.75
S28,59,0.6901300714435592,0.24366849679563626,0.018,0.75
S28,60,0.46646847587956186,0.4238922878687903,0.018,0.75
S28,61,0.5805874707197265,0.5423473038587346,0.018,0.75
S28,62,0.7940384775567089,0.2669835144031399,0.018,0.75
S28,63,0.4254582871812362,0.4913528807018961,0.018,0.75
S28,64,0.5400144811911383,0.5475815704328886,0.018,0.75
S28,65,0.7119785709408724,0.23410410089501835,0.018,0.75
S28,66,0.37576042716628055,0.49045680604042746,0.018,0.75
S28,67,0.537759561398868,0.5420854803871227,0.018,0.75
S28,68,0.6415240262013802,0.1764850887322698,0.018,0.75
S28,69,0.37733914201104507,0.40979985796305,0.018,0.75
S28,70,0.4958188873266189,0.6248785883332696,0.018,0.75
S28,71,0.6415746973670872,0.2442383266219148,0.018,0.75
S28,72,0.33195464439826317,0.47006773284866615,0.018,0.75
S28,73,0.5838086186948325,0.5503620228700317,0.018,0.75
S28,74,0.6613174842587514,0.23206312291768819,0.018,0.75
S28,75,0.33806853221298744,0.49448581595767205,0.018,0.75
S28,76,0.5115672577575732,0.5741283188183977,0.018,0.75
S28,77,0.7432457252362302,0.2821893895018922,0.018,0.75
S28,78,0.4751780580330701,0.4762561204935359,0.018,0.75
S28,79,0.597967311947314,0.5489139336611859,0.018,0.75
S28,80,0.7001180099759838,0.1916185199127525,0.018,0.75
S28,81,0.3361804352887216,0.41799150060880513,0.018,0.75
S28,82,0.40017068006520584,0.6321386979402587,0.018,0.75
S28,83,0.6258839429348999,0.2441826376529145,0.018,0.75
S28,84,0.2813593307853836,0.3690193283019019,0.018,0.75
S28,85,0.5676349739096959,0.6796198742917691,0.018,0.75
S28,86,0.6957289430496528,0.33219369628452056,0.018,0.75
S28,87,0.4621167919761499,0.45443921237467216,0.018,0.75
S28,88,0.523707740743148,0.5911986313265238,0.018,0.75
S28,89,0.6404474834215168,0.19208299949653396,0.018,0.75
S28,90,0.398740060760925,0.4601772170512004,0.018,0.75
S28,91,0.5789992261985757,0.5100015948854871,0.018,0.75
S28,92,0.6994619891345746,0.2771409349711522,0.018,0.75
S28,93,0.3862288378061641,0.49499638326584394,0.018,0.75
S28,94,0.43617576589976964,0.5653735636534168,0.018,0.75
S28,95,0.7797059220388547,0.2697323733061194,0.018,0.75
S28,96,0.3818374550344043,0.5113119096275045,0.018,0.75
S28,97,0.5103360502723672,0.6609309895313615,0.018,0.75
S28,98,0.7774279616834909,0.306361990254663,0.018,0.75
S28,99,0.29499084667208714,0.4758081950841408,0.018,0.75
S28,100,0.5688844670334292,0.584263737564009,0.018,0.75
S28,101,0.6396951534892872,0.32282070607492674,0.018,0.75
S28,102,0.42235368708072146,0.49704201198974785,0.018,0.75
S28,103,0.5241815753053836,0.5821954919112682,0.018,0.75
S28,104,0.7504921822289071,0.23278891576533808,0.018,0.75
S28,105,0.31515401496849027,0.5027615541618882,0.018,0.75
S28,106,0.6877800108508434,0.5403009502028284,0.018,0.75
S28,107,0.6667461849611658,0.27786891107889666,0.018,0.75
S28,108,0.2664333579222077,0.47726047619540196,0.018,0.75
S28,109,0.505366240650097,0.6456619905651408,0.018,0.75
S29,0,0.4509842784041518,0.8089217026646025,0.018,0.75
S29,1,0.02,0.7774724491039061,0.018,0.75
S29,2,0.8875446335599706,0.24539851409152125,0.018,0.75
S29,3,0.2327187454291672,0.40232161779158726,0.018,0.75
S29,4,0.5222451012957708,0.13902674414669103,0.018,0.75
S29,5,0.98,0.8065835769921504,0.018,0.75
S29,6,0.20039921209828632,0.8247354347325848,0.018,0.75
S29,7,0.02,0.98,0.018,0.75
S29,8,0.7221992169226694,0.20320068622581583,0.018,0.75
S29,9,0.1824936502471562,0.28968194842466205,0.018,0.75
S29,10,0.9669828511250851,0.27783741014451985,0.018,0.75
S29,11,0.98,0.7528962757164662,0.018,0.75
S29,12,0.42990259990883883,0.98,0.018,0.75
S29,13,0.02,0.6343191300242407,0.018,0.75
S29,14,0.98,0.5274529849738184,0.018,0.75
S29,15,0.2932542708519912,0.588571482781062,0.018,0.75
S29,16,0.7695150543134608,0.22626652186115548,0.018,0.75
S29,17,0.98,0.582003916991775,0.018,0.75
S29,18,0.14197919101228973,0.9493854402540629,0.018,0.75
S29,19,0.3532099878481752,0.849108507714748,0.018,0.75
S29,20,0.9409287758733555,0.6851657256911577,0.018,0.75
S29,21,0.20333825654645066,0.4103066258276689,0.018,0.75
S29,22,0.6319464631159816,0.11121282565246059,0.018,0.75
S29,23,0.98,0.39361677531153266,0.018,0.75
S29,24,0.29939461531002926,0.8036144614311388,0.018,0.75
S29,25,0.02,0.98,0.018,0.75
S29,26,0.8684008826601289,0.3502389214866851,0.018,0.75
S29,27,0.02,0.4558386651412628,0.018,0.75
S30,0,0.3669963311439474,0.40554222516407284,0.018,0.75
S30,1,0.5093902946419243,0.5366944488269741,0.018,0.75
S30,2,0.7896853154556187,0.2562121948831795,0.018,0.75
S30,3,0.31715756216730573,0.48200510400435453,0.018,0.75
S30,4,0.5979318879990276,0.5742340999495789,0.018,0.75
S30,5,0.674098198775647,0.2634215392805904,0.018,0.75
S30,6,0.4612678053393026,0.4396114743385756,0.018,0.75
S30,7,0.6069089671934247,0.5928939227392899,0.018,0.75
S30,8,0.592667141411813,0.32490981000635694,0.018,0.75
S30,9,0.4825490045574274,0.4720429309329375,0.018,0.75
S30,10,0.5604351690747412,0.5449979459539867,0.018,0.75
S30,11,0.7197539594135912,0.34348234966879765,0.018,0.75
S30,12,0.3313943369627755,0.37057577439960937,0.018,0.75
S30,13,0.5077179899371924,0.6470483679823895,0.018,0.75
S30,14,0.7930761003168784,0.24375444799643725,0.018,0.75
S30,15,0.3649855259690453,0.3811039476638153,0.018,0.75
S30,16,0.46372574615563045,0.5518247275007174,0.018,0.75
S30,17,0.7157857224123451,0.23956695229550828,0.018,0.75
S30,18,0.2970003240129532,0.4875597434781504,0.018,0.75
S30,19,0.5657682152745429,0.6163358665259226,0.018,0.75
S30,20,0.6216677158186676,0.22405960686496762,0.018,0.75
S30,21,0.4437237990575119,0.4143945152769801,0.018,0.75
S30,22,0.6784308650913236,0.693993898416249,0.018,0.75
S30,23,0.6998578889596049,0.27410740048357274,0.018,0.75
S30,24,0.38825357964181834,0.3761935589761416,0.018,0.75
S30,25,0.4884197355850038,0.5620327706189934,0.018,0.75
S30,26,0.6998127010147038,0.3306243295693065,0.018,0.75
S30,27,0.40862666181234697,0.519963357211896,0.018,0.75
S30,28,0.5868799955199075,0.584505547216335,0.018,0.75
S30,29,0.6273328058330934,0.26416134387222917,0.018,0.75
S30,30,0.3559062900359502,0.46188572382274423,0.018,0.75
S30,31,0.5905230890789052,0.548444548806077,0.018,0.75
S30,32,0.7097749303620989,0.33632346647611966,0.018,0.75
S30,33,0.4257678861403025,0.4550310411456499,0.018,0.75
S30,34,0.596732809897259,0.6780934940359891,0.018,0.75
S30,35,0.7560771350733037,0.2680176439540392,0.018,0.75
S30,36,0.4147373757942744,0.4019802347542005,0.018,0.75
S30,37,0.5306725274207855,0.6059049931874099,0.018,0.75
S30,38,0.7344341318097252,0.2700014718420211,0.018,0.75
S30,39,0.39822862066033404,0.45335341757541653,0.018,0.75
S30,40,0.6250956663024156,0.5403594912216315,0.018,0.75
S30,41,0.6072284109200947,0.28751928629948353,0.018,0.75
S30,42,0.44076122073029605,0.48695524698001813,0.018,0.75
S30,43,0.5356332777049356,0.6327215470575094,0.018,0.75
S30,44,0.690066560193725,0.24769753246769252,0.018,0.75
S30,45,0.36987205029300924,0.4515897107132946,0.018,0.75
S30,46,0.7070214727603494,0.6522486103017594,0.018,0.75
S30,47,0.6889980414364506,0.21150157319482937,0.018,0.75
S30,48,0.4329808612937138,0.47549148139822484,0.018,0.75
S30,49,0.5671852417246239,0.6449765747761527,0.018,0.75
S30,50,0.7302729668231018,0.2937114510660243,0.018,0.75
S30,51,0.3878827599893983,0.4519828007890012,0.018,0.75
S31,0,0.4383073741245306,0.4123834010006519,0.018,0.75
S31,1,0.5668937548114467,0.6669299235720816,0.018,0.75
S31,2,0.61987252381055,0.2604183734875436,0.018,0.75
S31,3,0.37738946355456526,0.5130973081283,0.018,0.75
S31,4,0.5342359158497535,0.6059661371626229,0.018,0.75
S31,5,0.7435563641384183,0.2966553077822762,0.018,0.75
S31,6,0.35391826138312427,0.4144729424154151,0.018,0.75
S31,7,0.6128765183220074,0.6683720500213838,0.018,0.75
S31,8,0.7628424743166025,0.3228890968999282,0.018,0.75
S31,9,0.35380361146779404,0.4286478419550245,0.018,0.75
S31,10,0.47293027086619627,0.5626179575456914,0.018,0.75
S31,11,0.7296932560187455,0.3177199817478121,0.018,0.75
S31,12,0.3241342702488107,0.4424861966374531,0.018,0.75
S31,13,0.6035539857392602,0.5300097905903101,0.018,0.75
S31,14,0.6995953396236292,0.27583876376859845,0.018,0.75
S31,15,0.340699934233654,0.42056610530226646,0.018,0.75
S31,16,0.45074111772236747,0.5615147877241423,0.018,0.75
S31,17,0.6787781715509104,0.13908500251188521,0.018,0.75
S31,18,0.3600916757822721,0.4510309289487434,0.018,0.75
S31,19,0.49384507971068986,0.6211784903894076,0.018,0.75
S31,20,0.7270036783754952,0.28045166288652584,0.018,0.75
S31,21,0.4265050632538138,0.5127841125645691,0.018,0.75
S31,22,0.5096298986297509,0.5513455742276421,0.018,0.75
S31,23,0.7193666979012832,0.25907575878348443,0.018,0.75
S31,24,0.4414739493996229,0.42663329968828123,0.018,0.75
S31,25,0.5620815101732437,0.615830659187178,0.018,0.75
S31,26,0.663171845411358,0.20708344936095807,0.018,0.75
S31,27,0.4039160699713393,0.42091967248913414,0.018,0.75
S31,28,0.46331346705453924,0.6282549882675141,0.018,0.75
S31,29,0.6760579070080491,0.17897821140433134,0.018,0.75
S31,30,0.37325505809283993,0.42252388751395,0.018,0.75
S31,31,0.6099949949551549,0.6603829816292379,0.018,0.75
S31,32,0.6483079235799174,0.3547609580155203,0.018,0.75
S31,33,0.4100198475476128,0.47792523412405286,0.018,0.75
S31,34,0.49586444719988165,0.5794532602080021,0.018,0.75
S31,35,0.7058913713801018,0.28363194395815544,0.018,0.75
S31,36,0.3842514720708282,0.5325527843617163,0.018,0.75
S31,37,0.5472556648077198,0.7024689288381782,0.018,0.75
S31,38,0.6133442922003264,0.22202741247791574,0.018,0.75
S31,39,0.4317434665363928,0.4489822354576381,0.018,0.75
S31,40,0.642988344581255,0.6064640225715492,0.018,0.75
S31,41,0.7175462595459,0.19303774064677623,0.018,0.75
S31,42,0.31697458895022007,0.49527428822799735,0.018,0.75
S31,43,0.5007532795210065,0.5558665017992062,0.018,0.75
S31,44,0.6487737026965534,0.31786446414407055,0.018,0.75
S31,45,0.3378169246097523,0.3875271217862784,0.018,0.75
S31,46,0.4800257053716865,0.5836462764100787,0.018,0.75
S31,47,0.7304086630393405,0.27599920099052866,0.018,0.75
S31,48,0.33495007470771526,0.44154506377934266,0.018,0.75
S31,49,0.587414005086485,0.6186311916864579,0.018,0.75
S31,50,0.6327756291977472,0.22738965528607288,0.018,0.75
S31,51,0.43000954676154013,0.45839867001911083,0.018,0.75
S31,52,0.593782987535743,0.6688785034021684,0.018,0.75
S31,53,0.6283364048749195,0.31007808569023954,0.018,0.75
S31,54,0.3614827655588137,0.46072578133696274,0.018,0.75
S31,55,0.5593292997017565,0.5344287759273866,0.018,0.75
S31,56,0.6854057103881241,0.24699675434998147,0.018,0.75
S31,57,0.3689336402741166,0.46842445226663204,0.018,0.75
S31,58,0.5200153751567506,0.6569430385042206,0.018,0.75
S31,59,0.6977618032260953,0.2562560703546867,0.018,0.75
S31,60,0.41034908471611425,0.4546173675003094,0.018,0.75
S31,61,0.5529775401992735,0.5559013513163861,0.018,0.75
S31,62,0.6629996286018853,0.2463560939764245,0.018,0.75
S31,63,0.41782543443097064,0.38020596197341777,0.018,0.75
S31,64,0.556907780678878,0.5116318194440967,0.018,0.75
S31,65,0.6509169704490495,0.32166637275210214,0.018,0.75
S31,66,0.4248010531808306,0.5076917418032719,0.018,0.75
S31,67,0.5424335744098561,0.5936297282327139,0.018,0.75
S31,68,0.6948028186143445,0.23613660825181018,0.018,0.75
S31,69,0.46410151903447355,0.6316857425809009,0.018,0.75
S31,70,0.5882294780089997,0.5960035218203431,0.018,0.75
S31,71,0.6380532138503651,0.3159245878555503,0.018,0.75
S31,72,0.3917942711590749,0.4661350616612656,0.018,0.75
S31,73,0.5350454081748547,0.5841841104961262,0.018,0.75
S31,74,0.6818595250676645,0.2815856194590361,0.018,0.75
S31,75,0.4093725477033754,0.4405196029308619,0.018,0.75
S31,76,0.5559997554515936,0.6792411026072478,0.018,0.75
S31,77,0.6685090105037007,0.25433095952549767,0.018,0.75
S31,78,0.42037903847143326,0.5435228091186958,0.018,0.75
S31,79,0.5355467955038491,0.5796948134776356,0.018,0.75
S31,80,0.6708302990150304,0.2217254975227371,0.018,0.75
S32,0,0.8368865044606912,0.4407788168316042,0.018,0.75
S32,1,0.98,0.5247013591936602,0.018,0.75
S32,2,0.5302939617323081,0.5225933456369972,0.018,0.75
S32,3,0.6747719384493338,0.02,0.018,0.75
S32,4,0.02,0.3322325783738574,0.018,0.75
S32,5,0.9594724134649757,0.5829780329119032,0.018,0.75
S32,6,0.98,0.620685559540821,0.018,0.75
S32,7,0.98,0.6213971628023613,0.018,0.75
S32,8,0.6505264021875301,0.17982165905293412,0.018,0.75
S32,9,0.8509486032067142,0.14573770151602478,0.018,0.75
S32,10,0.02,0.6246117554348892,0.018,0.75
S32,11,0.98,0.6871046993631162,0.018,0.75
S32,12,0.6087261562355358,0.9100448420297731,0.018,0.75
S32,13,0.8677777429512363,0.6995443236758958,0.018,0.75
S32,14,0.4715895006421693,0.4376877888060784,0.018,0.75
S32,15,0.8615453247334807,0.02,0.018,0.75
S32,16,0.061694743736232384,0.8101717630185027,0.018,0.75
S32,17,0.98,0.5147020967928675,0.018,0.75
S32,18,0.8299335897607576,0.6770313027544235,0.018,0.75
S32,19,0.8355712339437341,0.3751049779547272,0.018,0.75
S32,20,0.7479959554743821,0.3188125039372416,0.018,0.75
S32,21,0.7331132433528,0.02,0.018,0.75
S32,22,0.02,0.98,0.018,0.75
S32,23,0.98,0.14412204344916996,0.018,0.75
S32,24,0.47775687992206495,0.4590364823679586,0.018,0.75
S32,25,0.8898767772532397,0.98,0.018,0.75
S32,26,0.7440522185153093,0.39183699567325425,0.018,0.75
S32,27,0.98,0.08907386898211408,0.018,0.75
S32,28,0.29570288451962073,0.9291914326851479,0.018,0.75
S32,29,0.98,0.45706023821520636,0.018,0.75
S32,30,0.5575911229030613,0.38023199339199765,0.018,0.75
S32,31,0.8674849342526495,0.528054389627189,0.018,0.75
S32,32,0.7479065399696516,0.22620276781040552,0.018,0.75
S32,33,0.779591492778,0.02,0.018,0.75
S32,34,0.16971979665974762,0.7606510532334607,0.018,0.75
S32,35,0.98,0.510029001951271,0.018,0.75
S32,36,0.6726915691185544,0.5462514302303628,0.018,0.75
S32,37,0.8856169328925794,0.14635668700218335,0.018,0.75
S32,38,0.6573341867957626,0.02,0.018,0.75
S32,39,0.98,0.02,0.018,0.75
S32,40,0.23751677689165637,0.6854333733340647,0.018,0.75
S32,41,0.98,0.2628984387577955,0.018,0.75
S32,42,0.8085807895183292,0.5182308689510368,0.018,0.75
S32,43,0.5815982092337312,0.8470467754348678,0.018,0.75
S32,44,0.41286496439362785,0.21970127864298827,0.018,0.75
S32,45,0.8924305026352034,0.45434252886544574,0.018,0.75
S32,46,0.02,0.7894713858050113,0.018,0.75
S32,47,0.98,0.07263057501034581,0.018,0.75
S32,48,0.6494412239661942,0.6593353208672406,0.018,0.75
S32,49,0.98,0.566220646027776,0.018,0.75
S32,50,0.22992006519663793,0.3648856478747361,0.018,0.75
S32,51,0.98,0.02,0.018,0.75
S32,52,0.04076328453538133,0.7645497660703906,0.018,0.75
S32,53,0.98,0.3628838955328525,0.018,0.75
S32,54,0.8264396005393139,0.438895687227851,0.018,0.75
S32,55,0.98,0.7831761407412914,0.018,0.75
S32,56,0.7105084970236513,0.41062396173614046,0.018,0.75
S32,57,0.98,0.02,0.018,0.75
S32,58,0.22673826699572278,0.20296729490066356,0.018,0.75
S32,59,0.8603954856797965,0.5863713120733657,0.018,0.75
S32,60,0.893459732843193,0.6427058585419182,0.018,0.75
S32,61,0.7483917275538932,0.18773748056068917,0.018,0.75
S32,62,0.3854183190554999,0.17645278588469906,0.018,0.75
S32,63,0.98,0.297821481448617,0.018,0.75
S32,64,0.02,0.98,0.018,0.75
S32,65,0.8157760813993764,0.10267171432112426,0.018,0.75
S32,66,0.9718960039685947,0.5499124785454402,0.018,0.75
S32,67,0.9517982063923969,0.8227997849084865,0.018,0.75
S32,68,0.3710312819144796,0.45261163899885465,0.018,0.75
S32,69,0.6836055829070569,0.038495927908480145,0.018,0.75
S32,70,0.02,0.705288023422176,0.018,0.75
S32,71,0.8808731890210204,0.20229036786439403,0.018,0.75
S32,72,0.9102111237644096,0.7741647578242475,0.018,0.75
S32,73,0.98,0.5123585254712458,0.018,0.75
S32,74,0.98,0.22870539082997368,0.018,0.75
S32,75,0.8064988557425415,0.02,0.018,0.75
S32,76,0.02,0.8230954579809983,0.018,0.75
S32,77,0.9172962503454974,0.3807976546034261,0.018,0.75
S32,78,0.98,0.638570031833278,0.018,0.75
S32,79,0.6942125236045316,0.09166120067756817,0.018,0.75
S32,80,0.7925580922908314,0.4582142269915328,0.018,0.75
S32,81,0.6837343501838694,0.02,0.018,0.75
S32,82,0.3219353500063987,0.7386301593178348,0.018,0.75
S32,83,0.98,0.08364404310724521,0.018,0.75
S32,84,0.98,0.7281466792631244,0.018,0.75
S32,85,0.8604454790881313,0.3355854308613279,0.018,0.75
S32,86,0.704089648791061,0.2993754749756631,0.018,0.75
S32,87,0.8265424075817772,0.16923644643752805,0.018,0.75
S32,88,0.37291423493704595,0.5960128278655639,0.018,0.75
S32,89,0.98,0.5508901879893322,0.018,0.75
S32,90,0.792047143592411,0.8234477365970662,0.018,0.75
S32,91,0.46015646632452933,0.7141096928999406,0.018,0.75
S32,92,0.6624605310204501,0.03167177050026218,0.018,0.75
S32,93,0.9149787214514927,0.03693632628721112,0.018,0.75
S32,94,0.06082380832827537,0.5226185567244149,0.018,0.75
S32,95,0.8833971072075846,0.49345328190069343,0.018,0.75
S32,96,0.8846640385124437,0.6073347578128744,0.018,0.75
S32,97,0.6972956869673124,0.5511086812062659,0.018,0.75
S32,98,0.98,0.7446852504673764,0.018,0.75
S32,99,0.8803554113546062,0.031154744139639222,0.018,0.75
S32,100,0.06778661233229553,0.98,0.018,0.75
S32,101,0.8843558971251371,0.5330718932063276,0.018,0.75
S32,102,0.8726762388955667,0.8788453530811297,0.018,0.75
S32,103,0.5909339320622994,0.756372467708371,0.018,0.75
S32,104,0.8357561483507105,0.1317003975012525,0.018,0.75
S32,105,0.7996428782304924,0.02,0.018,0.75
S32,106,0.26024808317631254,0.727869565493256,0.018,0.75
S32,107,0.8232174095554365,0.1288600370581648,0.018,0.75
S32,108,0.9023490349819793,0.9094565274060937,0.018,0.75
S32,109,0.9110694342823259,0.5898397008377636,0.018,0.75
S33,0,0.4166530420908486,0.44165244546884497,0.018,0.75
S33,1,0.44289984739180244,0.5718201709806916,0.018,0.75
S33,2,0.7977090905576375,0.3057400843772028,0.018,0.75
S33,3,0.4754350511976636,0.3601447091503653,0.018,0.75
S33,4,0.5625734691658452,0.5400070259428357,0.018,0.75
S33,5,0.7624188576724616,0.3177482107175881,0.018,0.75
S33,6,0.39150732991769127,0.46408971772588287,0.018,0.75
S33,7,0.47662185702668414,0.6102990462257946,0.018,0.75
S33,8,0.6832009124518518,0.27688706462801593,0.018,0.75
S33,9,0.45508309695856936,0.39381878274526444,0.018,0.75
S33,10,0.5329101411496269,0.5720484342181069,0.018,0.75
S33,11,0.6603699924198216,0.23141830652040787,0.018,0.75
S33,12,0.374125240647414,0.4716187835116069,0.018,0.75
S33,13,0.6326240691579286,0.5951761860199404,0.018,0.75
S33,14,0.6975411496892444,0.24998514556530788,0.018,0.75
S33,15,0.31087492895945246,0.44323605360828977,0.018,0.75
S33,16,0.5487342299529324,0.5973975220420482,0.018,0.75
S33,17,0.7587809039855419,0.20434305460299093,0.018,0.75
S33,18,0.4375255365230554,0.43541618036748975,0.018,0.75
S33,19,0.5827460119539363,0.5630390822489434,0.018,0.75
S33,20,0.604748524357519,0.24462440774503016,0.018,0.75
S33,21,0.45089331162851426,0.4390344878527827,0.018,0.75
S33,22,0.4960253028035368,0.551210625549853,0.018,0.75
S33,23,0.729043322691279,0.23220678477509282,0.018,0.75
S33,24,0.3625684876515223,0.43597881358499085,0.018,0.75
S33,25,0.44799387124083906,0.5255938012360608,0.018,0.75
S33,26,0.744026522043239,0.1957251724231211,0.018,0.75
S33,27,0.44333283700166903,0.4979043815304782,0.018,0.75
S34,0,0.25451130629749646,0.5227546294950925,0.018,0.75
S34,1,0.6790167962501998,0.563094339082174,0.018,0.75
S34,2,0.780112148304381,0.31999384994429075,0.018,0.75
S34,3,0.37056415458602265,0.6189641013090531,0.018,0.75
S34,4,0.545163586653466,0.6312799660225323,0.018,0.75
S34,5,0.6825909887995465,0.2557075179456198,0.018,0.75
S34,6,0.4732459202124869,0.4195960655292194,0.018,0.75
S34,7,0.5392133898102118,0.6419085867838514,0.018,0.75
S34,8,0.5650661069751788,0.25009023011513354,0.018,0.75
S34,9,0.35790612295202057,0.515190126814034,0.018,0.75
S34,10,0.5819014327975115,0.596895595651955,0.018,0.75
S34,11,0.6097014442096282,0.28354008980351797,0.018,0.75
S34,12,0.42612699932158543,0.5059219928165847,0.018,0.75
S34,13,0.5482060923615144,0.6057679055881274,0.018,0.75
S34,14,0.7537098355287483,0.3449950131290958,0.018,0.75
S34,15,0.41871703053522574,0.5056506810224214,0.018,0.75
S34,16,0.555308955883765,0.6005069334314499,0.018,0.75
S34,17,0.7703355583752329,0.22831273440869762,0.018,0.75
S34,18,0.4120870516053962,0.46096581554369104,0.018,0.75
S34,19,0.6556062126437319,0.5504934021565308,0.018,0.75
S34,20,0.740017037840113,0.24531942990109018,0.018,0.75
S34,21,0.36414703178958807,0.5022509186468384,0.018,0.75
S34,22,0.5180213688960317,0.5900217239599724,0.018,0.75
S34,23,0.6472386040700548,0.31171702849909544,0.018,0.75
S34,24,0.37650926855708927,0.4493712838025189,0.018,0.75
S34,25,0.5805058434543586,0.5644530155210263,0.018,0.75
S34,26,0.7812743527159207,0.22665828738148977,0.018,0.75
S34,27,0.4059987351180371,0.46242287078214805,0.018,0.75
S34,28,0.6814644817344677,0.539532123403902,0.018,0.75
S34,29,0.6490197953669268,0.20115385714035816,0.018,0.75
S34,30,0.3482400904794627,0.4930487362149587,0.018,0.75
S34,31,0.5255741659369466,0.6471935275241468,0.018,0.75
S34,32,0.602291760905931,0.23290593393294132,0.018,0.75
S34,33,0.45201311589387927,0.4575301081753976,0.018,0.75
S34,34,0.6117610670254143,0.5104135469507421,0.018,0.75
S34,35,0.6015626977020139,0.290762302470582,0.018,0.75
S34,36,0.3416562820136084,0.5179501464771117,0.018,0.75
S34,37,0.4920010554921163,0.5887124564996046,0.018,0.75
S34,38,0.7181107525078694,0.33450483252654406,0.018,0.75
S34,39,0.3946548546716411,0.49515462857738324,0.018,0.75
S34,40,0.47181762790802256,0.5481347092906202,0.018,0.75
S34,41,0.7850904114400371,0.28906932522133555,0.018,0.75
S34,42,0.3837336528828973,0.44993644836784485,0.018,0.75
S34,43,0.5578077513686867,0.5307583199106396,0.018,0.75
S34,44,0.6272279554116147,0.27098370539038474,0.018,0.75
S34,45,0.39457434808704334,0.43434155793289375,0.018,0.75
S34,46,0.5322442672964672,0.5141139006687793,0.018,0.75
S34,47,0.6584494295891367,0.3338420509859545,0.018,0.75
S34,48,0.3402963751370217,0.4474192055500796,0.018,0.75
S34,49,0.5120638629154892,0.6202474878190622,0.018,0.75
S34,50,0.7160369820208934,0.15734751975662925,0.018,0.75
S34,51,0.37520988032180863,0.4732998986212855,0.018,0.75
S35,0,0.738692034941292,0.760128910620672,0.018,0.75
S35,1,0.6185063938958174,0.13838349904721572,0.018,0.75
S35,2,0.06171268977090054,0.02,0.018,0.75
S35,3,0.5489946169926763,0.6617183793870998,0.018,0.75
S35,4,0.98,0.20047168558509515,0.018,0.75
S35,5,0.98,0.058350460192098635,0.018,0.75
S35,6,0.7851905385549636,0.8556473580048938,0.018,0.75
S35,7,0.48641376849244594,0.02,0.018,0.75
S35,8,0.2091911652474182,0.032893366321896635,0.018,0.75
S35,9,0.5959054337286206,0.5480900164684173,0.018,0.75
S35,10,0.98,0.02,0.018,0.75
S35,11,0.7852017894313729,0.189145068289769,0.018,0.75
S35,12,0.18388019334597505,0.98,0.018,0.75
S35,13,0.858141181740106,0.2937760651333184,0.018,0.75
S35,14,0.067257657888875,0.02,0.018,0.75
S35,15,0.5748860158044753,0.4592693347306277,0.018,0.75
S35,16,0.98,0.4859503534197701,0.018,0.75
S35,17,0.6038885774565623,0.11119901416188484,0.018,0.75
S35,18,0.7292654350127485,0.98,0.018,0.75
S35,19,0.8859410885656975,0.4885292943306556,0.018,0.75
S35,20,0.12321739066459526,0.11275219790244098,0.018,0.75
S35,21,0.4823540018825385,0.3021107641745078,0.018,0.75
S35,22,0.8306169287078851,0.3089469973078668,0.018,0.75
S35,23,0.98,0.02,0.018,0.75
S35,24,0.6358062665866784,0.98,0.018,0.75
S35,25,0.98,0.228416887214976,0.018,0.75
S35,26,0.02,0.14273870296283925,0.018,0.75
S35,27,0.6642399642869034,0.6445048465859288,0.018,0.75
S35,28,0.9204135558792368,0.02,0.018,0.75
S35,29,0.98,0.02,0.018,0.75
S35,30,0.98,0.98,0.018,0.75
S35,31,0.805762906323457,0.14186047923063694,0.018,0.75
S35,32,0.02,0.062486890258000624,0.018,0.75
S35,33,0.5873727420325116,0.7856127024887484,0.018,0.75
S35,34,0.98,0.02,0.018,0.75
S35,35,0.98,0.02,0.018,0.75
S35,36,0.41985623107293174,0.8035928723220737,0.018,0.75
S35,37,0.8350884780716379,0.31109626036353943,0.018,0.75
S35,38,0.18947631013661664,0.02,0.018,0.75
S35,39,0.9151612174430566,0.6017875887375802,0.018,0.75
S35,40,0.9684292172579673,0.02,0.018,0.75
S35,41,0.4491697835109089,0.17668425923703038,0.018,0.75
S35,42,0.6090641526235246,0.9552719483386565,0.018,0.75
S35,43,0.7783808726014099,0.06061790311617693,0.018,0.75
S35,44,0.33820446707156987,0.02,0.018,0.75
S35,45,0.45585394956529907,0.48040960113981546,0.018,0.75
S35,46,0.8437351285947651,0.02,0.018,0.75
S35,47,0.98,0.02,0.018,0.75
S35,48,0.6043413957453143,0.9398392627129825,0.018,0.75
S35,49,0.4776116738803493,0.28033621544858156,0.018,0.75
S35,50,0.02,0.02,0.018,0.75
S35,51,0.403118351459379,0.5681836127059826,0.018,0.75
S35,52,0.98,0.02,0.018,0.75
S35,53,0.9020300177617218,0.02331421217462518,0.018,0.75
S35,54,0.7677265456187673,0.9252710280352618,0.018,0.75
S35,55,0.98,0.2253284133141806,0.018,0.75
S35,56,0.02,0.040528607963090504,0.018,0.75
S35,57,0.3126548386881782,0.5246934992353606,0.018,0.75
S35,58,0.6359402916565692,0.29484839911131355,0.018,0.75
S35,59,0.98,0.02,0.018,0.75
S35,60,0.8306277997103012,0.7403660292789842,0.018,0.75
S35,61,0.7253916835368679,0.16599175002434588,0.018,0.75
S35,62,0.02,0.02,0.018,0.75
S35,63,0.493711395334046,0.6244693215179214,0.018,0.75
S35,64,0.8912246421162098,0.02,0.018,0.75
S35,65,0.98,0.02,0.018,0.75
S35,66,0.5543848604649544,0.9285369441361683,0.018,0.75
S35,67,0.6459033613641378,0.034948150199167,0.018,0.75
S35,68,0.14314766026780418,0.02,0.018,0.75
S35,69,0.45364722081639475,0.5526339048972156,0.018,0.75
S35,70,0.98,0.0994093916111316,0.018,0.75
S35,71,0.98,0.07908077952432713,0.018,0.75
S35,72,0.98,0.98,0.018,0.75
S35,73,0.8240730061543013,0.02,0.018,0.75
S35,74,0.2015923843435038,0.02,0.018,0.75
S35,75,0.5056307216668976,0.9476633580151829,0.018,0.75
S35,76,0.98,0.16985061015860603,0.018,0.75
S35,77,0.6735244298845755,0.10895163071329306,0.018,0.75
S35,78,0.7774631530052293,0.98,0.018,0.75
S35,79,0.7336349168643375,0.02,0.018,0.75
S35,80,0.21573312889245377,0.10170091452643513,0.018,0.75
S36,0,0.40632424707586623,0.47627062554690297,0.018,0.75
S36,1,0.5048352426129695,0.5298547506863901,0.018,0.75
S36,2,0.7540028313723428,0.27830569422977514,0.018,0.75
S36,3,0.4030879654288421,0.5123102794269385,0.018,0.75
S36,4,0.5898564370892393,0.46926422644124854,0.018,0.75
S36,5,0.781869690627344,0.291518792538443,0.018,0.75
S36,6,0.24840638714282892,0.45539615220912144,0.018,0.75
S36,7,0.5204703119796307,0.5196789060940179,0.018,0.75
S36,8,0.7169254565699849,0.2649784294788933,0.018,0.75
S36,9,0.4098407439659304,0.45434401406967223,0.018,0.75
S36,10,0.5819161383755276,0.5942307896176598,0.018,0.75
S36,11,0.6314464141136749,0.21009800293162242,0.018,0.75
S36,12,0.3262572618271477,0.34673375038206417,0.018,0.75
S36,13,0.5589682016139902,0.6426581004721046,0.018,0.75
S36,14,0.7538761625341858,0.2123209068703066,0.018,0.75
S36,15,0.3713609236135247,0.4615529500060987,0.018,0.75
S36,16,0.5612721007984836,0.5730326513521615,0.018,0.75
S36,17,0.663622125547335,0.20527165555726817,0.018,0.75
S36,18,0.3859644598615421,0.34112003762047066,0.018,0.75
S36,19,0.4635644116571519,0.4877903929019579,0.018,0.75
S36,20,0.5693646266134397,0.2872756996848729,0.018,0.75
S36,21,0.3361892923587431,0.48776653675740583,0.018,0.75
S36,22,0.4660034072594266,0.5203291564161486,0.018,0.75
S36,23,0.6106675933567581,0.22483308765376447,0.018,0.75
S36,24,0.3119096146879581,0.43646624678387963,0.018,0.75
S36,25,0.6439073664870151,0.504541354972989,0.018,0.75
S36,26,0.6236274689353601,0.3353131104917345,0.018,0.75
S36,27,0.3012220729668096,0.5280519978738765,0.018,0.75
S36,28,0.49089854658582316,0.5249353858345459,0.018,0.75
S36,29,0.8106312180326716,0.2292608246704558,0.018,0.75
S36,30,0.43560078631798643,0.38619448143280666,0.018,0.75
S36,31,0.4936982785430899,0.5273672982259633,0.018,0.75
S36,32,0.6640113072960047,0.28142338608453527,0.018,0.75
S36,33,0.3336563532085845,0.5569102890191165,0.018,0.75
S36,34,0.5388544840231543,0.5883574546110957,0.018,0.75
S36,35,0.6734171335767085,0.21487746676980837,0.018,0.75
S36,36,0.3840810853000178,0.3500378237472167,0.018,0.75
S36,37,0.5547057224766369,0.4468697975071343,0.018,0.75
S36,38,0.5691007825742492,0.29234262297001856,0.018,0.75
S36,39,0.35339400423082057,0.315650143987163,0.018,0.75
S36,40,0.5241018378916368,0.553308761184421,0.018,0.75
S36,41,0.7719942907755477,0.20111406466778314,0.018,0.75
S36,42,0.3297076531120332,0.44916112498941885,0.018,0.75
S36,43,0.5081077199470484,0.5374439528492256,0.018,0.75
S36,44,0.6666506440945984,0.12929331779245753,0.018,0.75
S36,45,0.4371194774602148,0.42237507944111485,0.018,0.75
S36,46,0.5970862216377839,0.5208615763024143,0.018,0.75
S36,47,0.7689796138177928,0.25786739315410956,0.018,0.75
S36,48,0.38149917944094763,0.45060581902723285,0.018,0.75
S36,49,0.5179564917193953,0.4737447743278806,0.018,0.75
S36,50,0.6556735679757887,0.2527175828100922,0.018,0.75
S36,51,0.39634382314384364,0.5048230626741398,0.018,0.75
S36,52,0.42032396839078645,0.5698296195708925,0.018,0.75
S36,53,0.7259571334982549,0.2735969902238724,0.018,0.75
S36,54,0.4028044410909114,0.49263698393539423,0.018,0.75
S36,55,0.5665038642188017,0.6441214127194926,0.018,0.75
S36,56,0.7609004782610964,0.29712400167443476,0.018,0.75
S36,57,0.411548068305328,0.5005628917332001,0.018,0.75
S36,58,0.5465859721220052,0.6338894783179267,0.018,0.75
S36,59,0.7425249388235596,0.24236950589555634,0.018,0.75
S36,60,0.42891093876010605,0.35156900458785856,0.018,0.75
S36,61,0.5341105711284521,0.5802487941217228,0.018,0.75
S36,62,0.7538310751644485,0.23159094466091495,0.018,0.75
S36,63,0.42657934881184834,0.44836134850721066,0.018,0.75
S36,64,0.4887077800959227,0.5496829915955508,0.018,0.75
S36,65,0.6972666339875513,0.2837603180396299,0.018,0.75
S36,66,0.32664730588290697,0.47972597405183454,0.018,0.75
S36,67,0.592864507888928,0.4788497066264113,0.018,0.75
S36,68,0.7135576866443984,0.3353368250031158,0.018,0.75
S36,69,0.30658327835207677,0.4514720182995397,0.018,0.75
S36,70,0.4918824324809419,0.585167231663745,0.018,0.75
S36,71,0.6897652858823689,0.208058904920385,0.018,0.75
S36,72,0.35803816880455985,0.5248362255570249,0.018,0.75
S36,73,0.5409794378839482,0.5750339579210278,0.018,0.75
S36,74,0.6742937020788295,0.23592647985294632,0.018,0.75
S36,75,0.4843032420249187,0.4128989665476696,0.018,0.75
S36,76,0.5491226492453708,0.6212266060333702,0.018,0.75
S36,77,0.6903692624457348,0.34142956504176236,0.018,0.75
S36,78,0.43175475725758033,0.47014459715516566,0.018,0.75
S36,79,0.5824415320647212,0.6046319120369598,0.018,0.75
S36,80,0.6641495744806185,0.21158823974065538,0.018,0.75
S36,81,0.36351040369269755,0.4322625585833554,0.018,0.75
S36,82,0.4979857301500804,0.6020214096038654,0.018,0.75
S36,83,0.6750613789578294,0.17316897280823812,0.018,0.75
S36,84,0.3292916980505009,0.5028134053472375,0.018,0.75
S36,85,0.5568040976638396,0.5007143009292913,0.018,0.75
S36,86,0.7622072157234285,0.2597247569529595,0.018,0.75
S36,87,0.3785735963518451,0.4725606406321679,0.018,0.75
S36,88,0.531229651141234,0.6521796151412184,0.018,0.75
S36,89,0.7144793898886076,0.18712963502224308,0.018,0.75
S36,90,0.3714991659869554,0.4165338726702949,0.018,0.75
S36,91,0.5077656806242845,0.5517951071308358,0.018,0.75
S36,92,0.7071362536079241,0.3110766056230774,0.018,0.75
S36,93,0.3844064751581601,0.44308998965586055,0.018,0.75
S36,94,0.5261576581669515,0.6062802211034897,0.018,0.75
S36,95,0.7019499493083395,0.18895957209225034,0.018,0.75
S36,96,0.40914182533306737,0.48399653940772175,0.018,0.75
S36,97,0.6324994816773273,0.5124013043342206,0.018,0.75
S36,98,0.6630123484916027,0.26281500731034624,0.018,0.75
S36,99,0.42874283229006804,0.47883603106480843,0.018,0.75
S36,100,0.6037158450433932,0.518242132502915,0.018,0.75
S36,101,0.7931350345007669,0.2887469902802984,0.018,0.75
S36,102,0.43635626721702514,0.5671408637531038,0.018,0.75
S36,103,0.49460377927848737,0.6516741041496315,0.018,0.75
S36,104,0.7007243080036532,0.2704620607804892,0.018,0.75
S36,105,0.3794309845722518,0.45579777124248555,0.018,0.75
S36,106,0.5465045322492215,0.6120791360488123,0.018,0.75
S36,107,0.6707215010992738,0.24115921537560833,0.018,0.75
S36,108,0.370817049384846,0.520336811919319,0.018,0.75
S36,109,0.49940659605980725,0.5797920008303076,0.018,0.75
S37,0,0.28058163560035937,0.4670822645404291,0.018,0.75
S37,1,0.5881756578232848,0.5545696688804406,0.018,0.75
S37,2,0.6946883367833684,0.3045904548478845,0.018,0.75
S37,3,0.405919486727663,0.3866214191993731,0.018,0.75
S37,4,0.49249684087354584,0.588461313034677,0.018,0.75
S37,5,0.7067837853331692,0.26524266554718445,0.018,0.75
S37,6,0.4072818791696383,0.48733463434951746,0.018,0.75
S37,7,0.5287043058566571,0.6453163098789929,0.018,0.75
S37,8,0.7187158426652854,0.18565710130726032,0.018,0.75
S37,9,0.33015460000420777,0.4669297184467365,0.018,0.75
S37,10,0.6040521349516392,0.6502213635077359,0.018,0.75
S37,11,0.7141890750193373,0.2766869969607689,0.018,0.75
S37,12,0.3286507185134354,0.44866648789389885,0.018,0.75
S37,13,0.5272415289435555,0.6288175867712855,0.018,0.75
S37,14,0.6728127024549511,0.22552620947436555,0.018,0.75
S37,15,0.37673020806415514,0.5249950690104623,0.018,0.75
S37,16,0.5387128618756597,0.44434259371638185,0.018,0.75
S37,17,0.6669086155134756,0.21751503005347936,0.018,0.75
S37,18,0.42227277697693993,0.412394650670257,0.018,0.75
S37,19,0.5650052272757671,0.586020384571611,0.018,0.75
S37,20,0.7336927862670513,0.35543690108355425,0.018,0.75
S37,21,0.44199531611610837,0.37443541533930325,0.018,0.75
S37,22,0.579623097993562,0.5483147159572126,0.018,0.75
S37,23,0.7305629335732313,0.19291994259302273,0.018,0.75
S37,24,0.36872183470791303,0.3532896644466665,0.018,0.75
S37,25,0.4845842461818408,0.5751188400619587,0.018,0.75
S37,26,0.7376362267691795,0.19455992926917445,0.018,0.75
S37,27,0.38617969500166344,0.39299869401108284,0.018,0.75
S38,0,0.4703933254676983,0.4838590249366732,0.018,0.75
S38,1,0.02,0.1370606252294234,0.018,0.75
S38,2,0.1775732811772997,0.3034776626519706,0.018,0.75
S38,3,0.603374329242117,0.1422060009130052,0.018,0.75
S38,4,0.7542133536549764,0.6566211199911104,0.018,0.75
S38,5,0.3749566081366341,0.9799404248948524,0.018,0.75
S38,6,0.655675439103222,0.8451562550011483,0.018,0.75
S38,7,0.02,0.21802704265764844,0.018,0.75
S38,8,0.1632602583862907,0.4369391365704369,0.018,0.75
S38,9,0.4922323338779984,0.20230624356349255,0.018,0.75
S38,10,0.44897753952936736,0.8534682751421949,0.018,0.75
S38,11,0.7997301279379463,0.98,0.018,0.75
S38,12,0.2914055315782048,0.5808352877008847,0.018,0.75
S38,13,0.1882002029702582,0.48954145718475905,0.018,0.75
S38,14,0.30474166782941214,0.15336200449462828,0.018,0.75
S38,15,0.23391931329137572,0.6075744114770876,0.018,0.75
S38,16,0.4282411192889366,0.98,0.018,0.75
S38,17,0.5289604645629166,0.98,0.018,0.75
S38,18,0.22620383293425467,0.8030475794909424,0.018,0.75
S38,19,0.02,0.24914097244186895,0.018,0.75
S38,20,0.06550726405999889,0.13210269082723314,0.018,0.75
S38,21,0.644657676626866,0.02,0.018,0.75
S38,22,0.1691654971688441,0.7272858842263086,0.018,0.75
S38,23,0.5755517605262223,0.98,0.018,0.75
S38,24,0.2148580345240505,0.9662116425791611,0.018,0.75
S38,25,0.02,0.38610557357879616,0.018,0.75
S38,26,0.12125123763706658,0.3549599249000352,0.018,0.75
S38,27,0.45706131721206655,0.2593689025869886,0.018,0.75
S38,28,0.623806107297102,0.7406133070781302,0.018,0.75
S38,29,0.737690743711719,0.98,0.018,0.75
S38,30,0.17927417410950738,0.8159915798710109,0.018,0.75
S38,31,0.03621452298199403,0.6260475916979545,0.018,0.75
S38,32,0.3488777033874545,0.02,0.018,0.75
S38,33,0.5549385700297598,0.16547781427703956,0.018,0.75
S38,34,0.7850139319810118,0.48898526505087797,0.018,0.75
S38,35,0.7152160571594733,0.98,0.018,0.75
S38,36,0.5706220797761674,0.5215479826407204,0.018,0.75
S38,37,0.02,0.4565057867533404,0.018,0.75
S38,38,0.02806319088056028,0.3316222760160204,0.018,0.75
S38,39,0.3410043351698828,0.14140809320807893,0.018,0.75
S38,40,0.718357479801781,0.6029041788207634,0.018,0.75
S38,41,0.5349491104321465,0.9036215246352961,0.018,0.75
S38,42,0.3344830843202588,0.5234574404619217,0.018,0.75
S38,43,0.37352752902834935,0.5277235432199028,0.018,0.75
S38,44,0.02,0.06763035105489537,0.018,0.75
S38,45,0.7158749689133729,0.3413335984800925,0.018,0.75
S38,46,0.6079778845278068,0.7167313881139453,0.018,0.75
S38,47,0.48849290952248803,0.9672373131203005,0.018,0.75
S38,48,0.29563087561489954,0.9790533832595696,0.018,0.75
S38,49,0.24204672146189474,0.7088627711869764,0.018,0.75
S38,50,0.20947037327197246,0.426246945525077,0.018,0.75
S38,51,0.6829033305778852,0.3614776966090145,0.018,0.75
S39,0,0.3495118879634692,0.37597450523960696,0.018,0.75
S39,1,0.5372906012175988,0.5448480568110476,0.018,0.75
S39,2,0.7679018587205858,0.27482351760595,0.018,0.75
S39,3,0.29120738072519237,0.40896473544279827,0.018,0.75
S39,4,0.4927703376481804,0.5001209529920627,0.018,0.75
S39,5,0.7316898334570415,0.25567979118369727,0.018,0.75
S39,6,0.3785332709240065,0.4793208985240673,0.018,0.75
S39,7,0.5501878591657022,0.6342950004761503,0.018,0.75
S39,8,0.7032688407982913,0.2560434998822041,0.018,0.75
S39,9,0.3853354443446965,0.4712921700219112,0.018,0.75
S39,10,0.5935854103798658,0.612676631407687,0.018,0.75
S39,11,0.674375492272402,0.17834766460620413,0.018,0.75
S39,12,0.34868220817531226,0.48607592075746475,0.018,0.75
S39,13,0.5341548018722234,0.6055355850531232,0.018,0.75
S39,14,0.6265899177854658,0.30977057922126877,0.018,0.75
S39,15,0.35140074296470736,0.5054645636642051,0.018,0.75
S39,16,0.5243693377949132,0.5377201362963746,0.018,0.75
S39,17,0.6772373921138125,0.3093716068540275,0.018,0.75
S39,18,0.3963302727611361,0.4827645969378334,0.018,0.75
S39,19,0.546426313003787,0.6956843678378997,0.018,0.75
S39,20,0.750678149120818,0.17151083444943774,0.018,0.75
S39,21,0.4033815934234934,0.3648151043046212,0.018,0.75
S39,22,0.5935715405386726,0.5801944193900145,0.018,0.75
S39,23,0.7084113963676878,0.3183066550339366,0.018,0.75
S39,24,0.3300293739557839,0.46133484981862716,0.018,0.75
S39,25,0.5088193658118632,0.6461215160388871,0.018,0.75
S39,26,0.751560166200322,0.1965416227413318,0.018,0.75
S39,27,0.3487428832443996,0.3930562006661497,0.018,0.75
S39,28,0.5668514157579913,0.5299441974326318,0.018,0.75
S39,29,0.6295457920941994,0.23305990450564582,0.018,0.75
S39,30,0.36185389335682444,0.421419187342432,0.018,0.75
S39,31,0.590637349854094,0.5123006158355048,0.018,0.75
S39,32,0.7400510212570838,0.27033822258639173,0.018,0.75
S39,33,0.37666744009522046,0.5022779200066552,0.018,0.75
S39,34,0.5889215944350754,0.5842327791581888,0.018,0.75
S39,35,0.7232544193134833,0.19728113200758363,0.018,0.75
S39,36,0.39096275519437734,0.5631595800197197,0.018,0.75
S39,37,0.5214784947687368,0.5029721376605862,0.018,0.75
S39,38,0.6982431347904741,0.31657211748714686,0.018,0.75
S39,39,0.38440063278950726,0.5358893803294534,0.018,0.75
S39,40,0.5522039968573654,0.6024842434169928,0.018,0.75
S39,41,0.7539817020556854,0.17395533053778672,0.018,0.75
S39,42,0.30972085585637676,0.3492222591607608,0.018,0.75
S39,43,0.5856583745292472,0.5499717739623187,0.018,0.75
S39,44,0.7062986013295405,0.28790421294094404,0.018,0.75
S39,45,0.3864885575185526,0.3910653509619905,0.018,0.75
S39,46,0.5915254546640278,0.6022325245931498,0.018,0.75
S39,47,0.6462500972390169,0.20829731442102467,0.018,0.75
S39,48,0.43242727220592514,0.48938593355440524,0.018,0.75
S39,49,0.5283417582197061,0.6941943074253695,0.018,0.75
S39,50,0.6183999522294272,0.28219649913950695,0.018,0.75
S39,51,0.38402536981727076,0.47058758578916576,0.018,0.75
S39,52,0.5591810650043532,0.7080172678585271,0.018,0.75
S39,53,0.617053425528295,0.24714368104882262,0.018,0.75
S39,54,0.3448311819790473,0.39206017237959473,0.018,0.75
S39,55,0.5363162910334127,0.6017643001282443,0.018,0.75
S39,56,0.6361941329960475,0.29498426289991775,0.018,0.75
S39,57,0.3509186728937277,0.37596268110252123,0.018,0.75
S39,58,0.5715338113994335,0.5784424233015375,0.018,0.75
S39,59,0.6750032837236758,0.31145336028303033,0.018,0.75
S39,60,0.39562557035671625,0.45960823478010737,0.018,0.75
S39,61,0.4775060376155784,0.57497030030211,0.018,0.75
S39,62,0.741887849292837,0.26830805171353017,0.018,0.75
S39,63,0.39711028132494697,0.39285113140817285,0.018,0.75
S39,64,0.5675596308873352,0.6285058874078777,0.018,0.75
S39,65,0.650480895686761,0.17101596812485315,0.018,0.75
S39,66,0.2703994181969611,0.4916709004389878,0.018,0.75
S39,67,0.5489688570045723,0.5876494337718062,0.018,0.75
S39,68,0.7730011289706791,0.29067606794059747,0.018,0.75
S39,69,0.35962299441758117,0.42591830489746424,0.018,0.75
S39,70,0.6154716248693597,0.613969335437211,0.018,0.75
S39,71,0.6708467048079613,0.28817140391337775,0.018,0.75
S39,72,0.30564741071600576,0.5763200646074118,0.018,0.75
S39,73,0.5966290551627048,0.5649237963276029,0.018,0.75
S39,74,0.7168123820363028,0.3056973348613956,0.018,0.75
S39,75,0.4226481869284667,0.3735462775157039,0.018,0.75
S39,76,0.5079073197783952,0.5420990943710416,0.018,0.75
S39,77,0.7305641599924756,0.19035369250325473,0.018,0.75
S39,78,0.3553595935790785,0.4625067573988913,0.018,0.75
S39,79,0.6864479217095668,0.496638818898818,0.018,0.75
S39,80,0.6479713333159788,0.2694985886640576,0.018,0.75
S40,0,0.3207453453869853,0.459071935865559,0.018,0.75
S40,1,0.5959587893210182,0.5363141621860068,0.018,0.75
S40,2,0.6828921461258574,0.15736332174194675,0.018,0.75
S40,3,0.3208070334830271,0.5329797110043055,0.018,0.75
S40,4,0.5375058988556851,0.6304197851228764,0.018,0.75
S40,5,0.7565005106313263,0.08405989792278698,0.018,0.75
S40,6,0.32114180443064144,0.4300222202073201,0.018,0.75
S40,7,0.5734636371650784,0.5665790648733405,0.018,0.75
S40,8,0.6383042721169118,0.4213607450146676,0.018,0.75
S40,9,0.36038250905398195,0.5045599395263695,0.018,0.75
S40,10,0.5962840602315072,0.592715675746388,0.018,0.75
S40,11,0.6944916472581744,0.33686153766679156,0.018,0.75
S40,12,0.35003471335773656,0.40641259696684173,0.018,0.75
S40,13,0.5319413882011279,0.6074233315010423,0.018,0.75
S40,14,0.7298561060649504,0.18414407118808548,0.018,0.75
S40,15,0.40847617483436416,0.47209210210258057,0.018,0.75
S40,16,0.5127849742649929,0.5785215135616458,0.018,0.75
S40,17,0.6796134898571492,0.200453972656571,0.018,0.75
S40,18,0.31020126576604246,0.47094177608214377,0.018,0.75
S40,19,0.45341840843224057,0.6370012528938396,0.018,0.75
S40,20,0.6481002294760886,0.25493172387263197,0.018,0.75
S40,21,0.4326730470091561,0.48929173518111174,0.018,0.75
S40,22,0.5993239170132547,0.5873132664305882,0.018,0.75
S40,23,0.6937523123867694,0.2437478163041481,0.018,0.75
S40,24,0.40417770724263286,0.4323644624451886,0.018,0.75
S40,25,0.5352590860341931,0.5635104380263689,0.018,0.75
S40,26,0.6562275875537034,0.2833318917478635,0.018,0.75
S40,27,0.40562349943189124,0.4810704211578076,0.018,0.75
S40,28,0.5362069442882916,0.5408889235028832,0.018,0.75
S40,29,0.8390959742102323,0.110066183622304,0.018,0.75
S40,30,0.4139460116004447,0.38083104963687514,0.018,0.75
S40,31,0.4778789155327088,0.6810061711353528,0.018,0.75
S40,32,0.8133239611246991,0.2528781516613854,0.018,0.75
S40,33,0.38998986677317243,0.4667496581876405,0.018,0.75
S40,34,0.4873576526036301,0.618614186814005,0.018,0.75
S40,35,0.6565535017347404,0.17546589999786238,0.018,0.75
S40,36,0.37160471901598235,0.4552354025191922,0.018,0.75
S40,37,0.44444001194421096,0.6966951810751918,0.018,0.75
S40,38,0.7265851465918898,0.24987501390390507,0.018,0.75
S40,39,0.42203837775753184,0.40806284303405843,0.018,0.75
S40,40,0.5538323513840088,0.5614247723488022,0.018,0.75
S40,41,0.6601917061301179,0.17987533562194918,0.018,0.75
S40,42,0.5041288649743308,0.42771828328014,0.018,0.75
S40,43,0.6224479876529928,0.5599814347506662,0.018,0.75
S40,44,0.659780075644731,0.3270169109470208,0.018,0.75
S40,45,0.30699017076306195,0.5130458427503322,0.018,0.75
S40,46,0.5712594937958066,0.5942621579998482,0.018,0.75
S40,47,0.6676372539837668,0.21679561569854827,0.018,0.75
S40,48,0.29975690349982165,0.5495589635009502,0.018,0.75
S40,49,0.5545292223639829,0.5746591269539394,0.018,0.75
S40,50,0.6109737138494703,0.1685619140419914,0.018,0.75
S40,51,0.33452174901482706,0.42014918526741374,0.018,0.75
S40,52,0.44111796521146146,0.4888749902903491,0.018,0.75
S40,53,0.6385345390845407,0.19929044871472112,0.018,0.75
S40,54,0.36668501433744993,0.4437553595320265,0.018,0.75
S40,55,0.5382353175155525,0.5025528867402252,0.018,0.75
S40,56,0.7388392330279419,0.3095460480734333,0.018,0.75
S40,57,0.3928547524465308,0.4309086355305258,0.018,0.75
S40,58,0.4729220450305923,0.6640091702253941,0.018,0.75
S40,59,0.644413887270535,0.2086800412923289,0.018,0.75
S40,60,0.35187050630800265,0.43101238591902163,0.018,0.75
S40,61,0.5851013337429628,0.5905382542641252,0.018,0.75
S40,62,0.752135659454118,0.17066353910110743,0.018,0.75
S40,63,0.43906359108244747,0.45271861775165206,0.018,0.75
S40,64,0.5987998809685848,0.6280882577098276,0.018,0.75
S40,65,0.6913950852961789,0.4099246902928406,0.018,0.75
S40,66,0.3810049900321043,0.49323496224102403,0.018,0.75
S40,67,0.60019238632325,0.5856707507018608,0.018,0.75
S40,68,0.7441727857215084,0.22908151094465978,0.018,0.75
S40,69,0.44977645275670924,0.39275942415846593,0.018,0.75
S40,70,0.5010624018660018,0.5591036402718528,0.018,0.75
S40,71,0.7292068651268784,0.253305723827713,0.018,0.75
S40,72,0.3993181717884119,0.3714869797908243,0.018,0.75
S40,73,0.6084062879671813,0.5442569880910652,0.018,0.75
S40,74,0.6774138928079155,0.27933514825954603,0.018,0.75
S40,75,0.3744187126741941,0.4587708601532526,0.018,0.75
S40,76,0.48412150177214247,0.5041990699842529,0.018,0.75
S40,77,0.7515362210274649,0.18245888992070208,0.018,0.75
S40,78,0.36362640539591734,0.39265797671964725,0.018,0.75
S40,79,0.5270111912567703,0.6690971292768089,0.018,0.75
S40,80,0.7587453414773816,0.23291907774929946,0.018,0.75
S40,81,0.3448061408514692,0.46453625353721434,0.018,0.75
S40,82,0.5132880106459913,0.5516098739466038,0.018,0.75
S40,83,0.7024652438699689,0.2738233767945568,0.018,0.75
S40,84,0.3627805524361329,0.440151810571598,0.018,0.75
S40,85,0.5621942786543274,0.5417947690635017,0.018,0.75
S40,86,0.775045764426478,0.2106318338858666,0.018,0.75
S40,87,0.3971472756664208,0.47452770676330214,0.018,0.75
S40,88,0.5570253794536855,0.6482390677227083,0.018,0.75
S40,89,0.7600592260667672,0.17692779079515164,0.018,0.75
S40,90,0.48609529882159,0.4182838359134369,0.018,0.75
S40,91,0.7215688939055347,0.677637926583593,0.018,0.75
S40,92,0.7008629828042318,0.2731863653493742,0.018,0.75
S40,93,0.31921381097957136,0.4791701063273754,0.018,0.75
S40,94,0.5706684674923445,0.5548232636284169,0.018,0.75
S40,95,0.6855465153862004,0.2977466304336608,0.018,0.75
S40,96,0.3971993688634486,0.5117627991750233,0.018,0.75
S40,97,0.4483926511444883,0.5021680825277468,0.018,0.75
S40,98,0.6555895548581736,0.3653323463264233,0.018,0.75
S40,99,0.506427834577143,0.41561035275526664,0.018,0.75
S40,100,0.5235273227334614,0.6245236329051869,0.018,0.75
S40,101,0.7155291913954445,0.2965965228007584,0.018,0.75
S40,102,0.32960047221108146,0.44596840784010255,0.018,0.75
S40,103,0.4453653809555848,0.6891922901975926,0.018,0.75
S40,104,0.6508974430533792,0.19049688632705097,0.018,0.75
S40,105,0.43144382436568873,0.5743284500748477,0.018,0.75
S40,106,0.6042747753674691,0.5376880694556552,0.018,0.75
S40,107,0.7463605257731416,0.23261073951245467,0.018,0.75
S40,108,0.3893153540943146,0.4484886428397523,0.018,0.75
S40,109,0.5939328528644314,0.5260154989820381,0.018,0.75
S41,0,0.4771405368420579,0.02,0.018,0.75
S41,1,0.5582148551265323,0.8851327621536078,0.018,0.75
S41,2,0.3512462858853013,0.02,0.018,0.75
S41,3,0.5841586090227621,0.485336895500855,0.018,0.75
S41,4,0.4793275013324673,0.07128206566383355,0.018,0.75
S41,5,0.41978838905224425,0.6965994718461116,0.018,0.75
S41,6,0.24650994320522662,0.2558136128042445,0.018,0.75
S41,7,0.49710691771928717,0.8606027838929692,0.018,0.75
S41,8,0.3003870792720674,0.14081099379915546,0.018,0.75
S41,9,0.7695197635765788,0.42032408815909816,0.018,0.75
S41,10,0.7317664941821914,0.3080233412622056,0.018,0.75
S41,11,0.8082427887599881,0.48263784282017136,0.018,0.75
S41,12,0.44813597643532743,0.32019779583018665,0.018,0.75
S41,13,0.2914695486615134,0.98,0.018,0.75
S41,14,0.43812613847109744,0.2562629022580632,0.018,0.75
S41,15,0.29397533428430267,0.5660183521254696,0.018,0.75
S41,16,0.40094646425388136,0.25981243126991677,0.018,0.75
S41,17,0.6877181288055889,0.7472240294741074,0.018,0.75
S41,18,0.5648845807607117,0.24877009721172286,0.018,0.75
S41,19,0.44362937650145584,0.7001948084629438,0.018,0.75
S41,20,0.7702858363654469,0.02,0.018,0.75
S41,21,0.5973467045551537,0.4315445717458971,0.018,0.75
S41,22,0.5631103379975367,0.48794902932200596,0.018,0.75
S41,23,0.5468029339921688,0.7027479420626428,0.018,0.75
S41,24,0.555147670901148,0.2452357356943484,0.018,0.75
S41,25,0.5149079032369656,0.98,0.018,0.75
S41,26,0.3661708770148504,0.02,0.018,0.75
S41,27,0.7222101331166482,0.48195535903854037,0.018,0.75
S42,0,0.45256064070078955,0.502164806285797,0.018,0.75
S42,1,0.4521228169766411,0.5615638060540644,0.018,0.75
S42,2,0.745812092866977,0.26604071127845197,0.018,0.75
S42,3,0.38801290006798655,0.3256335942976857,0.018,0.75
S42,4,0.46849961658405465,0.5593604900452873,0.018,0.75
S42,5,0.700987659481095,0.29205660206543954,0.018,0.75
S42,6,0.3429532952259595,0.5208598060287658,0.018,0.75
S42,7,0.6072749059291328,0.5333998615225435,0.018,0.75
S42,8,0.720138314027001,0.22315127677732952,0.018,0.75
S42,9,0.33787438859677366,0.47914279996212916,0.018,0.75
S42,10,0.5586950673451123,0.6074589063504164,0.018,0.75
S42,11,0.8447919640986276,0.25344008134755175,0.018,0.75
S42,12,0.36593778267359234,0.5111566163091585,0.018,0.75
S42,13,0.5626413272956039,0.5685741529014805,0.018,0.75
S42,14,0.6433156688883541,0.16666420305621216,0.018,0.75
S42,15,0.3564985288759305,0.4350975353858246,0.018,0.75
S42,16,0.5517559494560088,0.6318373942971147,0.018,0.75
S42,17,0.6798097366677455,0.15136809092056247,0.018,0.75
S42,18,0.3212776604377209,0.4503601479077301,0.018,0.75
S42,19,0.4636597425102994,0.446411465190769,0.018,0.75
S42,20,0.6728331360227359,0.2332203254945805,0.018,0.75
S42,21,0.3784430535969599,0.4767862142147271,0.018,0.75
S42,22,0.5748911340275811,0.5576965312469037,0.018,0.75
S42,23,0.6664464219175736,0.27841171222206224,0.018,0.75
S42,24,0.44228175639524714,0.5072036791999682,0.018,0.75
S42,25,0.6012146544783611,0.6015880896101755,0.018,0.75
S42,26,0.7522695107355396,0.30919320651263693,0.018,0.75
S42,27,0.3019252035426655,0.38631738001381893,0.018,0.75
S42,28,0.4326980381056614,0.437425400484577,0.018,0.75
S42,29,0.6422273491134888,0.2261292992596004,0.018,0.75
S42,30,0.2682492075058225,0.48727332461642053,0.018,0.75
S42,31,0.5619186207637237,0.5740493917285562,0.018,0.75
S42,32,0.7875502955844368,0.15783473661006375,0.018,0.75
S42,33,0.45994192967048814,0.46364940431010254,0.018,0.75
S42,34,0.5158950561527054,0.5968960854796167,0.018,0.75
S42,35,0.6877421201500582,0.15423227659907796,0.018,0.75
S42,36,0.36388434999842745,0.4335390720083836,0.018,0.75
S42,37,0.5533606350722564,0.6232318337056711,0.018,0.75
S42,38,0.7302063649330205,0.2704721352595154,0.018,0.75
S42,39,0.41594382411955944,0.4259542726968635,0.018,0.75
S42,40,0.5758508529982374,0.5822676722644097,0.018,0.75
S42,41,0.6177866953881935,0.19035296235588986,0.018,0.75
S42,42,0.417077963431407,0.41130327052430055,0.018,0.75
S42,43,0.5363913581032639,0.5621950932689089,0.018,0.75
S42,44,0.7280839093379425,0.24938684872366193,0.018,0.75
S42,45,0.3535316523002081,0.46755170227118664,0.018,0.75
S42,46,0.5610020111695903,0.5293472224913629,0.018,0.75
S42,47,0.6685792289713347,0.25339150182411946,0.018,0.75
S42,48,0.3900328137545022,0.5180562530880481,0.018,0.75
S42,49,0.5058684211349432,0.5684687517058966,0.018,0.75
S42,50,0.7513232105056205,0.2879021285943942,0.018,0.75
S42,51,0.33982868711734876,0.46157097411508824,0.018,0.75
S43,0,0.4009730347639896,0.40675673630912934,0.018,0.75
S43,1,0.5895310733200185,0.515375824401485,0.018,0.75
S43,2,0.6298913460338667,0.20406670239101293,0.018,0.75
S43,3,0.4381998741411275,0.4193412799323352,0.018,0.75
S43,4,0.5033563810112456,0.6081113175498686,0.018,0.75
S43,5,0.6713143379536503,0.25830522129599676,0.018,0.75
S43,6,0.42967847063579345,0.45233880277911637,0.018,0.75
S43,7,0.5038990385179248,0.5194035174832691,0.018,0.75
S43,8,0.6222966501822893,0.2546575364251514,0.018,0.75
S43,9,0.40202065085679395,0.3859803084943384,0.018,0.75
S43,10,0.5648227620762087,0.6122114200591425,0.018,0.75
S43,11,0.7106584836606863,0.2644824551806497,0.018,0.75
S43,12,0.5081406089718656,0.5388612597000559,0.018,0.75
S43,13,0.6116400540375898,0.5301365865417373,0.018,0.75
S43,14,0.5605120141223511,0.31113162969073693,0.018,0.75
S43,15,0.4739260067858721,0.3428178064672716,0.018,0.75
S43,16,0.5237341995770513,0.5616559103844444,0.018,0.75
S43,17,0.6860331228253741,0.2972767234999969,0.018,0.75
S43,18,0.3273842257263909,0.3869849456854421,0.018,0.75
S43,19,0.5580494148142054,0.5449656703318012,0.018,0.75
S43,20,0.660594263910137,0.2620920054548246,0.018,0.75
S43,21,0.32291919925382456,0.48205101300907616,0.018,0.75
S43,22,0.483822125234571,0.6014654667121794,0.018,0.75
S43,23,0.6626582505033555,0.10067813945792647,0.018,0.75
S43,24,0.38833694087322124,0.6071431020585372,0.018,0.75
S43,25,0.5194893702580657,0.6451271077478206,0.018,0.75
S43,26,0.6685553848381321,0.2859719510044239,0.018,0.75
S43,27,0.3667541134635051,0.4642408534051221,0.018,0.75
S43,28,0.5574403786792135,0.5534740754765144,0.018,0.75
S43,29,0.769935546219891,0.22210235547510812,0.018,0.75
S43,30,0.43850804620504086,0.4318992215950088,0.018,0.75
S43,31,0.625963825802577,0.6049864850978981,0.018,0.75
S43,32,0.6778842670399944,0.26960279789281777,0.018,0.75
S43,33,0.41616488252136075,0.4701108981873795,0.018,0.75
S43,34,0.5447864226382854,0.5931337483789896,0.018,0.75
S43,35,0.6911435244728396,0.28206695838950685,0.018,0.75
S43,36,0.4149697869161491,0.4568210376311634,0.018,0.75
S43,37,0.5771521864426706,0.5785732726762479,0.018,0.75
S43,38,0.7123462827408923,0.21587249544244197,0.018,0.75
S43,39,0.3837979151223186,0.5470578066930747,0.018,0.75
S43,40,0.5580039444638542,0.6994159750536351,0.018,0.75
S43,41,0.7512211598680734,0.1953032179493953,0.018,0.75
S43,42,0.3725940964427278,0.4075589585078945,0.018,0.75
S43,43,0.5167893167409053,0.5914571926253884,0.018,0.75
S43,44,0.6979582721225854,0.29498546873598175,0.018,0.75
S43,45,0.44130321241099163,0.3754737699076308,0.018,0.75
S43,46,0.5799502586665805,0.6035526272859261,0.018,0.75
S43,47,0.6274454432852236,0.30782916500130914,0.018,0.75
S43,48,0.34587737602001695,0.3763001193154873,0.018,0.75
S43,49,0.5454139102566181,0.5771665353135046,0.018,0.75
S43,50,0.7147555524702339,0.267721476737766,0.018,0.75
S43,51,0.33818531277318675,0.5146328387681629,0.018,0.75
S43,52,0.5837096376539865,0.635419336380818,0.018,0.75
S43,53,0.7063687585886685,0.3289504227057558,0.018,0.75
S43,54,0.4330380222442366,0.5372526202716926,0.018,0.75
S43,55,0.5205707996301133,0.6940428433884769,0.018,0.75
S43,56,0.6722722885080118,0.30725842623972555,0.018,0.75
S43,57,0.36681065573466315,0.3327893500996137,0.018,0.75
S43,58,0.505672777673754,0.5586426218467853,0.018,0.75
S43,59,0.7453341175894272,0.2690874742512633,0.018,0.75
S43,60,0.38846749106782946,0.4559065320440734,0.018,0.75
S43,61,0.5179380889717291,0.541373723682801,0.018,0.75
S43,62,0.7353986130156811,0.32213345712498026,0.018,0.75
S43,63,0.39624895286417827,0.46877536363290656,0.018,0.75
S43,64,0.5724032577170671,0.5008736372060838,0.018,0.75
S43,65,0.6421512357044529,0.1958025626346214,0.018,0.75
S43,66,0.33411870016415735,0.42935179291713577,0.018,0.75
S43,67,0.533231083204756,0.49242853673582526,0.018,0.75
S43,68,0.686538933254663,0.24309628251471643,0.018,0.75
S43,69,0.4539509423601121,0.5315194163730587,0.018,0.75
S43,70,0.5519709368066845,0.6667985749413654,0.018,0.75
S43,71,0.7680015634800756,0.27215888940710686,0.018,0.75
S43,72,0.23918287310834258,0.35130018654164386,0.018,0.75
S43,73,0.46010365211379217,0.6517168608480642,0.018,0.75
S43,74,0.6204284566366685,0.28301908315411717,0.018,0.75
S43,75,0.28900773183268347,0.341836684064935,0.018,0.75
S43,76,0.668280435960975,0.5823689148294258,0.018,0.75
S43,77,0.6182441671007327,0.19855845665706262,0.018,0.75
S43,78,0.39130343650510385,0.508247657889926,0.018,0.75
S43,79,0.5171621498299701,0.5476294239288859,0.018,0.75
S43,80,0.6945795733803073,0.20549494855343337,0.018,0.75
S44,0,0.02,0.19685591151688497,0.018,0.75
S44,1,0.627126036406572,0.02,0.018,0.75
S44,2,0.5737992101023703,0.9041474662098479,0.018,0.75
S44,3,0.4858600896108706,0.2804409913860794,0.018,0.75
S44,4,0.02,0.636634740014924,0.018,0.75
S44,5,0.98,0.9025789775843296,0.018,0.75
S44,6,0.22357530982736037,0.43564256780229127,0.018,0.75
S44,7,0.5816800042703012,0.11161920744442559,0.018,0.75
S44,8,0.5618304963557798,0.9403511890209606,0.018,0.75
S44,9,0.46978255963851007,0.27258017056581085,0.018,0.75
S44,10,0.5183905985026945,0.7584384807064997,0.018,0.75
S44,11,0.9643936589214397,0.9210506514470955,0.018,0.75
S44,12,0.2195761393556992,0.4028412914938284,0.018,0.75
S44,13,0.9729627506468754,0.15212380010745127,0.018,0.75
S44,14,0.09655130515219323,0.798534875991714,0.018,0.75
S44,15,0.5584008414682046,0.3711545295691918,0.018,0.75
S44,16,0.1765723333397296,0.28683820456157144,0.018,0.75
S44,17,0.7624241986365434,0.98,0.018,0.75
S44,18,0.02,0.17935002253761873,0.018,0.75
S44,19,0.720518791402332,0.03269737333701948,0.018,0.75
S44,20,0.0780861130888143,0.98,0.018,0.75
S44,21,0.39036051990093645,0.14464154949479918,0.018,0.75
S44,22,0.6111852600264661,0.9681795920868714,0.018,0.75
S44,23,0.98,0.5005795151099273,0.018,0.75
S44,24,0.22611610693756426,0.02,0.018,0.75
S44,25,0.7894995964833136,0.02,0.018,0.75
S44,26,0.395984201564219,0.29512582784257757,0.018,0.75
S44,27,0.7039536855273718,0.4030700732393662,0.018,0.75
S44,28,0.3608108856112404,0.6210787163675224,0.018,0.75
S44,29,0.8386322030973206,0.98,0.018,0.75
S44,30,0.02,0.5497935160914631,0.018,0.75
S44,31,0.737861205838863,0.04721344266868704,0.018,0.75
S44,32,0.6512450400857376,0.9666053563520209,0.018,0.75
S44,33,0.6994618132375852,0.1829588495302011,0.018,0.75
S44,34,0.3852864400420977,0.6169417458107294,0.018,0.75
S44,35,0.98,0.29626850329299714,0.018,0.75
S44,36,0.02,0.6792278924702007,0.018,0.75
S44,37,0.6501558878121395,0.03380865284735917,0.018,0.75
S44,38,0.5563688423787966,0.7155443517124374,0.018,0.75
S44,39,0.5848721933714147,0.3997511795321416,0.018,0.75
S44,40,0.3142655180550581,0.6877736600761808,0.018,0.75
S44,41,0.8737358017088758,0.7772423432618238,0.018,0.75
S44,42,0.16223702167746257,0.2743557987339118,0.018,0.75
S44,43,0.6096213590449704,0.1127250593591709,0.018,0.75
S44,44,0.37981363263948714,0.9008149725019591,0.018,0.75
S44,45,0.6323534533189749,0.41331983515393317,0.018,0.75
S44,46,0.1256218578499026,0.7351848375203597,0.018,0.75
S44,47,0.98,0.8128674356004097,0.018,0.75
S44,48,0.06350799358870479,0.3213891026205593,0.018,0.75
S44,49,0.5142390466728813,0.02,0.018,0.75
S44,50,0.5750363830300645,0.8646913569818315,0.018,0.75
S44,51,0.4438874857006295,0.02,0.018,0.75
S44,52,0.3283370663751615,0.8664128363544447,0.018,0.75
S44,53,0.9221215226359591,0.6731047747108639,0.018,0.75
S44,54,0.31605504632918135,0.33207025657316613,0.018,0.75
S44,55,0.6328902699179751,0.12017558824575995,0.018,0.75
S44,56,0.4674948457927815,0.543687298102312,0.018,0.75
S44,57,0.7233506271231089,0.07396739983511574,0.018,0.75
S44,58,0.19257787405166996,0.5899176818709978,0.018,0.75
S44,59,0.8906142533889869,0.5661392340730255,0.018,0.75
S44,60,0.052930772489915,0.6443429173519319,0.018,0.75
S44,61,0.7531975785171909,0.04119856101247095,0.018,0.75
S44,62,0.3340698345742704,0.98,0.018,0.75
S44,63,0.48782041805554044,0.8969029929206873,0.018,0.75
S44,64,0.2422957259268348,0.5091425970711466,0.018,0.75
S44,65,0.7212290288813963,0.8205072275735084,0.018,0.75
S44,66,0.15063802695337092,0.18389590734639763,0.018,0.75
S44,67,0.7124943447141596,0.09109996329188914,0.018,0.75
S44,68,0.5541178160920582,0.7941667065125035,0.018,0.75
S44,69,0.32009098221344556,0.37670167061873494,0.018,0.75
S44,70,0.2717483725926231,0.5370637821686797,0.018,0.75
S44,71,0.98,0.747601828229775,0.018,0.75
S44,72,0.02,0.027365456083476403,0.018,0.75
S44,73,0.5300404763269486,0.02,0.018,0.75
S44,74,0.33038873291655363,0.5021310859605281,0.018,0.75
S44,75,0.98,0.5835447043801909,0.018,0.75
S44,76,0.4333857108377394,0.9446572529023669,0.018,0.75
S44,77,0.8980815238513477,0.8469647165888489,0.018,0.75
S44,78,0.08720492328106615,0.3267537371601674,0.018,0.75
S44,79,0.799618087405191,0.054206857136068425,0.018,0.75
S44,80,0.47507655544040767,0.98,0.018,0.75
S44,81,0.6257795350347373,0.20205447473265978,0.018,0.75
S44,82,0.04415735995254211,0.12159589682363836,0.018,0.75
S44,83,0.98,0.45964369898493085,0.018,0.75
S44,84,0.1337645320171837,0.42816299363509763,0.018,0.75
S44,85,0.5529581713520758,0.02,0.018,0.75
S44,86,0.7313489510234542,0.8155917539231309,0.018,0.75
S44,87,0.5754940132973317,0.2593362735305534,0.018,0.75
S44,88,0.6901365416968621,0.5403848019570371,0.018,0.75
S44,89,0.9237337945228111,0.5012044614101274,0.018,0.75
S44,90,0.1350837829904768,0.14150879314781956,0.018,0.75
S44,91,0.6137189013050613,0.02,0.018,0.75
S44,92,0.34648066672143185,0.6844003038078035,0.018,0.75
S44,93,0.6818391618969142,0.4659793104386374,0.018,0.75
S44,94,0.1740199109247342,0.7828378099251321,0.018,0.75
S44,95,0.98,0.5896187684785207,0.018,0.75
S44,96,0.35397318461988403,0.3573654609476904,0.018,0.75
S44,97,0.2747898037994545,0.02,0.018,0.75
S44,98,0.515978224069542,0.9544364863859693,0.018,0.75
S44,99,0.41267024050757206,0.32248856715082014,0.018,0.75
S44,100,0.3800592138076975,0.7639027459903304,0.018,0.75
S44,101,0.7678759704590115,0.6349937952171933,0.018,0.75
S44,102,0.02,0.28364001281133067,0.018,0.75
S44,103,0.6912489389452874,0.17006771863703363,0.018,0.75
S44,104,0.7106659666997731,0.9762309450050259,0.018,0.75
S44,105,0.8436652483432419,0.23900728920869135,0.018,0.75
S44,106,0.20759766062102578,0.512523997639929,0.018,0.75
S44,107,0.9035941334473849,0.7972205170688851,0.018,0.75
S44,108,0.02,0.40609554953664007,0.018,0.75
S44,109,0.6700085042995096,0.02,0.018,0.75
S45,0,0.34993168738090324,0.5189793982524359,0.018,0.75
S45,1,0.5947745021701801,0.5847623009070159,0.018,0.75
S45,2,0.683844150873171,0.204301320784912,0.018,0.75
S45,3,0.41751336133016775,0.4759661318031539,0.018,0.75
S45,4,0.527695622279321,0.5626901343157733,0.018,0.75
S45,5,0.6859731731234462,0.2556429643313689,0.018,0.75
S45,6,0.37952496005008957,0.4057149470411285,0.018,0.75
S45,7,0.45690812886421434,0.7273939472699145,0.018,0.75
S45,8,0.6389823107775391,0.282935768825415,0.018,0.75
S45,9,0.39884102038444486,0.3964252633983183,0.018,0.75
S45,10,0.486640592541528,0.6373178007741415,0.018,0.75
S45,11,0.7167720041965153,0.3511643458554941,0.018,0.75
S45,12,0.3974595847961706,0.4442693468547348,0.018,0.75
S45,13,0.5340240474242075,0.6023200913958149,0.018,0.75
S45,14,0.7701756495544342,0.22271864745569042,0.018,0.75
S45,15,0.3716582884024696,0.39556500235910563,0.018,0.75
S45,16,0.5688780912346303,0.5753231813353489,0.018,0.75
S45,17,0.7344993950885875,0.26796471673311145,0.018,0.75
S45,18,0.27672940946523716,0.555540491949133,0.018,0.75
S45,19,0.6060834227589904,0.47517234342294945,0.018,0.75
S45,20,0.7067492005909494,0.3107972167197201,0.018,0.75
S45,21,0.3645062148044882,0.4222504413230399,0.018,0.75
S45,22,0.5414690931080457,0.5053573201852898,0.018,0.75
S45,23,0.7069188963376454,0.2559805040452707,0.018,0.75
S45,24,0.3701751204443967,0.47701749394627957,0.018,0.75
S45,25,0.5276220199265138,0.6054270537300933,0.018,0.75
S45,26,0.6838380547809857,0.3642715935578586,0.018,0.75
S45,27,0.36164678474292383,0.4070844171646053,0.018,0.75
S46,0,0.3664306762239961,0.42619337056450557,0.018,0.75
S46,1,0.521897881896956,0.6339872408177878,0.018,0.75
S46,2,0.7501537520046141,0.16057909839012074,0.018,0.75
S46,3,0.3465816524508018,0.4138813717456975,0.018,0.75
S46,4,0.6187152605771744,0.5225016508659994,0.018,0.75
S46,5,0.7273977263439306,0.3219043776386857,0.018,0.75
S46,6,0.35648495923122336,0.4754042540307281,0.018,0.75
S46,7,0.44125731737619817,0.6133478662013678,0.018,0.75
S46,8,0.7456399175157539,0.283912443208413,0.018,0.75
S46,9,0.30232147394896924,0.4468442458059107,0.018,0.75
S46,10,0.5420649314962357,0.6228577065624487,0.018,0.75
S46,11,0.6770624543594457,0.3729279748889558,0.018,0.75
S46,12,0.39132468194666836,0.4055646775743722,0.018,0.75
S46,13,0.6592968218309677,0.5451556926622959,0.018,0.75
S46,14,0.7457963220276032,0.29176090718108955,0.018,0.75
S46,15,0.3862761168733158,0.3930835726848938,0.018,0.75
S46,16,0.5627001902576818,0.6554655238549767,0.018,0.75
S46,17,0.7116023580146819,0.2816760551266128,0.018,0.75
S46,18,0.3000728868908638,0.3579761148593857,0.018,0.75
S46,19,0.5945308326933695,0.6005471410760022,0.018,0.75
S46,20,0.7129326186004792,0.24955292665214848,0.018,0.75
S46,21,0.35070660364395406,0.4817803863139023,0.018,0.75
S46,22,0.509108896713995,0.6069074970041944,0.018,0.75
S46,23,0.7136279354389853,0.2936356086364561,0.018,0.75
S46,24,0.44551952511486764,0.5149509407695106,0.018,0.75
S46,25,0.48137799133712716,0.6227763974383829,0.018,0.75
S46,26,0.5820015929235313,0.31452103586317504,0.018,0.75
S46,27,0.40912831270721306,0.38993721458984965,0.018,0.75
S46,28,0.5395381604161721,0.6116267067427414,0.018,0.75
S46,29,0.6753546139045529,0.3554546391508422,0.018,0.75
S46,30,0.39332062508887566,0.467304817305106,0.018,0.75
S46,31,0.5667259754134564,0.5822376429921481,0.018,0.75
S46,32,0.6592627592143588,0.23535748006901813,0.018,0.75
S46,33,0.46334375158279817,0.5640465763966844,0.018,0.75
S46,34,0.5570458339511222,0.5529572119720294,0.018,0.75
S46,35,0.7551587001284207,0.2981772699433781,0.018,0.75
S46,36,0.40429145672894085,0.4810500418491793,0.018,0.75
S46,37,0.4944434857458253,0.6054752538807723,0.018,0.75
S46,38,0.7747473434954123,0.24191476849099314,0.018,0.75
S46,39,0.2897877420625614,0.4823119869966449,0.018,0.75
S46,40,0.5642231847962158,0.5768733422338375,0.018,0.75
S46,41,0.7713667959615034,0.25093554446584077,0.018,0.75
S46,42,0.4481181867215752,0.4334398927675102,0.018,0.75
S46,43,0.597473478533388,0.513563004219115,0.018,0.75
S46,44,0.6889295616914501,0.20906508260460233,0.018,0.75
S46,45,0.3972186683792764,0.4937323095535622,0.018,0.75
S46,46,0.4661602574133127,0.5598769052914768,0.018,0.75
S46,47,0.6804914712099891,0.1834067963149905,0.018,0.75
S46,48,0.293456028135973,0.45910695601039936,0.018,0.75
S46,49,0.5892115310327993,0.6162228661011325,0.018,0.75
S46,50,0.7939999726022722,0.25693934574542787,0.018,0.75
S46,51,0.46811003952111335,0.4498568295066945,0.018,0.75
S47,0,0.9325522614214243,0.8536875607745071,0.018,0.75
S47,1,0.2906268717326851,0.45324067450891536,0.018,0.75
S47,2,0.02,0.43120151538712337,0.018,0.75
S47,3,0.5120051692363509,0.9688953538568076,0.018,0.75
S47,4,0.21392533361626628,0.39671458164174156,0.018,0.75
S47,5,0.6413281633555906,0.664210838087239,0.018,0.75
S47,6,0.5250518845777464,0.933785718105242,0.018,0.75
S47,7,0.23337519207648916,0.46525029488883235,0.018,0.75
S47,8,0.06238219851937098,0.6048216874577259,0.018,0.75
S47,9,0.47544523455602217,0.8477579537558091,0.018,0.75
S47,10,0.45287873748912916,0.4333781465113903,0.018,0.75
S47,11,0.7371651591657397,0.9201264767951668,0.018,0.75
S47,12,0.6257377716185555,0.98,0.018,0.75
S47,13,0.21225741000727,0.4789478368066581,0.018,0.75
S47,14,0.2631009846952374,0.33395805251746585,0.018,0.75
S47,15,0.23877279580685784,0.98,0.018,0.75
S47,16,0.46531598060804147,0.36161099457316065,0.018,0.75
S47,17,0.3493013164897493,0.7557119222326203,0.018,0.75
S47,18,0.497893748075469,0.7107208519279259,0.018,0.75
S47,19,0.4630572752250186,0.3008669130412005,0.018,0.75
S47,20,0.2589255523340941,0.7639970585691899,0.018,0.75
S47,21,0.8741812120858599,0.5953034424502168,0.018,0.75
S47,22,0.21310089145479458,0.02,0.018,0.75
S47,23,0.6495245738881138,0.9084305034610797,0.018,0.75
S47,24,0.956021368784187,0.8238896153255328,0.018,0.75
S47,25,0.3318437624529808,0.4079967621284677,0.018,0.75
S47,26,0.26106608633799433,0.4821039818576479,0.018,0.75
S47,27,0.7076787168157661,0.5849699311518965,0.018,0.75
S47,28,0.4577534610560646,0.33099454182562926,0.018,0.75
S47,29,0.8141980075383941,0.98,0.018,0.75
S47,30,0.8926095135445902,0.98,0.018,0.75
S47,31,0.2197028585310585,0.6139330428448184,0.018,0.75
S47,32,0.02,0.44396063690440235,0.018,0.75
S47,33,0.7663312287839026,0.98,0.018,0.75
S47,34,0.02,0.36425532602454774,0.018,0.75
S47,35,0.6816420815489705,0.8224314660264692,0.018,0.75
S47,36,0.5948878464461371,0.98,0.018,0.75
S47,37,0.4274565868997182,0.1553039600790248,0.018,0.75
S47,38,0.0860389577505455,0.21291212003362003,0.018,0.75
S47,39,0.5284886563890441,0.7119593059455365,0.018,0.75
S47,40,0.02,0.33593464884376284,0.018,0.75
S47,41,0.9325160272720401,0.98,0.018,0.75
S47,42,0.7300863793378234,0.7452696201216027,0.018,0.75
S47,43,0.02,0.6122246530061207,0.018,0.75
S47,44,0.39894987095959905,0.24270753631762648,0.018,0.75
S47,45,0.3685112213596656,0.7442990709369246,0.018,0.75
S47,46,0.3906930907641743,0.06209560928146807,0.018,0.75
S47,47,0.38480792035620087,0.5202586024255149,0.018,0.75
S47,48,0.8154123593374207,0.9508382810081597,0.018,0.75
S47,49,0.37519924915633324,0.12091610567778205,0.018,0.75
S47,50,0.176589844938555,0.40256558015238963,0.018,0.75
S47,51,0.8314651168421934,0.844460205935882,0.018,0.75
S47,52,0.02,0.02,0.018,0.75
S47,53,0.49826833449395014,0.8631994155063512,0.018,0.75
S47,54,0.8510115352190583,0.8818971597438028,0.018,0.75
S47,55,0.29180899977542873,0.41375381737934913,0.018,0.75
S47,56,0.062043154768641195,0.30818978865815244,0.018,0.75
S47,57,0.7399070896306936,0.6878081229407338,0.018,0.75
S47,58,0.23374852278962893,0.36897777727497005,0.018,0.75
S47,59,0.6385683597184375,0.8213255809283344,0.018,0.75
S47,60,0.8282528492624148,0.893997958942532,0.018,0.75
S47,61,0.4420846553735796,0.27680920732229236,0.018,0.75
S47,62,0.1360390557239889,0.4120414744311887,0.018,0.75
S47,63,0.4415094235759281,0.6617713749629485,0.018,0.75
S47,64,0.3878022326589246,0.20144036813491967,0.018,0.75
S47,65,0.563856329505737,0.7553115388646046,0.018,0.75
S47,66,0.2195952448371069,0.9616710852277883,0.018,0.75
S47,67,0.1396670669283566,0.5934820302892536,0.018,0.75
S47,68,0.26508310706895954,0.49246297979448206,0.018,0.75
S47,69,0.547428146358718,0.8853792811323492,0.018,0.75
S47,70,0.429750009798639,0.19801672034096554,0.018,0.75
S47,71,0.7693890041081806,0.47471263687368986,0.018,0.75
S47,72,0.7488903500520572,0.816840719603281,0.018,0.75
S47,73,0.48753312306760643,0.5053247586471351,0.018,0.75
S47,74,0.02,0.4031700089565554,0.018,0.75
S47,75,0.6691264264472273,0.8442279201238823,0.018,0.75
S47,76,0.4360096391535767,0.02,0.018,0.75
S47,77,0.5117367083797921,0.7356025870786008,0.018,0.75
S47,78,0.6692268976432618,0.7849808741925031,0.018,0.75
S47,79,0.45181205279221814,0.5092274344246919,0.018,0.75
S47,80,0.05064838466352983,0.6351307020007656,0.018,0.75
S48,0,0.3481994518871236,0.4096873362775379,0.018,0.75
S48,1,0.6223400784871713,0.5203785851305353,0.018,0.75
S48,2,0.7201704200387088,0.2617211490685805,0.018,0.75
S48,3,0.46414500715398144,0.38037193935125113,0.018,0.75
S48,4,0.6717254540928569,0.7137334014852355,0.018,0.75
S48,5,0.7649086706123658,0.3203217681249384,0.018,0.75
S48,6,0.3799176361700391,0.5095270756198809,0.018,0.75
S48,7,0.44188589848566584,0.5151715312437118,0.018,0.75
S48,8,0.6998919859795414,0.26435511223236324,0.018,0.75
S48,9,0.3418721909234794,0.4463855113071894,0.018,0.75
S48,10,0.5105671198444823,0.6408679723511557,0.018,0.75
S48,11,0.6303976806862114,0.258444983599404,0.018,0.75
S48,12,0.4925689557649886,0.5044512512547071,0.018,0.75
S48,13,0.6206804212266254,0.6200874452039506,0.018,0.75
S48,14,0.8228966693560191,0.1723584698779715,0.018,0.75
S48,15,0.41727508463395135,0.4370360692174363,0.018,0.75
S48,16,0.4635214711440555,0.59009272003244,0.018,0.75
S48,17,0.6185113524567201,0.3652689968361938,0.018,0.75
S48,18,0.3636052865629843,0.45821810193924317,0.018,0.75
S48,19,0.5383836062050649,0.5568979801190853,0.018,0.75
S48,20,0.796160858275605,0.2647387876924493,0.018,0.75
S48,21,0.35140033858312436,0.4761288135679976,0.018,0.75
S48,22,0.5610326701565553,0.5274711930190659,0.018,0.75
S48,23,0.6866649757133022,0.2199293217758682,0.018,0.75
S48,24,0.44229964921069087,0.35485387768801907,0.018,0.75
S48,25,0.57105865462564,0.6120787987513114,0.018,0.75
S48,26,0.6354853588276194,0.24284644326169547,0.018,0.75
S48,27,0.36166271508983033,0.488489695796634,0.018,0.75
S48,28,0.5107995056845345,0.5872479885460923,0.018,0.75
S48,29,0.6903522022359468,0.25387230969460267,0.018,0.75
S48,30,0.3324733471992004,0.4561723311584131,0.018,0.75
S48,31,0.5014582025842501,0.5824670271969055,0.018,0.75
S48,32,0.8440764030047371,0.135087765445554,0.018,0.75
S48,33,0.4268073943537874,0.39654624996271415,0.018,0.75
S48,34,0.5396767779751438,0.53217822657399,0.018,0.75
S48,35,0.7211195236369087,0.27560573629709334,0.018,0.75
S48,36,0.3936314432342184,0.4856060574997259,0.018,0.75
S48,37,0.4805865095129942,0.5097013831668162,0.018,0.75
S48,38,0.6406911848350542,0.30785820723561735,0.018,0.75
S48,39,0.27758474230395813,0.471598245403104,0.018,0.75
S48,40,0.5245477627692902,0.5980869832895217,0.018,0.75
S48,41,0.7120890226416308,0.2188494403278756,0.018,0.75
S48,42,0.3584620517243613,0.4299210964412332,0.018,0.75
S48,43,0.6143604137535571,0.5590804518848352,0.018,0.75
S48,44,0.7003330799154297,0.1842130100505499,0.018,0.75
S48,45,0.36994332413158776,0.44600126983662347,0.018,0.75
S48,46,0.5988386411554274,0.5977238648164792,0.018,0.75
S48,47,0.6452996180500288,0.33331019544675516,0.018,0.75
S48,48,0.3703177136810698,0.5101855658923716,0.018,0.75
S48,49,0.5949574600942008,0.5135113458083593,0.018,0.75
S48,50,0.7089797107252234,0.30961356538623136,0.018,0.75
S48,51,0.34597297902665,0.4764957910369097,0.018,0.75
S48,52,0.5715323449375953,0.6298826750890842,0.018,0.75
S48,53,0.6878019408529905,0.15318458781018351,0.018,0.75
S48,54,0.3135431625627527,0.4039791715943938,0.018,0.75
S48,55,0.6657794685112068,0.5649466002672165,0.018,0.75
S48,56,0.7109510373630212,0.22321589811906659,0.018,0.75
S48,57,0.5187821032792325,0.3234193095393767,0.018,0.75
S48,58,0.4974479041006995,0.5177741765839385,0.018,0.75
S48,59,0.7321722758910836,0.28077272328152036,0.018,0.75
S48,60,0.38312875759044007,0.5227003393846367,0.018,0.75
S48,61,0.5629562418065962,0.5617622750377611,0.018,0.75
S48,62,0.6999938245075005,0.20383297266014516,0.018,0.75
S48,63,0.3769956482183771,0.4744030589250211,0.018,0.75
S48,64,0.6770209924129458,0.5607584037534609,0.018,0.75
S48,65,0.6275554658733018,0.2616486317215278,0.018,0.75
S48,66,0.4608939130353226,0.4591460748637719,0.018,0.75
S48,67,0.4406773770776407,0.6402328347595256,0.018,0.75
S48,68,0.7401002982647941,0.2535118071990541,0.018,0.75
S48,69,0.4167381972302771,0.4845700089847908,0.018,0.75
S48,70,0.48015975517872866,0.5846956739686224,0.018,0.75
S48,71,0.6524143140401377,0.21363916413039558,0.018,0.75
S48,72,0.3970328912028106,0.49925466576601407,0.018,0.75
S48,73,0.675200521389236,0.6202393211094948,0.018,0.75
S48,74,0.7547912119721795,0.22476909407996143,0.018,0.75
S48,75,0.3842309783829554,0.4568806050619992,0.018,0.75
S48,76,0.5207586823608195,0.6308309539545278,0.018,0.75
S48,77,0.8200512135537105,0.19756678935813315,0.018,0.75
S48,78,0.28747648371783807,0.47776270750933636,0.018,0.75
S48,79,0.5251009917274497,0.5528599498018155,0.018,0.75
S48,80,0.6784597482334811,0.188507557989563,0.018,0.75
S48,81,0.4623414771568708,0.5151111179904497,0.018,0.75
S48,82,0.6484720534881988,0.651901045494281,0.018,0.75
S48,83,0.6877451860735893,0.27635274508860624,0.018,0.75
S48,84,0.3591751433932634,0.5032254107813157,0.018,0.75
S48,85,0.5480390531329239,0.59483447894794,0.018,0.75
S48,86,0.6724543171008626,0.21536247960158625,0.018,0.75
S48,87,0.44636418529222005,0.5209727542968003,0.018,0.75
S48,88,0.601383563973165,0.5714143038522442,0.018,0.75
S48,89,0.6061948951787544,0.3046578830726288,0.018,0.75
S48,90,0.3460493603615324,0.41163812416813095,0.018,0.75
S48,91,0.5456405170610577,0.5840003313225852,0.018,0.75
S48,92,0.688272682734836,0.27341304861764293,0.018,0.75
S48,93,0.36130965211026367,0.4356352067663101,0.018,0.75
S48,94,0.5385610947105837,0.49506720872328225,0.018,0.75
S48,95,0.6941561852254108,0.2042907783000412,0.018,0.75
S48,96,0.3346041754031144,0.5772031549710708,0.018,0.75
S48,97,0.5468838895666238,0.6295462925276694,0.018,0.75
S48,98,0.723156712833249,0.27455701818400013,0.018,0.75
S48,99,0.28611688475499847,0.4617125620063549,0.018,0.75
S48,100,0.5943516116054363,0.635960737609296,0.018,0.75
S48,101,0.7158274428962471,0.19644580616563095,0.018,0.75
S48,102,0.3317500279142699,0.48079162085832394,0.018,0.75
S48,103,0.5154389552755517,0.6011816856874431,0.018,0.75
S48,104,0.6595991725612975,0.3372762949317593,0.018,0.75
S48,105,0.3217314818952705,0.4389087473571384,0.018,0.75
S48,106,0.569295899468741,0.5844155331131411,0.018,0.75
S48,107,0.6850085931025519,0.19518246837638745,0.018,0.75
S48,108,0.3613006083956921,0.4183868460993216,0.018,0.75
S48,109,0.5353612575683975,0.5411874324904439,0.018,0.75
S49,0,0.43761427564728855,0.4450998477478687,0.018,0.75
S49,1,0.6296809875614343,0.5786399874374409,0.018,0.75
S49,2,0.7530402975738997,0.29292951906173037,0.018,0.75
S49,3,0.35957389619838703,0.44462520074102696,0.018,0.75
S49,4,0.6358497609560566,0.558768040454659,0.018,0.75
S49,5,0.7598492385328869,0.2189288561947508,0.018,0.75
S49,6,0.308361757829985,0.4304992261688484,0.018,0.75
S49,7,0.5021151653095806,0.5643341872682627,0.018,0.75
S49,8,0.7780741225144892,0.23176120240941817,0.018,0.75
S49,9,0.3958152493817041,0.45659812539823347,0.018,0.75
S49,10,0.5592856557216954,0.666918971913833,0.018,0.75
S49,11,0.6928813280727867,0.2628915791361024,0.018,0.75
S49,12,0.3857499002643762,0.47418018517089366,0.018,0.75
S49,13,0.5852645063308625,0.45913306142424687,0.018,0.75
S49,14,0.6666310005330749,0.27194234125449646,0.018,0.75
S49,15,0.33759638099617134,0.4473101615758532,0.018,0.75
S49,16,0.49531322652521564,0.6703838645073126,0.018,0.75
S49,17,0.7848764964778255,0.21808862494765924,0.018,0.75
S49,18,0.30113274679876434,0.38305123016140125,0.018,0.75
S49,19,0.563758616211569,0.6298466105011704,0.018,0.75
S49,20,0.723351207198865,0.18121646698090632,0.018,0.75
S49,21,0.31017141343584254,0.3578946794789786,0.018,0.75
S49,22,0.5069453490970856,0.5542148710728638,0.018,0.75
S49,23,0.6624524469322911,0.22893254088596326,0.018,0.75
S49,24,0.3303070229485247,0.555672826434799,0.018,0.75
S49,25,0.5672759348167029,0.5338394175994241,0.018,0.75
S49,26,0.5401064247414378,0.26357444872649055,0.018,0.75
S49,27,0.3853215238915467,0.38139893906891253,0.018,0.75
S50,0,0.02,0.9007057459132198,0.018,0.75
S50,1,0.2988718865827278,0.8752034622492548,0.018,0.75
S50,2,0.8207994478612131,0.5489157603440018,0.018,0.75
S50,3,0.6401912917840502,0.9422590409187199,0.018,0.75
S50,4,0.02,0.24704307166373934,0.018,0.75
S50,5,0.5086093512186675,0.7062942435922318,0.018,0.75
S50,6,0.2558575124301319,0.7889732563036804,0.018,0.75
S50,7,0.17097458688040948,0.8183274805511584,0.018,0.75
S50,8,0.9091298961714618,0.1324566317005179,0.018,0.75
S50,9,0.5558282804651465,0.8341247067163647,0.018,0.75
S50,10,0.30407508442282954,0.4380816456447155,0.018,0.75
S50,11,0.5774958236625153,0.18489159530444516,0.018,0.75
S50,12,0.02,0.708162158243516,0.018,0.75
S50,13,0.02,0.9238668480415954,0.018,0.75
S50,14,0.8112256346411117,0.4038713426263048,0.018,0.75
S50,15,0.5162631237488241,0.55471945649689,0.018,0.75
S50,16,0.1897288211643833,0.5180565331073771,0.018,0.75
S50,17,0.4767695737533879,0.4812322346731382,0.018,0.75
S50,18,0.02,0.4731880200450468,0.018,0.75
S50,19,0.39839509958273694,0.98,0.018,0.75
S50,20,0.64021494896797,0.34090908407310305,0.018,0.75
S50,21,0.46609619469901203,0.98,0.018,0.75
S50,22,0.3488064192591458,0.34932972034213594,0.018,0.75
S50,23,0.8884042748913272,0.5544101637623616,0.018,0.75
S50,24,0.02,0.5155671257223505,0.018,0.75
S50,25,0.167586045070368,0.8558526788033101,0.018,0.75
S50,26,0.26403554210236874,0.23065450962951634,0.018,0.75
S50,27,0.4380492687991247,0.7230605380121762,0.018,0.75
S50,28,0.21161110076869133,0.46817366998705834,0.018,0.75
S50,29,0.5226124327381803,0.6084816229449433,0.018,0.75
S50,30,0.2794008375148823,0.7073287886092344,0.018,0.75
S50,31,0.03282616101861302,0.8327858028592784,0.018,0.75
S50,32,0.3138873438432353,0.32581750422274136,0.018,0.75
S50,33,0.8773939082664517,0.98,0.018,0.75
S50,34,0.07277210646971766,0.041681002204529805,0.018,0.75
S50,35,0.821630003349719,0.8190286231358807,0.018,0.75
S50,36,0.05893894790371327,0.7503065175936715,0.018,0.75
S50,37,0.18453314751962774,0.8429413409384972,0.018,0.75
S50,38,0.4126063368541031,0.07156054343764412,0.018,0.75
S50,39,0.7790302044388561,0.8820769636550457,0.018,0.75
S50,40,0.10084487589844339,0.42185235894956163,0.018,0.75
S50,41,0.6397287476346718,0.5215942232885464,0.018,0.75
S50,42,0.0719023429905242,0.6880655678270434,0.018,0.75
S50,43,0.09919588239180177,0.9176551631975733,0.018,0.75
S50,44,0.6997883158233271,0.2504731729380043,0.018,0.75
S50,45,0.6175134643973081,0.98,0.018,0.75
S50,46,0.02,0.30158995892034873,0.018,0.75
S50,47,0.9507234234426107,0.8380129856193217,0.018,0.75
S50,48,0.02,0.7332342913204063,0.018,0.75
S50,49,0.12341945553216156,0.40233160812059504,0.018,0.75
S50,50,0.4398579669708842,0.19915120839983058,0.018,0.75
S50,51,0.40089928571161687,0.98,0.018,0.75
S51,0,0.28491422822499257,0.4408585288318626,0.018,0.75
S51,1,0.6133309640749227,0.48653696427267923,0.018,0.75
S51,2,0.7004109303640657,0.366454682774735,0.018,0.75
S51,3,0.37698870519334293,0.2993384370686125,0.018,0.75
S51,4,0.5485989464034376,0.5611846841524547,0.018,0.75
S51,5,0.6283771537121157,0.20456554290327045,0.018,0.75
S51,6,0.4100473235491968,0.5344015824067734,0.018,0.75
S51,7,0.49771813047510277,0.5337944575976841,0.018,0.75
S51,8,0.8121796784291977,0.2590617660769082,0.018,0.75
S51,9,0.449721824270755,0.4358276469348939,0.018,0.75
S51,10,0.5698812258313954,0.560354996886735,0.018,0.75
S51,11,0.7768116331033833,0.24941226740093272,0.018,0.75
S51,12,0.4183537931812436,0.45567358566085653,0.018,0.75
S51,13,0.5392798756907421,0.6278212250084505,0.018,0.75
S51,14,0.6686813019343452,0.18255907281482997,0.018,0.75
S51,15,0.4177976745069544,0.3826180859608165,0.018,0.75
S51,16,0.5870822797748132,0.591555110602021,0.018,0.75
S51,17,0.6939264362092561,0.3558082527524748,0.018,0.75
S51,18,0.3840345308241544,0.4453201302412382,0.018,0.75
S51,19,0.5580047142285374,0.5729212755870967,0.018,0.75
S51,20,0.701473644608179,0.2430438552083239,0.018,0.75
S51,21,0.4642987696739321,0.5218326033646601,0.018,0.75
S51,22,0.4614448194196774,0.5421427193670398,0.018,0.75
S51,23,0.7335753312193296,0.23801176148552605,0.018,0.75
S51,24,0.5358438864430586,0.4763473448717759,0.018,0.75
S51,25,0.539097418675924,0.619438293956046,0.018,0.75
S51,26,0.7262476230807067,0.17439870944695593,0.018,0.75
S51,27,0.2505882727389993,0.5055574033388686,0.018,0.75
S51,28,0.602993766282674,0.5891531677405585,0.018,0.75
S51,29,0.6335977226953943,0.24000590540102695,0.018,0.75
S51,30,0.4385770231086488,0.46808962217194605,0.018,0.75
S51,31,0.5561020902107451,0.576889872398978,0.018,0.75
S51,32,0.7469357743846226,0.33605644408197516,0.018,0.75
S51,33,0.46145970656005614,0.46177290175508157,0.018,0.75
S51,34,0.4838047726937219,0.4916257965538865,0.018,0.75
S51,35,0.7278640964427171,0.21558860807723323,0.018,0.75
S51,36,0.4529657073912744,0.4601191449695347,0.018,0.75
S51,37,0.4044200919561277,0.6110532813805928,0.018,0.75
S51,38,0.74415332032115,0.25758715786665715,0.018,0.75
S51,39,0.31808191736893004,0.4269189556866617,0.018,0.75
S51,40,0.4926019289841534,0.5772618972114182,0.018,0.75
S51,41,0.7328125184780651,0.1627453157916885,0.018,0.75
S51,42,0.35620897251292405,0.4016584543348856,0.018,0.75
S51,43,0.5697165490406254,0.619817691289808,0.018,0.75
S51,44,0.6828079135826104,0.32606469477422073,0.018,0.75
S51,45,0.42026689980690524,0.3891871857079856,0.018,0.75
S51,46,0.5189742261743437,0.5612097370285344,0.018,0.75
S51,47,0.8308329090383437,0.2632031599276765,0.018,0.75
S51,48,0.28285693688501334,0.4201467247793416,0.018,0.75
S51,49,0.530170769656078,0.4552625751356824,0.018,0.75
S51,50,0.6964551403885724,0.25289823575959,0.018,0.75
S51,51,0.41368415300100697,0.49384985137858955,0.018,0.75
S51,52,0.6065388862503573,0.5417730395506719,0.018,0.75
S51,53,0.6567776687943395,0.28949512655946114,0.018,0.75
S51,54,0.3507738271012947,0.5494775009705827,0.018,0.75
S51,55,0.5847594561606891,0.548561600302406,0.018,0.75
S51,56,0.7280001364628818,0.12630858910387774,0.018,0.75
S51,57,0.38558854175700497,0.4794036162222604,0.018,0.75
S51,58,0.5312999620921278,0.537799707718665,0.018,0.75
S51,59,0.6655824208875125,0.19112254097859882,0.018,0.75
S51,60,0.49907733535561005,0.48182022737717867,0.018,0.75
S51,61,0.579445059752815,0.585591794089071,0.018,0.75
S51,62,0.6975213069634555,0.22444722918619409,0.018,0.75
S51,63,0.34519282463562534,0.5047809287388765,0.018,0.75
S51,64,0.6008036260412959,0.5538285568854107,0.018,0.75
S51,65,0.7752713745304619,0.36167240203343426,0.018,0.75
S51,66,0.4509814088685867,0.47056069732050076,0.018,0.75
S51,67,0.6138451046332457,0.5671717690422099,0.018,0.75
S51,68,0.6966842454322981,0.17991251964284122,0.018,0.75
S51,69,0.4017887924891549,0.4392455912620622,0.018,0.75
S51,70,0.5718261897267446,0.620201204963545,0.018,0.75
S51,71,0.6961902721348189,0.2913029175529294,0.018,0.75
S51,72,0.4138302733229074,0.4411706077466958,0.018,0.75
S51,73,0.5417372100972226,0.577396349262259,0.018,0.75
S51,74,0.6904980461678454,0.24607296234149206,0.018,0.75
S51,75,0.41349869451508064,0.4305703955662062,0.018,0.75
S51,76,0.5747544220129958,0.4643831753960912,0.018,0.75
S51,77,0.6726191364301429,0.2699195330009606,0.018,0.75
S51,78,0.37396246485231677,0.3810334462021295,0.018,0.75
S51,79,0.5100517750322507,0.5523173477706158,0.018,0.75
S51,80,0.7315278016820208,0.2762571629473332,0.018,0.75
S52,0,0.467354048670808,0.46020723591115387,0.018,0.75
S52,1,0.48488239844620445,0.5421617871495344,0.018,0.75
S52,2,0.7143786554838153,0.2627483433119729,0.018,0.75
S52,3,0.3160980179598918,0.459800171251069,0.018,0.75
S52,4,0.5944333216793976,0.6222459030520809,0.018,0.75
S52,5,0.6872492164837497,0.1649449781161174,0.018,0.75
S52,6,0.295795022632325,0.4208746875937138,0.018,0.75
S52,7,0.5444166332312905,0.6471334442685948,0.018,0.75
S52,8,0.7984503517083024,0.2216683590624643,0.018,0.75
S52,9,0.43344908351171996,0.3891016672747421,0.018,0.75
S52,10,0.6081188305025215,0.6215045296217584,0.018,0.75
S52,11,0.628059209481368,0.3221923295542557,0.018,0.75
S52,12,0.41569071004884106,0.470379562400337,0.018,0.75
S52,13,0.6681083411779724,0.48908413845584336,0.018,0.75
S52,14,0.6514189147625977,0.23094711910080262,0.018,0.75
S52,15,0.36066829214927393,0.5336296068755316,0.018,0.75
S52,16,0.4984801963267656,0.6455058367007843,0.018,0.75
S52,17,0.7275778805731379,0.2575347856045255,0.018,0.75
S52,18,0.39114113574788273,0.49725685399680986,0.018,0.75
S52,19,0.6068238289925263,0.6761138209861427,0.018,0.75
S52,20,0.6924106076619938,0.21251468868133722,0.018,0.75
S52,21,0.3101979622138377,0.46459405403963394,0.018,0.75
S52,22,0.4758385527180111,0.5891562177740388,0.018,0.75
S52,23,0.7421521857270277,0.24519763890491555,0.018,0.75
S52,24,0.45564072071788747,0.3878586048151148,0.018,0.75
S52,25,0.6471031024538306,0.5832021860658619,0.018,0.75
S52,26,0.7091916878945451,0.24890268071993485,0.018,0.75
S52,27,0.34343190102648025,0.4467382828397181,0.018,0.75
S52,28,0.6076606809004812,0.6404250343507825,0.018,0.75
S52,29,0.6890639461023707,0.27951860012195856,0.018,0.75
S52,30,0.2492477105415973,0.4922946279366504,0.018,0.75
S52,31,0.5246639774033788,0.5204229764514554,0.018,0.75
S52,32,0.6407430115492229,0.3157652941416347,0.018,0.75
S52,33,0.39541540262029895,0.39760245954423684,0.018,0.75
S52,34,0.5657167506282503,0.5382527612031931,0.018,0.75
S52,35,0.7155667117426635,0.25354428172272986,0.018,0.75
S52,36,0.40124456555692894,0.49474215875114164,0.018,0.75
S52,37,0.4517818306316951,0.6447083431600956,0.018,0.75
S52,38,0.7534244067817859,0.15826746800471442,0.018,0.75
S52,39,0.4090303082942825,0.39364272592728805,0.018,0.75
S52,40,0.5123409487445504,0.5797593060508682,0.018,0.75
S52,41,0.7438897501723611,0.253338220986119,0.018,0.75
S52,42,0.3918254031189871,0.48940289003373577,0.018,0.75
S52,43,0.5051679163886311,0.5894626449726851,0.018,0.75
S52,44,0.6754812632238743,0.1779297631709143,0.018,0.75
S52,45,0.3665982067276529,0.49054040014765216,0.018,0.75
S52,46,0.6063515190184134,0.5417406700697901,0.018,0.75
S52,47,0.6550935122147701,0.2130154461330054,0.018,0.75
S52,48,0.4162981151186394,0.47305761788640577,0.018,0.75
S52,49,0.5735402772640308,0.5167848486623466,0.018,0.75
S52,50,0.7043596402603137,0.28704540229168585,0.018,0.75
S52,51,0.23440110461146849,0.44059737553925626,0.018,0.75
S52,52,0.5813406491385411,0.5012515386820835,0.018,0.75
S52,53,0.6302070324756219,0.23967622509140993,0.018,0.75
S52,54,0.33870772290759155,0.4777213356588708,0.018,0.75
S52,55,0.5408942089933809,0.5882424211361164,0.018,0.75
S52,56,0.7445101384848593,0.27448336517009614,0.018,0.75
S52,57,0.5315081188588329,0.5334955321777946,0.018,0.75
S52,58,0.608166564739429,0.45455717319443206,0.018,0.75
S52,59,0.7237957103196253,0.25713030466564485,0.018,0.75
S52,60,0.3012280882579242,0.3407175473964106,0.018,0.75
S52,61,0.5138551125258342,0.6625271834724913,0.018,0.75
S52,62,0.7307521190600155,0.2730914094462604,0.018,0.75
S52,63,0.44160074055404314,0.5062295127367626,0.018,0.75
S52,64,0.5707490617130373,0.6254777562882071,0.018,0.75
S52,65,0.7969790993481628,0.2712353539168373,0.018,0.75
S52,66,0.3627181506218879,0.508773909958864,0.018,0.75
S52,67,0.5373591126782122,0.5943937138522559,0.018,0.75
S52,68,0.6322430843288794,0.23690211633683514,0.018,0.75
S52,69,0.48607123242794587,0.4086069194094514,0.018,0.75
S52,70,0.5434598063805477,0.6070030102272929,0.018,0.75
S52,71,0.5713396549373202,0.40006517189687474,0.018,0.75
S52,72,0.2830841077284436,0.43581322123516264,0.018,0.75
S52,73,0.594040964327501,0.6076949201436233,0.018,0.75
S52,74,0.7188922248528749,0.13406065317516286,0.018,0.75
S52,75,0.4493573288860828,0.5023045960319598,0.018,0.75
S52,76,0.5569976449238115,0.5809638941813247,0.018,0.75
S52,77,0.6304142262840045,0.23080987158588523,0.018,0.75
S52,78,0.29216248952358626,0.43716658591119345,0.018,0.75
S52,79,0.5264980714067866,0.6243723156237905,0.018,0.75
S52,80,0.7389715640321574,0.2541439955050705,0.018,0.75
S52,81,0.4538492499775758,0.37003606651869025,0.018,0.75
S52,82,0.5027105261560119,0.6446054321833216,0.018,0.75
S52,83,0.7121692247781568,0.35550421569275414,0.018,0.75
S52,84,0.3967952263758933,0.5142907357450645,0.018,0.75
S52,85,0.4822574535693641,0.6416372272587774,0.018,0.75
S52,86,0.8133417309310337,0.22650488334206098,0.018,0.75
S52,87,0.5021095623427555,0.4001812175845978,0.018,0.75
S52,88,0.5806567884955666,0.5424112350132329,0.018,0.75
S52,89,0.678653943437433,0.2087175967555344,0.018,0.75
S52,90,0.3990690690129374,0.44778923799618503,0.018,0.75
S52,91,0.5370971454630141,0.6976687049723445,0.018,0.75
S52,92,0.70731043626085,0.21673100594610317,0.018,0.75
S52,93,0.29100899163215943,0.47536903762746574,0.018,0.75
S52,94,0.5286941112049741,0.5429621388954713,0.018,0.75
S52,95,0.70558836034057,0.2989585354380638,0.018,0.75
S52,96,0.4123343635736999,0.4295830223832295,0.018,0.75
S52,97,0.5827888292169393,0.5737766979810491,0.018,0.75
S52,98,0.7261951514490739,0.3163929156999979,0.018,0.75
S52,99,0.30253741809332296,0.39988150512686305,0.018,0.75
S52,100,0.5634483472249363,0.5031669301215562,0.018,0.75
S52,101,0.6240589536282654,0.24330936931316705,0.018,0.75
S52,102,0.4422540358776276,0.3903299956832403,0.018,0.75
S52,103,0.5444431384633346,0.56169642799296,0.018,0.75
S52,104,0.6857964690828298,0.21851486594885955,0.018,0.75
S52,105,0.43144805362962463,0.36888262411333417,0.018,0.75
S52,106,0.35786031257108386,0.5838018477367503,0.018,0.75
S52,107,0.6376872960617717,0.1837453769301986,0.018,0.75
S52,108,0.4100464512520414,0.4095065933564513,0.018,0.75
S52,109,0.5725536100514917,0.6230339292526814,0.018,0.75
S53,0,0.18630312182049483,0.98,0.018,0.75
S53,1,0.02,0.6368043542336973,0.018,0.75
S53,2,0.7500369099735147,0.3213434211232142,0.018,0.75
S53,3,0.98,0.183194663072354,0.018,0.75
S53,4,0.5698945286385573,0.2046022204750631,0.018,0.75
S53,5,0.5857257873874968,0.98,0.018,0.75
S53,6,0.557781828899756,0.98,0.018,0.75
S53,7,0.20919341915972176,0.6511158816563246,0.018,0.75
S53,8,0.45038686115577287,0.7100591855482069,0.018,0.75
S53,9,0.98,0.04878788798605402,0.018,0.75
S53,10,0.4649913066127347,0.3429786811942718,0.018,0.75
S53,11,0.6778069479192467,0.9692218492122744,0.018,0.75
S53,12,0.20399769291950234,0.5293415620458011,0.018,0.75
S53,13,0.5179021202029668,0.8036514196331456,0.018,0.75
S53,14,0.5535088922966553,0.5353241277152136,0.018,0.75
S53,15,0.98,0.1651981202462371,0.018,0.75
S53,16,0.5259137096846815,0.5307198712713755,0.018,0.75
S53,17,0.6013871260893426,0.7163591266595386,0.018,0.75
S53,18,0.2683134999797713,0.7855730422868494,0.018,0.75
S53,19,0.10111605461149048,0.965593093191354,0.018,0.75
S53,20,0.45567124106014867,0.5639451062063374,0.018,0.75
S53,21,0.9449867476406678,0.2151379239861469,0.018,0.75
S53,22,0.6100440844555958,0.149582194960649,0.018,0.75
S53,23,0.6641944310025749,0.7608799914138384,0.018,0.75
S53,24,0.02,0.813537231044335,0.018,0.75
S53,25,0.02,0.98,0.018,0.75
S53,26,0.5250026692217542,0.5159519160638626,0.018,0.75
S53,27,0.98,0.06580763942599963,0.018,0.75
S54,0,0.36699720043723183,0.4757186871637414,0.018,0.75
S54,1,0.5908227666097554,0.5640733491329508,0.018,0.75
S54,2,0.7311065326201586,0.20754761337171046,0.018,0.75
S54,3,0.35321172776605186,0.3248312439225772,0.018,0.75
S54,4,0.5434987761782092,0.5651785930468459,0.018,0.75
S54,5,0.7153068630378082,0.25115290176930116,0.018,0.75
S54,6,0.3326419798775605,0.4173434516916443,0.018,0.75
S54,7,0.47147183434255435,0.6172715448225654,0.018,0.75
S54,8,0.7228389468476589,0.1702803711707449,0.018,0.75
S54,9,0.2890581543181322,0.4561000394952935,0.018,0.75
S54,10,0.6347134210760372,0.6040985927341124,0.018,0.75
S54,11,0.7352767385705101,0.16429100476155262,0.018,0.75
S54,12,0.42338094814462574,0.5817349805862838,0.018,0.75
S54,13,0.5542637276087313,0.5417455065843023,0.018,0.75
S54,14,0.6638657424321786,0.2550355942685669,0.018,0.75
S54,15,0.3278087194353053,0.40866258548249645,0.018,0.75
S54,16,0.5669558188237219,0.6662904515547216,0.018,0.75
S54,17,0.6798635366774759,0.22887793222800912,0.018,0.75
S54,18,0.3215383323354668,0.3799884800856018,0.018,0.75
S54,19,0.5500305399589795,0.506883174504017,0.018,0.75
S54,20,0.6856086856007344,0.25708371078041525,0.018,0.75
S54,21,0.31246368585827483,0.4462555154644861,0.018,0.75
S54,22,0.41690059314941946,0.6686498146247294,0.018,0.75
S54,23,0.722978099575507,0.2618239211226074,0.018,0.75
S54,24,0.3774305919116453,0.4516578558897289,0.018,0.75
S54,25,0.5428469183898895,0.4885694693385354,0.018,0.75
S54,26,0.6269343446136569,0.16089928050550428,0.018,0.75
S54,27,0.5331406080021394,0.4147902270194823,0.018,0.75
S54,28,0.5553040700924524,0.6425733191741351,0.018,0.75
S54,29,0.7595962278688242,0.23596849980421333,0.018,0.75
S54,30,0.3980396743800642,0.4684149475606211,0.018,0.75
S54,31,0.6427409654701568,0.5585574986784518,0.018,0.75
S54,32,0.7709907358047492,0.2569582805019854,0.018,0.75
S54,33,0.3348244375545949,0.49235840102451045,0.018,0.75
S54,34,0.5243665623536993,0.5658468822485616,0.018,0.75
S54,35,0.7899947215029232,0.19389777862429342,0.018,0.75
S54,36,0.3339749989415727,0.5023432856695136,0.018,0.75
S54,37,0.5490022823213218,0.6141269025830906,0.018,0.75
S54,38,0.6912628868478115,0.22448087369280462,0.018,0.75
S54,39,0.41302988168862265,0.46255731384111537,0.018,0.75
S54,40,0.5709148595777602,0.5740127801919871,0.018,0.75
S54,41,0.6741742864123408,0.2887003714665046,0.018,0.75
S54,42,0.3951940084948125,0.5034470741405144,0.018,0.75
S54,43,0.5139429419645551,0.58780538431051,0.018,0.75
S54,44,0.7285797936041166,0.2692673314311613,0.018,0.75
S54,45,0.4229060013791158,0.43918537038480393,0.018,0.75
S54,46,0.4411686465469482,0.6114845349263723,0.018,0.75
S54,47,0.7227991239547339,0.2803511565567368,0.018,0.75
S54,48,0.33797363145141696,0.4386145350775947,0.018,0.75
S54,49,0.5294489151555851,0.48135918446084547,0.018,0.75
S54,50,0.6700221356164826,0.26522123631276445,0.018,0.75
S54,51,0.32016215737295595,0.3936711232905682,0.018,0.75
S55,0,0.3955806168163481,0.40894456637648546,0.018,0.75
S55,1,0.5772368632927127,0.6214912107928485,0.018,0.75
S55,2,0.7329639315674283,0.2490219730586098,0.018,0.75
S55,3,0.37064785576680465,0.4226015951198675,0.018,0.75
S55,4,0.5426888205641703,0.6621195215557825,0.018,0.75
S55,5,0.653479142214749,0.3252722029929459,0.018,0.75
S55,6,0.38406527948893115,0.4536546504282338,0.018,0.75
S55,7,0.6138219920441268,0.6383612254637552,0.018,0.75
S55,8,0.7289714112076576,0.1968403676968694,0.018,0.75
S55,9,0.29844682822340174,0.4783651534398339,0.018,0.75
S55,10,0.48895749603278177,0.5075325453253365,0.018,0.75
S55,11,0.6499666921030453,0.28485985994927127,0.018,0.75
S55,12,0.35184200909183666,0.32088414642325114,0.018,0.75
S55,13,0.43146262690202103,0.6259025093253027,0.018,0.75
S55,14,0.6310828381426076,0.3266177705800606,0.018,0.75
S55,15,0.4240735156092897,0.4252803530459103,0.018,0.75
S55,16,0.5383309425518367,0.602033789144989,0.018,0.75
S55,17,0.6782817474652219,0.2352062473326138,0.018,0.75
S55,18,0.44459094248242226,0.48373027967330257,0.018,0.75
S55,19,0.6032526649238278,0.510615258622061,0.018,0.75
S55,20,0.7767973219072739,0.33397969507544956,0.018,0.75
S55,21,0.37300553858227325,0.40851205669563373,0.018,0.75
S55,22,0.5855502721793371,0.6636197266713338,0.018,0.75
S55,23,0.7054923708534289,0.3167584897168963,0.018,0.75
S55,24,0.4252735540009047,0.5419316710846763,0.018,0.75
S55,25,0.5153967106743571,0.5515433183495566,0.018,0.75
S55,26,0.6412986887485883,0.15741465798273424,0.018,0.75
S55,27,0.2936336750097254,0.5044160396652881,0.018,0.75
S55,28,0.5133656800883739,0.5717863723316747,0.018,0.75
S55,29,0.7387930347567598,0.3161096153475513,0.018,0.75
S55,30,0.31173390167169895,0.4602014913878447,0.018,0.75
S55,31,0.5709336018044785,0.5906089962862031,0.018,0.75
S55,32,0.651974875534666,0.2853804688976578,0.018,0.75
S55,33,0.2908477207105403,0.4707368781175466,0.018,0.75
S55,34,0.6043010907898931,0.6650614802510986,0.018,0.75
S55,35,0.7423214217460234,0.3098894313859188,0.018,0.75
S55,36,0.34028045267077295,0.5070713341355141,0.018,0.75
S55,37,0.5533555291309205,0.6284608783746564,0.018,0.75
S55,38,0.6634308085876104,0.2682205515488229,0.018,0.75
S55,39,0.3335687970670931,0.5099187759001629,0.018,0.75
S55,40,0.44440153142948596,0.5476285158439829,0.018,0.75
S55,41,0.6642786154977602,0.342179722016633,0.018,0.75
S55,42,0.390886739390434,0.5105639289247541,0.018,0.75
S55,43,0.5785463181432201,0.584372460187765,0.018,0.75
S55,44,0.7139536428175257,0.28950818718450433,0.018,0.75
S55,45,0.420808016255439,0.43677003931204944,0.018,0.75
S55,46,0.5563390727498081,0.5819986169959429,0.018,0.75
S55,47,0.6804955850246764,0.20910644442600868,0.018,0.75
S55,48,0.4245651810026362,0.595658931539861,0.018,0.75
S55,49,0.5407610530567988,0.5500319123216266,0.018,0.75
S55,50,0.7182413133785287,0.3181063089883255,0.018,0.75
S55,51,0.36658307543561325,0.44767421785287437,0.018,0.75
S55,52,0.5425766245812822,0.5874368926920037,0.018,0.75
S55,53,0.6257872354968026,0.20969296534031195,0.018,0.75
S55,54,0.3636092190181424,0.46644363561454677,0.018,0.75
S55,55,0.6038330789906875,0.51303901697085,0.018,0.75
S55,56,0.673821696938357,0.2765810884256875,0.018,0.75
S55,57,0.4673151467074776,0.32043398745768226,0.018,0.75
S55,58,0.5867468281324678,0.6355127516426657,0.018,0.75
S55,59,0.7830252854039057,0.26229372383385713,0.018,0.75
S55,60,0.3347396167646649,0.43490240080525344,0.018,0.75
S55,61,0.5052151537287223,0.6182829308449308,0.018,0.75
S55,62,0.7261074932989418,0.2814952011014914,0.018,0.75
S55,63,0.4066694199900115,0.40490925857197824,0.018,0.75
S55,64,0.6825335399399332,0.6517281804589796,0.018,0.75
S55,65,0.6394733158156141,0.3990581052121859,0.018,0.75
S55,66,0.38894281653106777,0.44938352988735336,0.018,0.75
S55,67,0.5880380299254868,0.5951116941937201,0.018,0.75
S55,68,0.7110924291054513,0.19373090541735535,0.018,0.75
S55,69,0.41451756972017617,0.45029850490120127,0.018,0.75
S55,70,0.5082818318494069,0.6282099004946822,0.018,0.75
S55,71,0.72661336189626,0.16069933887189297,0.018,0.75
S55,72,0.27023690216362256,0.3715254791239968,0.018,0.75
S55,73,0.6124247887619567,0.6390486703550016,0.018,0.75
S55,74,0.6870380123434108,0.20019669632465592,0.018,0.75
S55,75,0.41864434303607867,0.46106348069958186,0.018,0.75
S55,76,0.6031935321578861,0.6480801367447071,0.018,0.75
S55,77,0.7356774529397386,0.28305626059486133,0.018,0.75
S55,78,0.2520176016361171,0.4579896754090789,0.018,0.75
S55,79,0.4869361936265882,0.6618407582077882,0.018,0.75
S55,80,0.7072991211583847,0.2516305636034163,0.018,0.75
S56,0,0.02,0.7927611328630841,0.018,0.75
S56,1,0.5411863788952316,0.6473883802300427,0.018,0.75
S56,2,0.4287739703739426,0.9214918382286331,0.018,0.75
S56,3,0.98,0.5779409332538659,0.018,0.75
S56,4,0.7636757062012525,0.02,0.018,0.75
S56,5,0.3002687911418467,0.8323210696872851,0.018,0.75
S56,6,0.11392778617283339,0.98,0.018,0.75
S56,7,0.7010343249855271,0.6792323127963479,0.018,0.75
S56,8,0.18598832402468052,0.98,0.018,0.75
S56,9,0.6929646592941259,0.98,0.018,0.75
S56,10,0.3053712964907862,0.2736034702411919,0.018,0.75
S56,11,0.42719767457906804,0.98,0.018,0.75
S56,12,0.21602440302794967,0.8975768690911281,0.018,0.75
S56,13,0.21467536749116312,0.35357358013203544,0.018,0.75
S56,14,0.050132916620418244,0.7956460810193926,0.018,0.75
S56,15,0.7180048507823351,0.523086509077738,0.018,0.75
S56,16,0.3145921169559065,0.0358477925754426,0.018,0.75
S56,17,0.7829842626258261,0.6087457611872975,0.018,0.75
S56,18,0.04121695990543739,0.9191768257243526,0.018,0.75
S56,19,0.27355814344062046,0.3810354326894766,0.018,0.75
S56,20,0.5615195862024537,0.6852139388158367,0.018,0.75
S56,21,0.5999281217976637,0.8080219259643207,0.018,0.75
S56,22,0.28713156563792686,0.31499638625590604,0.018,0.75
S56,23,0.450458195198761,0.9046712632171574,0.018,0.75
S56,24,0.02,0.6307511397403025,0.018,0.75
S56,25,0.8418354307634792,0.32461329695036234,0.018,0.75
S56,26,0.24196534301912836,0.43353175016777357,0.018,0.75
S56,27,0.9069053799428385,0.4964628346943551,0.018,0.75
S56,28,0.3982616918765379,0.09717843822544524,0.018,0.75
S56,29,0.25021643423432915,0.6793687564590588,0.018,0.75
S56,30,0.14750413010007618,0.8714428514457154,0.018,0.75
S56,31,0.8062217099803666,0.26892012280397415,0.018,0.75
S56,32,0.1354621683121603,0.37517291815156184,0.018,0.75
S56,33,0.8333538585507417,0.45481053352146167,0.018,0.75
S56,34,0.02,0.32701723262823235,0.018,0.75
S56,35,0.28441750079566774,0.9717307137827689,0.018,0.75
S56,36,0.02,0.5646608984549433,0.018,0.75
S56,37,0.7995400582606491,0.4851101053198607,0.018,0.75
S56,38,0.3111545457928384,0.938714099751939,0.018,0.75
S56,39,0.9720363929352969,0.640286438910773,0.018,0.75
S56,40,0.02,0.3560415388898344,0.018,0.75
S56,41,0.6415815542485546,0.355704019310065,0.018,0.75
S56,42,0.02,0.98,0.018,0.75
S56,43,0.6480270764024605,0.4244720277987313,0.018,0.75
S56,44,0.02,0.5989963797577127,0.018,0.75
S56,45,0.5171398136638272,0.2878909383638216,0.018,0.75
S56,46,0.054139361189494195,0.02,0.018,0.75
S56,47,0.4918225462852167,0.4949063232786149,0.018,0.75
S56,48,0.02,0.98,0.018,0.75
S56,49,0.3905101192220174,0.36190010241301984,0.018,0.75
S56,50,0.02,0.9001855333484885,0.018,0.75
S56,51,0.8197389985807437,0.7651456297445007,0.018,0.75
S56,52,0.026026426222705762,0.02,0.018,0.75
S56,53,0.3243024139779245,0.9305666358352351,0.018,0.75
S56,54,0.02,0.8307042446110662,0.018,0.75
S56,55,0.3432465545089652,0.1914519836362924,0.018,0.75
S56,56,0.1829962973026205,0.98,0.018,0.75
S56,57,0.6411373024526658,0.5024312560796924,0.018,0.75
S56,58,0.0397802568913008,0.02,0.018,0.75
S56,59,0.41180553392179975,0.9195240079521387,0.018,0.75
S56,60,0.2620165184721944,0.9076868326422576,0.018,0.75
S56,61,0.10522359257375657,0.6990816955565935,0.018,0.75
S56,62,0.2930565523630333,0.98,0.018,0.75
S56,63,0.4372375505010909,0.06195428665668934,0.018,0.75
S56,64,0.14321702517172233,0.2068339613800695,0.018,0.75
S56,65,0.5877264653609158,0.98,0.018,0.75
S56,66,0.02,0.9788106675475706,0.018,0.75
S56,67,0.47225540489131757,0.42195966295673837,0.018,0.75
S56,68,0.02,0.98,0.018,0.75
S56,69,0.8994044195611098,0.5242854093584112,0.018,0.75
S56,70,0.19361184829160033,0.1819096963761737,0.018,0.75
S56,71,0.48001849917859224,0.6783145571988571,0.018,0.75
S56,72,0.02,0.98,0.018,0.75
S56,73,0.558339642276185,0.12881515624656703,0.018,0.75
S56,74,0.10575799171005348,0.7042243671283329,0.018,0.75
S56,75,0.509373476289174,0.8489659853090485,0.018,0.75
S56,76,0.03711153097459108,0.23581394929726643,0.018,0.75
S56,77,0.2526451247523537,0.98,0.018,0.75
S56,78,0.11686968529493359,0.8478361189769215,0.018,0.75
S56,79,0.4000860485885185,0.731177251003573,0.018,0.75
S56,80,0.17786413051595376,0.3192819391780938,0.018,0.75
S56,81,0.8744309943967554,0.8768549994220722,0.018,0.75
S56,82,0.02,0.23816561296554942,0.018,0.75
S56,83,0.49381930883507835,0.98,0.018,0.75
S56,84,0.26780256884201087,0.98,0.018,0.75
S56,85,0.4972051035503705,0.4046044267725048,0.018,0.75
S56,86,0.3167670845735366,0.9229055718286305,0.018,0.75
S56,87,0.6104331702179151,0.754605684290076,0.018,0.75
S56,88,0.16799126489032803,0.2529615162896969,0.018,0.75
S56,89,0.6334548968264493,0.98,0.018,0.75
S56,90,0.14959727864246192,0.98,0.018,0.75
S56,91,0.24634406516153062,0.5815276253520029,0.018,0.75
S56,92,0.02,0.98,0.018,0.75
S56,93,0.98,0.6836825993706523,0.018,0.75
S56,94,0.32793098417001254,0.02,0.018,0.75
S56,95,0.4695238181821131,0.8755117718407976,0.018,0.75
S56,96,0.02,0.6773952994501206,0.018,0.75
S56,97,0.14956985197263029,0.3111915760598689,0.018,0.75
S56,98,0.02,0.9542169963349266,0.018,0.75
S56,99,0.98,0.3593124059558684,0.018,0.75
S56,100,0.2652371437395919,0.10213296582228103,0.018,0.75
S56,101,0.6127918680059139,0.9765345338139275,0.018,0.75
S56,102,0.02672264039203562,0.98,0.018,0.75
S56,103,0.7570593779233898,0.5047051864097583,0.018,0.75
S56,104,0.4178831478321418,0.8165329641456397,0.018,0.75
S56,105,0.4149918118505457,0.4796723207984984,0.018,0.75
S56,106,0.20795294753468044,0.5915452392491571,0.018,0.75
S56,107,0.4605698519518305,0.98,0.018,0.75
S56,108,0.02,0.9783692131006015,0.018,0.75
S56,109,0.5890753918152847,0.6951263610385934,0.018,0.75
S57,0,0.42509337743913417,0.3808714968301952,0.018,0.75
S57,1,0.5809901055531564,0.6317979945302609,0.018,0.75
S57,2,0.701512868928912,0.2339070648787251,0.018,0.75
S57,3,0.2686724445051894,0.5932921212109449,0.018,0.75
S57,4,0.5841848430600801,0.6190312899907209,0.018,0.75
S57,5,0.61717123357661,0.1734257144688791,0.018,0.75
S57,6,0.5105728947381836,0.5071177656440332,0.018,0.75
S57,7,0.5252370785275662,0.5936364044478392,0.018,0.75
S57,8,0.7014751884550268,0.26252287154536114,0.018,0.75
S57,9,0.4880082826472214,0.5457843665987935,0.018,0.75
S57,10,0.5360049469975687,0.6067030293793603,0.018,0.75
S57,11,0.666725538687313,0.2396840293421162,0.018,0.75
S57,12,0.34795604802657343,0.4463866080961864,0.018,0.75
S57,13,0.5539605799683845,0.5005981660540371,0.018,0.75
S57,14,0.6225718505961194,0.23549439008527512,0.018,0.75
S57,15,0.4586495665317001,0.42115973096951675,0.018,0.75
S57,16,0.5441245374261093,0.5579736717876569,0.018,0.75
S57,17,0.6432969522388358,0.27605915388603536,0.018,0.75
S57,18,0.3298156133148845,0.5161101319597861,0.018,0.75
S57,19,0.5770588826921189,0.6007470547699797,0.018,0.75
S57,20,0.6521309154793368,0.19654470785579195,0.018,0.75
S57,21,0.3828130342411127,0.3700168504113154,0.018,0.75
S57,22,0.5530135352087229,0.5673820177297408,0.018,0.75
S57,23,0.8207526895639492,0.3351185276710715,0.018,0.75
S57,24,0.493237354364471,0.4597136271637458,0.018,0.75
S57,25,0.550886861732356,0.5100869746987919,0.018,0.75
S57,26,0.682826978040975,0.26741797877718715,0.018,0.75
S57,27,0.34838682750804406,0.496588196691924,0.018,0.75
S58,0,0.3540766457237686,0.4887979275887394,0.018,0.75
S58,1,0.5452254559674279,0.6026591087922447,0.018,0.75
S58,2,0.695293036229083,0.24520026180790228,0.018,0.75
S58,3,0.2985682731881816,0.3817178697087061,0.018,0.75
S58,4,0.5778871687762092,0.6606774307724086,0.018,0.75
S58,5,0.6645326334636588,0.27121216457177094,0.018,0.75
S58,6,0.3652445202214954,0.42345371944717525,0.018,0.75
S58,7,0.4589349285792113,0.526298313336405,0.018,0.75
S58,8,0.636191542706403,0.22369487924742332,0.018,0.75
S58,9,0.3387278836155291,0.5085251188603395,0.018,0.75
S58,10,0.5104098337436795,0.6099730425910349,0.018,0.75
S58,11,0.7338920992984321,0.1789179649310761,0.018,0.75
S58,12,0.4016950601626866,0.47751728762153967,0.018,0.75
S58,13,0.6052936520589404,0.648897642540296,0.018,0.75
S58,14,0.6633705899968966,0.17764702099624674,0.018,0.75
S58,15,0.3864273423943638,0.46086767261896383,0.018,0.75
S58,16,0.47835179445696163,0.6713580606358146,0.018,0.75
S58,17,0.5420166883130113,0.23005772540489877,0.018,0.75
S58,18,0.3728709497302592,0.49541138409213265,0.018,0.75
S58,19,0.5538473634050779,0.5674575984142247,0.018,0.75
S58,20,0.7174657695802534,0.24196810582603565,0.018,0.75
S58,21,0.4163978939147053,0.5615929822318761,0.018,0.75
S58,22,0.62644939604922,0.6582959406437316,0.018,0.75
S58,23,0.6727883456798034,0.24142695831682795,0.018,0.75
S58,24,0.3643818596255445,0.4141265941034506,0.018,0.75
S58,25,0.4673901360033863,0.5643853971904258,0.018,0.75
S58,26,0.7768408420647764,0.35460091350123735,0.018,0.75
S58,27,0.36341588817007214,0.5136781449932636,0.018,0.75
S58,28,0.5037870028907377,0.5346123957328858,0.018,0.75
S58,29,0.7090299328737262,0.35441070528847995,0.018,0.75
S58,30,0.47157928489019973,0.40827580747865905,0.018,0.75
S58,31,0.5443728045683752,0.4846738746050656,0.018,0.75
S58,32,0.6717331053948112,0.19544618183906026,0.018,0.75
S58,33,0.4091183217568619,0.4009653968097106,0.018,0.75
S58,34,0.56426303969957,0.6883664032238478,0.018,0.75
S58,35,0.7241145802996114,0.16867701562657927,0.018,0.75
S58,36,0.35391174536818015,0.4734728872172922,0.018,0.75
S58,37,0.6481611098989225,0.557450987538817,0.018,0.75
S58,38,0.7528834826471488,0.2238636043474714,0.018,0.75
S58,39,0.31726476825689376,0.6258096403030459,0.018,0.75
S58,40,0.5801077805681055,0.6059412418303177,0.018,0.75
S58,41,0.7119046565777107,0.10282162143071782,0.018,0.75
S58,42,0.3192035994233728,0.3801277958639638,0.018,0.75
S58,43,0.6209212757860886,0.5937545008981635,0.018,0.75
S58,44,0.7962719583681042,0.17872184263252372,0.018,0.75
S58,45,0.35263835436849345,0.4316239363122445,0.018,0.75
S58,46,0.6563643259836639,0.5860347551649512,0.018,0.75
S58,47,0.7678767579227653,0.22593164175840683,0.018,0.75
S58,48,0.36236386006590227,0.5276466386065661,0.018,0.75
S58,49,0.5452066412354606,0.5046171513846828,0.018,0.75
S58,50,0.7729067144859012,0.290780333674826,0.018,0.75
S58,51,0.37655667828337036,0.4710327526512548,0.018,0.75
S59,0,0.5913344052274214,0.2568240109477504,0.018,0.75
S59,1,0.9333171084861546,0.40887470091492434,0.018,0.75
S59,2,0.98,0.3146083822087425,0.018,0.75
S59,3,0.7504480786123924,0.7882834507128462,0.018,0.75
S59,4,0.5872706604190546,0.7913133297619002,0.018,0.75
S59,5,0.10267093200432603,0.6377662717806317,0.018,0.75
S59,6,0.5840127243872576,0.39309979553803753,0.018,0.75
S59,7,0.7167798886703503,0.6964303831789387,0.018,0.75
S59,8,0.7690934510174758,0.5029734375026835,0.018,0.75
S59,9,0.4493416718222496,0.9185370690715304,0.018,0.75
S59,10,0.671953717158939,0.7108264401736448,0.018,0.75
S59,11,0.5501244655442343,0.74006799871797,0.018,0.75
S59,12,0.794121418817157,0.6962249973357185,0.018,0.75
S59,13,0.98,0.6023863194626397,0.018,0.75
S59,14,0.6599703108871032,0.3357491519757372,0.018,0.75
S59,15,0.7282285517425899,0.6673047852705561,0.018,0.75
S59,16,0.5213504978350978,0.7791911275974843,0.018,0.75
S59,17,0.5906041499389587,0.6090759505366645,0.018,0.75
S59,18,0.6265152694378934,0.44259242045734337,0.018,0.75
S59,19,0.98,0.7477605126182791,0.018,0.75
S59,20,0.98,0.22998797331862253,0.018,0.75
S59,21,0.7756655993675484,0.7913703484246963,0.018,0.75
S59,22,0.3565266838675668,0.8721526458905269,0.018,0.75
S59,23,0.6570270038544299,0.9342370221228558,0.018,0.75
S59,24,0.8216051230670794,0.6405845784788251,0.018,0.75
S59,25,0.98,0.5461766413553998,0.018,0.75
S59,26,0.98,0.5755176529232178,0.018,0.75
S59,27,0.6791802133464966,0.8052529544929677,0.018,0.75
S59,28,0.1884665079798002,0.7162002830937592,0.018,0.75
S59,29,0.5504616878566897,0.6544156310945414,0.018,0.75
S59,30,0.3075282383326127,0.4848951672843133,0.018,0.75
S59,31,0.98,0.5411967309585578,0.018,0.75
S59,32,0.8562148733738634,0.561988784994129,0.018,0.75
S59,33,0.6746191881863038,0.8967750878202371,0.018,0.75
S59,34,0.5127643468910613,0.7973326615209188,0.018,0.75
S59,35,0.5242620669910167,0.6731868176565532,0.018,0.75
S59,36,0.5386434864170974,0.396080171474097,0.018,0.75
S59,37,0.98,0.38110803654134295,0.018,0.75
S59,38,0.98,0.6711583634336816,0.018,0.75
S59,39,0.567994337150248,0.5393276729733971,0.018,0.75
S59,40,0.5958454299252833,0.8995420562492528,0.018,0.75
S59,41,0.6929544324279575,0.98,0.018,0.75
S59,42,0.3619946169263763,0.6196991746775681,0.018,0.75
S59,43,0.9012130673268435,0.3854257361652137,0.018,0.75
S59,44,0.9683570136650211,0.5152198146046335,0.018,0.75
S59,45,0.9029027388338684,0.6589924979206472,0.018,0.75
S59,46,0.7462642019666319,0.98,0.018,0.75
S59,47,0.5322621670461634,0.8013826772601729,0.018,0.75
S59,48,0.9185036418305468,0.6129680028230621,0.018,0.75
S59,49,0.98,0.09131500580680518,0.018,0.75
S59,50,0.98,0.16615479486973203,0.018,0.75
S59,51,0.8369777770619131,0.5864717735864375,0.018,0.75
S59,52,0.6021672051757472,0.98,0.018,0.75
S59,53,0.4003982413128554,0.6878238918627894,0.018,0.75
S59,54,0.7591069076405166,0.5065669621934898,0.018,0.75
S59,55,0.8511153754780976,0.28702274888765295,0.018,0.75
S59,56,0.98,0.3473907119409474,0.018,0.75
S59,57,0.9237253884185956,0.98,0.018,0.75
S59,58,0.7275584270370563,0.98,0.018,0.75
S59,59,0.5734256940900114,0.98,0.018,0.75
S59,60,0.43730385194095545,0.40259345657482803,0.018,0.75
S59,61,0.5897909437180731,0.6585131336039787,0.018,0.75
S59,62,0.7440980602140441,0.5713791618525312,0.018,0.75
S59,63,0.6033983105711944,0.8292037767946651,0.018,0.75
S59,64,0.4793358015286403,0.98,0.018,0.75
S59,65,0.5437079196701753,0.8916674786090586,0.018,0.75
S59,66,0.521116553970765,0.5515180080365011,0.018,0.75
S59,67,0.98,0.6077578743606376,0.018,0.75
S59,68,0.98,0.30932666138438897,0.018,0.75
S59,69,0.5175190042356067,0.98,0.018,0.75
S59,70,0.13723920963535285,0.826203649665792,0.018,0.75
S59,71,0.9252455980958547,0.8987146029960432,0.018,0.75
S59,72,0.3527819208116399,0.6046994255170691,0.018,0.75
S59,73,0.8530187311672464,0.4939569894972525,0.018,0.75
S59,74,0.8877027915432519,0.26629443243858314,0.018,0.75
S59,75,0.5570082397886558,0.98,0.018,0.75
S59,76,0.6415727400173077,0.7349873881865958,0.018,0.75
S59,77,0.46269400392477705,0.593238302718272,0.018,0.75
S59,78,0.8529457931821147,0.59341225771814,0.018,0.75
S59,79,0.98,0.464243940784696,0.018,0.75
S59,80,0.7877633914537032,0.349052353041779,0.018,0.75
S60,0,0.36691505103411154,0.4257870996116036,0.018,0.75
S60,1,0.597842984363269,0.6387651255200134,0.018,0.75
S60,2,0.8155816230761771,0.27629465995659547,0.018,0.75
S60,3,0.3397646924041404,0.41854360948117575,0.018,0.75
S60,4,0.6089889045301089,0.5458381799111336,0.018,0.75
S60,5,0.6326273391153084,0.29320269038110935,0.018,0.75
S60,6,0.41312671043071975,0.4351271994019229,0.018,0.75
S60,7,0.6081345765065492,0.5656248754849469,0.018,0.75
S60,8,0.6765193421844393,0.25904942200056075,0.018,0.75
S60,9,0.4884008330217674,0.5096212007389231,0.018,0.75
S60,10,0.6077056263272601,0.5463801131694894,0.018,0.75
S60,11,0.6536331249497939,0.3267009944677284,0.018,0.75
S60,12,0.3944926342957689,0.48008827611768423,0.018,0.75
S60,13,0.6396620727281024,0.6282124914132771,0.018,0.75
S60,14,0.6565249154954707,0.32012975402931515,0.018,0.75
S60,15,0.3226069831469694,0.41235435400034276,0.018,0.75
S60,16,0.5530673409991433,0.5540253061279807,0.018,0.75
S60,17,0.7388869166272186,0.2713948800570791,0.018,0.75
S60,18,0.4611892524122121,0.4109503022549269,0.018,0.75
S60,19,0.6471607644520334,0.5817838236543208,0.018,0.75
S60,20,0.7253708079584532,0.2348675561236365,0.018,0.75
S60,21,0.3785964104800549,0.4844790831274293,0.018,0.75
S60,22,0.5272007165456678,0.5846413266100239,0.018,0.75
S60,23,0.6372451106218171,0.33978880902793396,0.018,0.75
S60,24,0.33520801594174976,0.4677762351940023,0.018,0.75
S60,25,0.5568726305088691,0.6565988397044936,0.018,0.75
S60,26,0.6544609011560456,0.22744108905640809,0.018,0.75
S60,27,0.45267117899217607,0.39350631408843323,0.018,0.75
S60,28,0.6548420849809394,0.5798640285313306,0.018,0.75
S60,29,0.7899955401494387,0.278088091277851,0.018,0.75
S60,30,0.30010825829083765,0.47241968327720896,0.018,0.75
S60,31,0.5803853567765594,0.5935464278451219,0.018,0.75
S60,32,0.7467576560319449,0.33055505999571444,0.018,0.75
S60,33,0.3759761300322111,0.4557809299866405,0.018,0.75
S60,34,0.4166420506227807,0.5615329037925627,0.018,0.75
S60,35,0.6727561072815471,0.2407870746110723,0.018,0.75
S60,36,0.39142903012694025,0.3754184380389006,0.018,0.75
S60,37,0.49806480204213893,0.5897883338260719,0.018,0.75
S60,38,0.6903771181168245,0.19051205269155624,0.018,0.75
S60,39,0.43286037835907576,0.42913630517478113,0.018,0.75
S60,40,0.5539011572093545,0.6070931667534737,0.018,0.75
S60,41,0.6679923244721298,0.21244048120770728,0.018,0.75
S60,42,0.373267618766087,0.40562977837049013,0.018,0.75
S60,43,0.4758872843813864,0.5611712383468692,0.018,0.75
S60,44,0.7062264610474925,0.35740538095647556,0.018,0.75
S60,45,0.3133509672525894,0.4491227514522275,0.018,0.75
S60,46,0.5814922694316716,0.5372179503961774,0.018,0.75
S60,47,0.7742094423829549,0.2862224218515617,0.018,0.75
S60,48,0.3681776575568306,0.45077495140007856,0.018,0.75
S60,49,0.6730656576594258,0.5840885583063166,0.018,0.75
S60,50,0.6900564648601722,0.2484436787999149,0.018,0.75
S60,51,0.47727991507574113,0.4390908474796166,0.018,0.75
S60,52,0.5747307193948011,0.5418939916849776,0.018,0.75
S60,53,0.7383229765922837,0.26951530722103845,0.018,0.75
S60,54,0.34736278960532896,0.48441421282046665,0.018,0.75
S60,55,0.5334124820954677,0.5353561949835808,0.018,0.75
S60,56,0.6517628725709512,0.24886535370613647,0.018,0.75
S60,57,0.3833617469279621,0.4746009913415039,0.018,0.75
S60,58,0.5831840077913641,0.6293800595272934,0.018,0.75
S60,59,0.706386078613573,0.293718446123327,0.018,0.75
S60,60,0.42584367425262964,0.44597832790293107,0.018,0.75
S60,61,0.5483908058876947,0.6522046587480079,0.018,0.75
S60,62,0.6456066134397748,0.27182361665488175,0.018,0.75
S60,63,0.4090380496284704,0.4797597484547859,0.018,0.75
S60,64,0.5284827408348163,0.46645816210831825,0.018,0.75
S60,65,0.6110391588949525,0.19462704657086827,0.018,0.75
S60,66,0.33276856133649035,0.43282574612396363,0.018,0.75
S60,67,0.4839680809764164,0.6534230661157537,0.018,0.75
S60,68,0.7800805574378169,0.28512063716486097,0.018,0.75
S60,69,0.43245518903587477,0.4776468703873216,0.018,0.75
S60,70,0.5972538963963123,0.5311994605329763,0.018,0.75
S60,71,0.796713492623506,0.2371646429067641,0.018,0.75
S60,72,0.3859222913266125,0.40062300649694066,0.018,0.75
S60,73,0.5466879006806035,0.5261670832289644,0.018,0.75
S60,74,0.6783099808914642,0.21903669193058,0.018,0.75
S60,75,0.3929754737582301,0.3543057811296325,0.018,0.75
S60,76,0.581981852159016,0.4288157707493701,0.018,0.75
S60,77,0.672947733930732,0.21839087576858618,0.018,0.75
S60,78,0.2740635526420556,0.5423981424865307,0.018,0.75
S60,79,0.5379574131932077,0.6101850537421598,0.018,0.75
S60,80,0.7374563537073796,0.206954371224506,0.018,0.75
S60,81,0.3789068154753223,0.4439219210426908,0.018,0.75
S60,82,0.5370390558021431,0.5036759523011193,0.018,0.75
S60,83,0.6599392578547278,0.21164973084282185,0.018,0.75
S60,84,0.36906776820529597,0.41784780736452926,0.018,0.75
S60,85,0.5767266070813832,0.5620340008519711,0.018,0.75
S60,86,0.7151027087320597,0.24011159183083397,0.018,0.75
S60,87,0.3895888923657998,0.4161321775559561,0.018,0.75
S60,88,0.5129961845432721,0.5901455131941096,0.018,0.75
S60,89,0.7366252813772782,0.2527676102021445,0.018,0.75
S60,90,0.415069660363183,0.37701425433107116,0.018,0.75
S60,91,0.581306641492031,0.5442039358620452,0.018,0.75
S60,92,0.6313459783172839,0.24240164644856613,0.018,0.75
S60,93,0.287653770393673,0.544100040592552,0.018,0.75
S60,94,0.4558291581428557,0.605608964131706,0.018,0.75
S60,95,0.6896052000491292,0.2189896034535418,0.018,0.75
S60,96,0.3831711907696749,0.46844837594844496,0.018,0.75
S60,97,0.5017242998864899,0.5941059529625368,0.018,0.75
S60,98,0.7554314110655045,0.28501550202401943,0.018,0.75
S60,99,0.3754425406406915,0.44570683949222245,0.018,0.75
S60,100,0.4818609653318714,0.643740604535204,0.018,0.75
S60,101,0.7082243327480522,0.30615238398816386,0.018,0.75
S60,102,0.43249227879896573,0.39246131755678243,0.018,0.75
S60,103,0.6234393150045532,0.5606218734898698,0.018,0.75
S60,104,0.7888334255329665,0.21175228331803314,0.018,0.75
S60,105,0.3935705468567856,0.491374843594381,0.018,0.75
S60,106,0.6490462428404259,0.5888746073868969,0.018,0.75
S60,107,0.691299999981339,0.19951292350097785,0.018,0.75
S60,108,0.3199744477158289,0.488585436635824,0.018,0.75
S60,109,0.5842190970009539,0.5314914841219602,0.018,0.75
S61,0,0.370426472034417,0.5002682117388516,0.018,0.75
S61,1,0.5650494926175228,0.5791350772086317,0.018,0.75
S61,2,0.7144377151063227,0.269072579790062,0.018,0.75
S61,3,0.5008751533041739,0.3462110273968634,0.018,0.75
S61,4,0.4834087784138299,0.5647195775195831,0.018,0.75
S61,5,0.6844195543834802,0.36136984567008024,0.018,0.75
S61,6,0.4421735391059339,0.43807266544247747,0.018,0.75
S61,7,0.546027555585167,0.6525732816925167,0.018,0.75
S61,8,0.6319254070904994,0.22559115523889958,0.018,0.75
S61,9,0.38704917924677634,0.4754198985685741,0.018,0.75
S61,10,0.575087727811206,0.6423763545482291,0.018,0.75
S61,11,0.6342446975165827,0.3114844334959457,0.018,0.75
S61,12,0.4218474172820349,0.5396590325756612,0.018,0.75
S61,13,0.5014623187567769,0.6679244064668735,0.018,0.75
S61,14,0.6184421889312305,0.19666754453349827,0.018,0.75
S61,15,0.35267627164482723,0.5496404328128147,0.018,0.75
S61,16,0.5888670102922837,0.5829509987682463,0.018,0.75
S61,17,0.6728381287605445,0.22854774819925902,0.018,0.75
S61,18,0.3112688513343681,0.40340599934764443,0.018,0.75
S61,19,0.5297412305073808,0.5983934524818212,0.018,0.75
S61,20,0.6742249895125945,0.23746729880484158,0.018,0.75
S61,21,0.4450906011309784,0.4501546099327367,0.018,0.75
S61,22,0.5108852682170256,0.6110757248069213,0.018,0.75
S61,23,0.7564967128736254,0.3041373334497249,0.018,0.75
S61,24,0.3925762729957588,0.4709737218019432,0.018,0.75
S61,25,0.6065431499684045,0.6364416753702608,0.018,0.75
S61,26,0.6134083466230906,0.19575524418495077,0.018,0.75
S61,27,0.33638575494244166,0.39878072529228376,0.018,0.75
S62,0,0.35614407403900045,0.60289785822851,0.018,0.75
S62,1,0.6468208294408918,0.8926999721106426,0.018,0.75
S62,2,0.5301971151355397,0.739659990079155,0.018,0.75
S62,3,0.5504326943839989,0.45610626868767723,0.018,0.75
S62,4,0.377846815771497,0.98,0.018,0.75
S62,5,0.0991900323060787,0.6018254594792363,0.018,0.75
S62,6,0.34996683671818635,0.6699780587523858,0.018,0.75
S62,7,0.7263331934324493,0.9671918139169269,0.018,0.75
S62,8,0.6861643244103415,0.9201886525371314,0.018,0.75
S62,9,0.806661214158502,0.5696220264248519,0.018,0.75
S62,10,0.18412097438568004,0.9281018827307298,0.018,0.75
S62,11,0.06990861792729403,0.9191235008198206,0.018,0.75
S62,12,0.5682755511461893,0.5308512687840247,0.018,0.75
S62,13,0.7801231539459367,0.8889389255874207,0.018,0.75
S62,14,0.8232275433099383,0.6959130647936561,0.018,0.75
S62,15,0.5923840367863138,0.7411322441191448,0.018,0.75
S62,16,0.2666703528525326,0.98,0.018,0.75
S62,17,0.02,0.520292014693398,0.018,0.75
S62,18,0.16019423527684476,0.37722620002205565,0.018,0.75
S62,19,0.5492166285010598,0.8425183257518557,0.018,0.75
S62,20,0.6399444367287557,0.7039281731468793,0.018,0.75
S62,21,0.5388949185002769,0.45176277974553725,0.018,0.75
S62,22,0.45971664428762843,0.7380259917968637,0.018,0.75
S62,23,0.06867676362723862,0.814111177938462,0.018,0.75
S62,24,0.5237593414467645,0.8170706368475689,0.018,0.75
S62,25,0.42402899060943894,0.98,0.018,0.75
S62,26,0.5913027210554488,0.8760667289750897,0.018,0.75
S62,27,0.5115304706823884,0.6374968026423299,0.018,0.75
S62,28,0.21720996695961167,0.7714811027888433,0.018,0.75
S62,29,0.49213263923881134,0.8905356054859274,0.018,0.75
S62,30,0.4019249506815975,0.4544366147458204,0.018,0.75
S62,31,0.32487528201619853,0.6893520086709458,0.018,0.75
S62,32,0.502468694036071,0.98,0.018,0.75
S62,33,0.4558942140195492,0.613340517301241,0.018,0.75
S62,34,0.02,0.9469212390421133,0.018,0.75
S62,35,0.06030518293709285,0.769269897854488,0.018,0.75
S62,36,0.14492068993843915,0.7125178028417131,0.018,0.75
S62,37,0.5721865831531658,0.7782489304298209,0.018,0.75
S62,38,0.42813022380780075,0.6129697361732811,0.018,0.75
S62,39,0.8101351824524632,0.436211941373115,0.018,0.75
S62,40,0.37797705619403615,0.98,0.018,0.75
S62,41,0.4677085616987032,0.9154796427904932,0.018,0.75
S62,42,0.32034221582861566,0.8395626359916821,0.018,0.75
S62,43,0.4914244804039694,0.8653813473003079,0.018,0.75
S62,44,0.6965628919053434,0.9056280962178612,0.018,0.75
S62,45,0.6638123075066978,0.5345313244539608,0.018,0.75
S62,46,0.18238115790117157,0.827283038460032,0.018,0.75
S62,47,0.02,0.9534818456930608,0.018,0.75
S62,48,0.512817861988544,0.6131914702500797,0.018,0.75
S62,49,0.3516268202615704,0.98,0.018,0.75
S62,50,0.40548771382800736,0.7914364278218669,0.018,0.75
S62,51,0.7740414546954892,0.5918429937186606,0.018,0.75
S63,0,0.32743033520295584,0.42803935402143367,0.018,0.75
S63,1,0.5034482630742548,0.5760675142679724,0.018,0.75
S63,2,0.6401144829290815,0.3319254237385291,0.018,0.75
S63,3,0.2814815529700462,0.4347037981256529,0.018,0.75
S63,4,0.559304567822489,0.5167659651361047,0.018,0.75
S63,5,0.6293735148548956,0.26641068975505566,0.018,0.75
S63,6,0.41869521238765656,0.3987048254773879,0.018,0.75
S63,7,0.5741893917781236,0.497897862093718,0.018,0.75
S63,8,0.7450762078864306,0.2427399000535332,0.018,0.75
S63,9,0.3610947831194512,0.4305048197852656,0.018,0.75
S63,10,0.5920192965108493,0.5838859901039528,0.018,0.75
S63,11,0.7842016732248066,0.2507424737501241,0.018,0.75
S63,12,0.5455747326759239,0.3660992973504953,0.018,0.75
S63,13,0.5166269649757167,0.6439978538924936,0.018,0.75
S63,14,0.6673026424188565,0.1864398795922892,0.018,0.75
S63,15,0.42656689603124803,0.4580619937993299,0.018,0.75
S63,16,0.46740091636575776,0.4854582891478564,0.018,0.75
S63,17,0.7555723726851847,0.27795532802497075,0.018,0.75
S63,18,0.28212957667725613,0.43491317046465217,0.018,0.75
S63,19,0.4632043530872999,0.521083813668782,0.018,0.75
S63,20,0.6528679258717752,0.34407467426713695,0.018,0.75
S63,21,0.3675223816174479,0.4594250149833453,0.018,0.75
S63,22,0.5565133100849832,0.6095838645123645,0.018,0.75
S63,23,0.6818302606395661,0.24637413611550876,0.018,0.75
S63,24,0.341065454815596,0.45385332620478597,0.018,0.75
S63,25,0.6007591546668357,0.6333240248531818,0.018,0.75
S63,26,0.8143048760484172,0.22317648709368426,0.018,0.75
S63,27,0.36413736020347853,0.42862352966201944,0.018,0.75
S63,28,0.6263206838162884,0.5279032249549743,0.018,0.75
S63,29,0.753820901861702,0.2677541779405299,0.018,0.75
S63,30,0.3897530475879122,0.5061231427181818,0.018,0.75
S63,31,0.49729429081977666,0.4519489445703745,0.018,0.75
S63,32,0.6369857680275064,0.3152140050513701,0.018,0.75
S63,33,0.3964747540582142,0.4978554614876543,0.018,0.75
S63,34,0.6433223691925007,0.695978061200623,0.018,0.75
S63,35,0.6074879195508176,0.17706566552142056,0.018,0.75
S63,36,0.37465782295418715,0.48766294084839623,0.018,0.75
S63,37,0.5770157759434036,0.6893001253785958,0.018,0.75
S63,38,0.6537552814887332,0.2962326948282472,0.018,0.75
S63,39,0.4485346892212897,0.44746365881734357,0.018,0.75
S63,40,0.5743157333243369,0.6050667038357537,0.018,0.75
S63,41,0.7010628754554158,0.17767347779239473,0.018,0.75
S63,42,0.39425062956711504,0.4190514908404882,0.018,0.75
S63,43,0.5775071671414193,0.5104405832328207,0.018,0.75
S63,44,0.5595995139168177,0.19751646706258127,0.018,0.75
S63,45,0.3933034914988228,0.5139538853727841,0.018,0.75
S63,46,0.5092000154001496,0.4541618631438341,0.018,0.75
S63,47,0.7087144436670235,0.22055895808413195,0.018,0.75
S63,48,0.38125238626433616,0.409312864361441,0.018,0.75
S63,49,0.5114197475023143,0.568050296062117,0.018,0.75
S63,50,0.8551327281219758,0.21152663315208536,0.018,0.75
S63,51,0.2967804407039853,0.49397937854930923,0.018,0.75
S63,52,0.553524349050008,0.5490406788432339,0.018,0.75
S63,53,0.7398847181402536,0.31075931473812063,0.018,0.75
S63,54,0.24588673011986098,0.46900950718348744,0.018,0.75
S63,55,0.4955584196094416,0.5694046556246888,0.018,0.75
S63,56,0.6565170192536739,0.28062822191240994,0.018,0.75
S63,57,0.3715494873153013,0.45270736227183306,0.018,0.75
S63,58,0.4631301532760761,0.5318797541173573,0.018,0.75
S63,59,0.7040762781978434,0.22994600086927863,0.018,0.75
S63,60,0.4494554268334532,0.42773706920351556,0.018,0.75
S63,61,0.5584035831056198,0.536913884892234,0.018,0.75
S63,62,0.7310345017446432,0.23959791370104389,0.018,0.75
S63,63,0.4642017112150242,0.4361092907899319,0.018,0.75
S63,64,0.4728767954698471,0.6136141277320525,0.018,0.75
S63,65,0.6879332340616322,0.19641038656680804,0.018,0.75
S63,66,0.3426070333639834,0.38285093810502,0.018,0.75
S63,67,0.4658544457848517,0.6010467909718097,0.018,0.75
S63,68,0.7245856473563266,0.17981367366701578,0.018,0.75
S63,69,0.2495849044691889,0.4206790291179508,0.018,0.75
S63,70,0.6378692076607823,0.6268106038587924,0.018,0.75
S63,71,0.6861805742370736,0.27308731197529146,0.018,0.75
S63,72,0.4732700698424417,0.4355968756509835,0.018,0.75
S63,73,0.5603357424604174,0.5745170449335725,0.018,0.75
S63,74,0.637435650776042,0.17935106239734433,0.018,0.75
S63,75,0.3142003276666947,0.4558010115508027,0.018,0.75
S63,76,0.5749410584493112,0.5795859704651611,0.018,0.75
S63,77,0.6433005665898871,0.2609656518888418,0.018,0.75
S63,78,0.46238143354167377,0.4538419650177628,0.018,0.75
S63,79,0.4911167612081315,0.6436826493369187,0.018,0.75
S63,80,0.7091788733706607,0.17433664820036682,0.018,0.75
S64,0,0.4144127759815844,0.4069665787931686,0.018,0.75
S64,1,0.6033011761434794,0.6047935045276239,0.018,0.75
S64,2,0.7475300797371468,0.12103912911729123,0.018,0.75
S64,3,0.4310246189159935,0.4013310729170574,0.018,0.75
S64,4,0.5580498595010074,0.5713712249682478,0.018,0.75
S64,5,0.6789990935953654,0.24181972282313532,0.018,0.75
S64,6,0.33655565974202345,0.5328477484194349,0.018,0.75
S64,7,0.5931490572831051,0.6303060731424793,0.018,0.75
S64,8,0.6842044761398561,0.23102408893818915,0.018,0.75
S64,9,0.32189682834595823,0.38400962933444144,0.018,0.75
S64,10,0.5260169802382793,0.5505660689924431,0.018,0.75
S64,11,0.7205493577268239,0.20317929933000328,0.018,0.75
S64,12,0.3702464817296299,0.4507100453763879,0.018,0.75
S64,13,0.589521060639566,0.5882562015410951,0.018,0.75
S64,14,0.7280776995724828,0.25269212331239865,0.018,0.75
S64,15,0.42316832578228,0.4739279199562972,0.018,0.75
S64,16,0.4721659531280723,0.611367222704313,0.018,0.75
S64,17,0.6772135756632297,0.2642323259555499,0.018,0.75
S64,18,0.4952163274409324,0.4646414311075159,0.018,0.75
S64,19,0.635249797391895,0.5369607582658132,0.018,0.75
S64,20,0.7369195398462056,0.20611150671055287,0.018,0.75
S64,21,0.28653847748236094,0.44620376779957294,0.018,0.75
S64,22,0.5090191032943099,0.5233406041845852,0.018,0.75
S64,23,0.5544481632326091,0.3416695143804406,0.018,0.75
S64,24,0.32391111124924366,0.4498443881885846,0.018,0.75
S64,25,0.5207459186345194,0.5042243185840316,0.018,0.75
S64,26,0.81583187445334,0.2519128916908105,0.018,0.75
S64,27,0.4043057365173998,0.46543225813375444,0.018,0.75
S64,28,0.5120749199146036,0.581351896652091,0.018,0.75
S64,29,0.7818621051101164,0.34421737645453865,0.018,0.75
S64,30,0.2903787370482448,0.4625129106236919,0.018,0.75
S64,31,0.4723400946034858,0.5815443287700427,0.018,0.75
S64,32,0.6543076563573882,0.28891438340807196,0.018,0.75
S64,33,0.3368196085565656,0.45752266244804707,0.018,0.75
S64,34,0.5680592559229483,0.5836039229413774,0.018,0.75
S64,35,0.7227192371916619,0.1630399538249544,0.018,0.75
S64,36,0.3993758221995848,0.42760523787496063,0.018,0.75
S64,37,0.5794386551343891,0.5997631879531685,0.018,0.75
S64,38,0.7187852992846593,0.2947388367136077,0.018,0.75
S64,39,0.3588238514323237,0.4386098622978485,0.018,0.75
S64,40,0.5985007868132057,0.5689551600975854,0.018,0.75
S64,41,0.6644588531903359,0.3336149136789203,0.018,0.75
S64,42,0.4643075142065215,0.46260195324612435,0.018,0.75
S64,43,0.4776241911947419,0.644358125664322,0.018,0.75
S64,44,0.7993006909347781,0.33640481202809563,0.018,0.75
S64,45,0.3488384512544407,0.46992923756616917,0.018,0.75
S64,46,0.6107875040080066,0.6071773617222402,0.018,0.75
S64,47,0.7074195944721584,0.2650473632011374,0.018,0.75
S64,48,0.45285271925556325,0.44447370963802196,0.018,0.75
S64,49,0.6137750670676371,0.5342693653090067,0.018,0.75
S64,50,0.7606403337838106,0.19722000439473913,0.018,0.75
S64,51,0.37539351263155396,0.4555024698731476,0.018,0.75
S64,52,0.553158581320034,0.543090582594774,0.018,0.75
S64,53,0.7748506210435869,0.3481445581007651,0.018,0.75
S64,54,0.39252164774959775,0.4199236254578466,0.018,0.75
S64,55,0.5007086514099454,0.6035339272654027,0.018,0.75
S64,56,0.6982506005780215,0.21419542010424875,0.018,0.75
S64,57,0.3603042165754191,0.4029181705539304,0.018,0.75
S64,58,0.5988167869866502,0.5544449983652852,0.018,0.75
S64,59,0.7033948133762535,0.2769426833769289,0.018,0.75
S64,60,0.25657046331376804,0.375523604402964,0.018,0.75
S64,61,0.5014727106546957,0.6217021664600287,0.018,0.75
S64,62,0.6460027770066986,0.13089280950777524,0.018,0.75
S64,63,0.44391199924430613,0.5216257991840594,0.018,0.75
S64,64,0.6142067879816453,0.5593551858960684,0.018,0.75
S64,65,0.6825328107221419,0.2957521373050238,0.018,0.75
S64,66,0.2925931443072893,0.4890191415906892,0.018,0.75
S64,67,0.5775887996229435,0.4816272479634919,0.018,0.75
S64,68,0.6705184215611679,0.30192104771556355,0.018,0.75
S64,69,0.34417818628133556,0.468162361754933,0.018,0.75
S64,70,0.5017492272699604,0.5569286915710391,0.018,0.75
S64,71,0.620348216687264,0.35257162042158974,0.018,0.75
S64,72,0.37597654710875844,0.3988428795305393,0.018,0.75
S64,73,0.5332032299416424,0.6213503371923788,0.018,0.75
S64,74,0.6278578461100813,0.24076266438364113,0.018,0.75
S64,75,0.28966730870696933,0.45931704755038166,0.018,0.75
S64,76,0.5573197489963512,0.5871411694407064,0.018,0.75
S64,77,0.6276296836945914,0.33825242568358826,0.018,0.75
S64,78,0.4162461824247075,0.5298121332755017,0.018,0.75
S64,79,0.48397214400067234,0.5792163283723674,0.018,0.75
S64,80,0.676666498745508,0.29092929202524875,0.018,0.75
S64,81,0.37698906296526563,0.43548568402466414,0.018,0.75
S64,82,0.48860727020491324,0.5924248125122692,0.018,0.75
S64,83,0.6298767438912717,0.2288697489248612,0.018,0.75
S64,84,0.4129249186947486,0.3567354884148607,0.018,0.75
S64,85,0.5392710468924107,0.646827795194222,0.018,0.75
S64,86,0.7193874628483937,0.2164949393834449,0.018,0.75
S64,87,0.32203879796938006,0.4395652345539152,0.018,0.75
S64,88,0.5543159199461937,0.534652954013694,0.018,0.75
S64,89,0.6797025079144008,0.3191882138978235,0.018,0.75
S64,90,0.4370026024097335,0.4612644647136443,0.018,0.75
S64,91,0.45963492611276785,0.6710374670472767,0.018,0.75
S64,92,0.7136657871351418,0.2641671454980994,0.018,0.75
S64,93,0.4374466208162439,0.4945328157469429,0.018,0.75
S64,94,0.6291533001367194,0.5305914833232708,0.018,0.75
S64,95,0.7445018348038721,0.22781169838205712,0.018,0.75
S64,96,0.34224953200144437,0.43575715686487565,0.018,0.75
S64,97,0.43416422449545367,0.6281424607274481,0.018,0.75
S64,98,0.6574789872912127,0.29628354212691843,0.018,0.75
S64,99,0.29007583625268224,0.49896150262248834,0.018,0.75
S64,100,0.6055901147246062,0.5718924585385587,0.018,0.75
S64,101,0.5680132050763544,0.34218179365054213,0.018,0.75
S64,102,0.38831573565752103,0.46621511400009435,0.018,0.75
S64,103,0.5937580512975935,0.5109771964924704,0.018,0.75
S64,104,0.6579986961174241,0.3248283976620772,0.018,0.75
S64,105,0.40470398695537463,0.4289659504658767,0.018,0.75
S64,106,0.5005353976350786,0.45887922166864525,0.018,0.75
S64,107,0.6450968138250527,0.2623076973505077,0.018,0.75
S64,108,0.40847737907108356,0.4634332691776637,0.018,0.75
S64,109,0.5386356115953264,0.5443150134521942,0.018,0.75
S65,0,0.911903815593804,0.721138288411969,0.018,0.75
S65,1,0.034130530635586964,0.535326736707725,0.018,0.75
S65,2,0.2630633065968467,0.15785502835641552,0.018,0.75
S65,3,0.4190853622211101,0.5990110451772445,0.018,0.75
S65,4,0.23771236554248681,0.98,0.018,0.75
S65,5,0.02,0.4932537841958982,0.018,0.75
S65,6,0.5389124609976719,0.35867447606614405,0.018,0.75
S65,7,0.42318687809190747,0.6281814609580063,0.018,0.75
S65,8,0.17880536084476267,0.2589623758693274,0.018,0.75
S65,9,0.98,0.7339768097693795,0.018,0.75
S65,10,0.591144729415669,0.98,0.018,0.75
S65,11,0.2829499375842073,0.6513862706200018,0.018,0.75
S65,12,0.98,0.3435696200957488,0.018,0.75
S65,13,0.02,0.5461618692057462,0.018,0.75
S65,14,0.3027654657527417,0.4090769978497731,0.018,0.75
S65,15,0.9038466510513418,0.98,0.018,0.75
S65,16,0.5147854739977931,0.5744923949570938,0.018,0.75
S65,17,0.43186643202256136,0.5397191825954567,0.018,0.75
S65,18,0.6006945321432448,0.4479148261983432,0.018,0.75
S65,19,0.20695201466872815,0.4536436217764196,0.018,0.75
S65,20,0.14279331434793513,0.32335482103250873,0.018,0.75
S65,21,0.7902278196984447,0.9330283279245289,0.018,0.75
S65,22,0.9188392820714941,0.7128722213660774,0.018,0.75
S65,23,0.17852765201768056,0.3796083763020466,0.018,0.75
S65,24,0.8944706909152987,0.21822464336952443,0.018,0.75
S65,25,0.4287282261418547,0.5251380529682104,0.018,0.75
S65,26,0.12216206345585034,0.02,0.018,0.75
S65,27,0.98,0.4568111507890234,0.018,0.75
S66,0,0.2910143070074074,0.4580733545325364,0.018,0.75
S66,1,0.568702060878877,0.6576127686469577,0.018,0.75
S66,2,0.7625863730200185,0.19015905025969893,0.018,0.75
S66,3,0.39300031176799904,0.45660217360105443,0.018,0.75
S66,4,0.49109984373583737,0.6713509294764745,0.018,0.75
S66,5,0.7304156249067644,0.1954918652685209,0.018,0.75
S66,6,0.33010005843877743,0.4838976743349549,0.018,0.75
S66,7,0.5306507628168218,0.6713952225755067,0.018,0.75
S66,8,0.7268862986089313,0.3142861956415911,0.018,0.75
S66,9,0.3364563467830721,0.47040328301703616,0.018,0.75
S66,10,0.56703449380522,0.6115576308523211,0.018,0.75
S66,11,0.7224279345330157,0.2357771675331495,0.018,0.75
S66,12,0.4370162579643653,0.49435772863180966,0.018,0.75
S66,13,0.5265324809584598,0.5760785426963319,0.018,0.75
S66,14,0.7633461565482167,0.2545935144858146,0.018,0.75
S66,15,0.3889468392113078,0.4776497600759664,0.018,0.75
S66,16,0.5436724495149242,0.6203209229393921,0.018,0.75
S66,17,0.6197681729955578,0.2628743276656671,0.018,0.75
S66,18,0.4055803521446415,0.39826968520447226,0.018,0.75
S66,19,0.5987944625021129,0.5450953939041254,0.018,0.75
S66,20,0.7418758179942201,0.20932680324033937,0.018,0.75
S66,21,0.4191398166895492,0.4341008180897099,0.018,0.75
S66,22,0.5447631843729763,0.6319733701086829,0.018,0.75
S66,23,0.6557735000751165,0.31984157289833093,0.018,0.75
S66,24,0.36494711106830113,0.39907678758173615,0.018,0.75
S66,25,0.5144752431567228,0.6294729881727243,0.018,0.75
S66,26,0.7696714201492211,0.2791397503809862,0.018,0.75
S66,27,0.3648575894475469,0.5316929523369629,0.018,0.75
S66,28,0.4933040388994495,0.6249073558278073,0.018,0.75
S66,29,0.7522028214042872,0.23410605305474635,0.018,0.75
S66,30,0.3789810644470141,0.4785842714952348,0.018,0.75
S66,31,0.5389840619307408,0.5366759800822738,0.018,0.75
S66,32,0.674194659355253,0.1355375361677725,0.018,0.75
S66,33,0.3687442302347,0.39012297239594995,0.018,0.75
S66,34,0.5427375527043649,0.6736908376141756,0.018,0.75
S66,35,0.6753423589689482,0.2385225351711148,0.018,0.75
S66,36,0.33949899046705334,0.4496257024183082,0.018,0.75
S66,37,0.5631806504029482,0.5850202960499247,0.018,0.75
S66,38,0.6788130104287603,0.27450581568107624,0.018,0.75
S66,39,0.3563137692768805,0.4562365969713062,0.018,0.75
S66,40,0.5575598001507435,0.6283586384649618,0.018,0.75
S66,41,0.7274770575713744,0.2561984943310723,0.018,0.75
S66,42,0.3335645028393415,0.4340845696141935,0.018,0.75
S66,43,0.5258839462766292,0.5684041990139924,0.018,0.75
S66,44,0.6572588538211313,0.27333547293250615,0.018,0.75
S66,45,0.3681065161806214,0.4027745240472922,0.018,0.75
S66,46,0.5529138962421908,0.6239612401614055,0.018,0.75
S66,47,0.729453116519594,0.22980261895345297,0.018,0.75
S66,48,0.36364037646121994,0.3787470343826475,0.018,0.75
S66,49,0.6263742746715321,0.49152768040563993,0.018,0.75
S66,50,0.6661918502734996,0.2603157302438285,0.018,0.75
S66,51,0.32144585276613274,0.4161115503119925,0.018,0.75
S67,0,0.30812506981532645,0.4480687201183173,0.018,0.75
S67,1,0.5776235998582597,0.561653144795818,0.018,0.75
S67,2,0.7252759498657659,0.31725135143221,0.018,0.75
S67,3,0.3907488463749045,0.4641511245726917,0.018,0.75
S67,4,0.5016421055536889,0.5277196246702888,0.018,0.75
S67,5,0.7187196904725911,0.21600298873491472,0.018,0.75
S67,6,0.409202985538153,0.4418114488134256,0.018,0.75
S67,7,0.5705619299198149,0.5631183808742057,0.018,0.75
S67,8,0.7828810779502984,0.2546784969225222,0.018,0.75
S67,9,0.40711627072479956,0.39552859856092787,0.018,0.75
S67,10,0.46059853761966885,0.667646717333074,0.018,0.75
S67,11,0.5812536353673291,0.29305121212069074,0.018,0.75
S67,12,0.4064813847123931,0.4979904715795312,0.018,0.75
S67,13,0.5024727951388624,0.6310281950643022,0.018,0.75
S67,14,0.7288784395714526,0.3022952033069881,0.018,0.75
S67,15,0.42740463359476394,0.434474594525286,0.018,0.75
S67,16,0.5035226900344327,0.6259870989226137,0.018,0.75
S67,17,0.771267038426663,0.1901217780811634,0.018,0.75
S67,18,0.37019262888726573,0.500038941820485,0.018,0.75
S67,19,0.5730720884879645,0.5412648435792495,0.018,0.75
S67,20,0.7163657289147095,0.24256289821066637,0.018,0.75
S67,21,0.4274236215562834,0.4241605966124962,0.018,0.75
S67,22,0.40471646229615993,0.6217223399777358,0.018,0.75
S67,23,0.783019674430228,0.2910173419004053,0.018,0.75
S67,24,0.27014741597070696,0.44584586005481897,0.018,0.75
S67,25,0.5999530727626928,0.6371605957019572,0.018,0.75
S67,26,0.6589396428263089,0.2790945527246774,0.018,0.75
S67,27,0.3959661142390773,0.42370218773375234,0.018,0.75
S67,28,0.5423417323470151,0.5469409958600847,0.018,0.75
S67,29,0.7248324420052297,0.21142646641931395,0.018,0.75
S67,30,0.2766485873749411,0.47223640523461147,0.018,0.75
S67,31,0.583653739365057,0.4800619021490298,0.018,0.75
S67,32,0.680412888056343,0.2593982500904885,0.018,0.75
S67,33,0.3481679853027619,0.49284145849567884,0.018,0.75
S67,34,0.469484228173595,0.5831835114248964,0.018,0.75
S67,35,0.6559419416367558,0.3337351451879173,0.018,0.75
S67,36,0.357843538893108,0.5522661510909025,0.018,0.75
S67,37,0.5608670445021264,0.5739098148829807,0.018,0.75
S67,38,0.7119992976853317,0.22128395213244068,0.018,0.75
S67,39,0.3862598109526958,0.4508778899356294,0.018,0.75
S67,40,0.5209514627803771,0.6329382111199927,0.018,0.75
S67,41,0.6600920783586891,0.25709577147605717,0.018,0.75
S67,42,0.4150161182557466,0.43438139456585734,0.018,0.75
S67,43,0.5264645547808147,0.667610489223476,0.018,0.75
S67,44,0.759209886900331,0.2679411112830872,0.018,0.75
S67,45,0.41260876921160894,0.4198382595958553,0.018,0.75
S67,46,0.5624033339845481,0.5548198668411501,0.018,0.75
S67,47,0.6978811305263548,0.35445893026616515,0.018,0.75
S67,48,0.44423833251239425,0.4047403705729635,0.018,0.75
S67,49,0.5862390567292262,0.6368239487018896,0.018,0.75
S67,50,0.7257200171501116,0.2297983598203892,0.018,0.75
S67,51,0.308974585777461,0.48446821998697914,0.018,0.75
S67,52,0.5538815326795786,0.6363887900974993,0.018,0.75
S67,53,0.6553449259087274,0.23600702739491974,0.018,0.75
S67,54,0.39875578052678856,0.35820223317031274,0.018,0.75
S67,55,0.6030897443168204,0.6465209756124755,0.018,0.75
S67,56,0.6838028111386754,0.2700318010672935,0.018,0.75
S67,57,0.4115637449615686,0.4195724735552508,0.018,0.75
S67,58,0.5433998159415246,0.5622081852253795,0.018,0.75
S67,59,0.7295313628709692,0.18566050751230684,0.018,0.75
S67,60,0.3954193195087295,0.4552304348245044,0.018,0.75
S67,61,0.5610600839830864,0.6511439415930593,0.018,0.75
S67,62,0.6081929028477947,0.09545896091710668,0.018,0.75
S67,63,0.44067003249040804,0.3672209369817063,0.018,0.75
S67,64,0.5599092041407645,0.6066063726066994,0.018,0.75
S67,65,0.8084019293520465,0.27587182219493867,0.018,0.75
S67,66,0.3862835070292298,0.5046117236911398,0.018,0.75
S67,67,0.5552993286535697,0.539539980052268,0.018,0.75
S67,68,0.7186087350118965,0.23321582032095511,0.018,0.75
S67,69,0.2705048353212822,0.44103703952875684,0.018,0.75
S67,70,0.46721366677829684,0.6173380623887291,0.018,0.75
S67,71,0.7306689611391615,0.35566658486989516,0.018,0.75
S67,72,0.4053246361928668,0.4968336754488568,0.018,0.75
S67,73,0.487654969556518,0.5044205964122238,0.018,0.75
S67,74,0.808464884976337,0.2929157953789703,0.018,0.75
S67,75,0.4017920085138325,0.459285793321041,0.018,0.75
S67,76,0.5466979685373208,0.5943213122409174,0.018,0.75
S67,77,0.6863581384265212,0.3313958525618026,0.018,0.75
S67,78,0.38135606289286034,0.37746774094606816,0.018,0.75
S67,79,0.6048125954648439,0.5419706094301286,0.018,0.75
S67,80,0.7015174698277787,0.12887322213629546,0.018,0.75
S68,0,0.651832369044248,0.49479743793436054,0.018,0.75
S68,1,0.30580672741940235,0.7295426598084276,0.018,0.75
S68,2,0.482763845857183,0.8592127498464937,0.018,0.75
S68,3,0.179699159440176,0.98,0.018,0.75
S68,4,0.98,0.9241534953648244,0.018,0.75
S68,5,0.4296898177832443,0.5716528532589137,0.018,0.75
S68,6,0.6614450638817058,0.02,0.018,0.75
S68,7,0.4393330644729242,0.844557604807741,0.018,0.75
S68,8,0.3392984384309132,0.6767542313730202,0.018,0.75
S68,9,0.10031194928277203,0.98,0.018,0.75
S68,10,0.9620151690477923,0.98,0.018,0.75
S68,11,0.02,0.7569580944521386,0.018,0.75
S68,12,0.45732815282553757,0.6477586635598611,0.018,0.75
S68,13,0.2118366494056926,0.8005395242157681,0.018,0.75
S68,14,0.2337969893431332,0.8218932700247543,0.018,0.75
S68,15,0.02,0.98,0.018,0.75
S68,16,0.98,0.7796745203157758,0.018,0.75
S68,17,0.369681363718928,0.3248579575662154,0.018,0.75
S68,18,0.5001923623241421,0.5812776703802791,0.018,0.75
S68,19,0.30946458416116795,0.8755750069617347,0.018,0.75
S68,20,0.02,0.7491282406884603,0.018,0.75
S68,21,0.02,0.7256301625934443,0.018,0.75
S68,22,0.8249143262108435,0.6806276259011537,0.018,0.75
S68,23,0.0873894723674255,0.49595063189141664,0.018,0.75
S68,24,0.21419832381524534,0.33852334838338305,0.018,0.75
S68,25,0.363602620798119,0.98,0.018,0.75
S68,26,0.3722857736576953,0.6431358064003545,0.018,0.75
S68,27,0.02,0.98,0.018,0.75
S68,28,0.8225830406845708,0.8323463404729807,0.018,0.75
S68,29,0.22283831319090144,0.3948632926222863,0.018,0.75
S68,30,0.6658335910542181,0.5749217155758714,0.018,0.75
S68,31,0.3171537605735405,0.98,0.018,0.75
S68,32,0.6331532728348931,0.8965535462292968,0.018,0.75
S68,33,0.02,0.7219426335489962,0.018,0.75
S68,34,0.8827963927894744,0.6084314478231087,0.018,0.75
S68,35,0.35982861381732656,0.5633052129645097,0.018,0.75
S68,36,0.335311618907079,0.4509498715350494,0.018,0.75
S68,37,0.6541006030782739,0.98,0.018,0.75
S68,38,0.5098483898787335,0.7596650416781275,0.018,0.75
S68,39,0.15532615863919433,0.8718764272892877,0.018,0.75
S68,40,0.6850435240474153,0.4746473938571663,0.018,0.75
S68,41,0.02,0.30867263235694403,0.018,0.75
S68,42,0.8106491709892314,0.19167764830832684,0.018,0.75
S68,43,0.3936716092371664,0.98,0.018,0.75
S68,44,0.6322198722099404,0.9462250917897256,0.018,0.75
S68,45,0.02,0.9145369639220637,0.018,0.75
S68,46,0.98,0.6687117196505536,0.018,0.75
S68,47,0.1936496316555159,0.6002176883057574,0.018,0.75
S68,48,0.7112420538167313,0.3407847762141953,0.018,0.75
S68,49,0.42838851929942423,0.98,0.018,0.75
S68,50,0.4377075275085606,0.98,0.018,0.75
S68,51,0.02,0.6469622025095813,0.018,0.75
S68,52,0.7034217272220012,0.42849196908830295,0.018,0.75
S68,53,0.5031938316907368,0.6157811247925646,0.018,0.75
S68,54,0.44857673715671675,0.38340061768313355,0.018,0.75
S68,55,0.1488585316948471,0.41067436150354,0.018,0.75
S68,56,0.4532397327509247,0.8109264885182873,0.018,0.75
S68,57,0.02,0.6253153998850243,0.018,0.75
S68,58,0.8720857685650918,0.7710692089475034,0.018,0.75
S68,59,0.11433112695012657,0.5160184566170144,0.018,0.75
S68,60,0.2324919832936409,0.6197852721343446,0.018,0.75
S68,61,0.4880282275835708,0.9097104805985791,0.018,0.75
S68,62,0.38435737938562464,0.98,0.018,0.75
S68,63,0.08648660327901908,0.7553965423675563,0.018,0.75
S68,64,0.98,0.98,0.018,0.75
S68,65,0.3894635922296016,0.40643541752396073,0.018,0.75
S68,66,0.5631280404666434,0.1724242910645638,0.018,0.75
S68,67,0.4554641492235431,0.9745698164483684,0.018,0.75
S68,68,0.6763543158626741,0.98,0.018,0.75
S68,69,0.1487213504151916,0.8875380446343237,0.018,0.75
S68,70,0.98,0.5776001027893208,0.018,0.75
S68,71,0.39360114256692136,0.19072803428441848,0.018,0.75
S68,72,0.35901747222613867,0.19977016096851297,0.018,0.75
S68,73,0.5024997551935227,0.777860118782157,0.018,0.75
S68,74,0.5250333334015216,0.98,0.018,0.75
S68,75,0.09595662579160653,0.920948629760645,0.018,0.75
S68,76,0.9406615005735388,0.6944210990012595,0.018,0.75
S68,77,0.22162782066766906,0.4334134855653021,0.018,0.75
S68,78,0.7535838979580473,0.8461251957350489,0.018,0.75
S68,79,0.5031376840595437,0.8932442736006262,0.018,0.75
S68,80,0.21926651719960122,0.7064813590933547,0.018,0.75
S68,81,0.17170222492898635,0.98,0.018,0.75
S68,82,0.98,0.34849174161336205,0.018,0.75
S68,83,0.3025163185182815,0.6255020610538102,0.018,0.75
S68,84,0.4374579006602314,0.34910744626437723,0.018,0.75
S68,85,0.21726502499774722,0.98,0.018,0.75
S68,86,0.7469786832863909,0.6460266747098873,0.018,0.75
S68,87,0.24731159968496577,0.7986766763121349,0.018,0.75
S68,88,0.8311795902096741,0.7488240585332965,0.018,0.75
S68,89,0.6723456599770415,0.2506882734037944,0.018,0.75
S68,90,0.5136473217445913,0.7115312291222449,0.018,0.75
S68,91,0.3792374617906095,0.98,0.018,0.75
S68,92,0.2353862315923678,0.8042293824430111,0.018,0.75
S68,93,0.26061769978168586,0.9358895901404988,0.018,0.75
S68,94,0.9017661825675459,0.6419388677499832,0.018,0.75
S68,95,0.3256814013435887,0.6461887330604776,0.018,0.75
S68,96,0.5870505313957477,0.21190392069019987,0.018,0.75
S68,97,0.34321619634446837,0.8783833047191466,0.018,0.75
S68,98,0.5908727242714585,0.802044115491481,0.018,0.75
S68,99,0.2437914350963588,0.98,0.018,0.75
S68,100,0.98,0.6829299664961193,0.018,0.75
S68,101,0.14189890642934266,0.3424606881071602,0.018,0.75
S68,102,0.7519563300602485,0.4021610433144464,0.018,0.75
S68,103,0.21757052363462875,0.9493699936068802,0.018,0.75
S68,104,0.5527119661988662,0.947321237535667,0.018,0.75
S68,105,0.02,0.98,0.018,0.75
S68,106,0.98,0.7106428355433136,0.018,0.75
S68,107,0.02,0.10248904193248376,0.018,0.75
S68,108,0.7675581637741469,0.2746223249932125,0.018,0.75
S68,109,0.6085239500404435,0.98,0.018,0.75
S69,0,0.27455442486421694,0.501206998188661,0.018,0.75
S69,1,0.5838780363863176,0.5980337944281625,0.018,0.75
S69,2,0.600474873661057,0.16370580929852196,0.018,0.75
S69,3,0.444641449433467,0.4246918411623795,0.018,0.75
S69,4,0.4995544072719765,0.6068182708911037,0.018,0.75
S69,5,0.7436670359166007,0.24410641235307326,0.018,0.75
S69,6,0.4447260775875527,0.34434437682111607,0.018,0.75
S69,7,0.6509297377692759,0.6947661731204774,0.018,0.75
S69,8,0.788775720246182,0.21854037111762908,0.018,0.75
S69,9,0.3818545908570244,0.49502258640515284,0.018,0.75
S69,10,0.5250803572764517,0.550051958086406,0.018,0.75
S69,11,0.6782333084619275,0.3079265953549889,0.018,0.75
S69,12,0.4124602305842853,0.421972883468069,0.018,0.75
S69,13,0.5818728664622858,0.5742825300947371,0.018,0.75
S69,14,0.70012757463481,0.34363775214689074,0.018,0.75
S69,15,0.3403311784107567,0.4649031902615519,0.018,0.75
S69,16,0.5915194991365424,0.668145559935079,0.018,0.75
S69,17,0.7559275619708945,0.26662013910657306,0.018,0.75
S69,18,0.43121934273490603,0.5246276032987943,0.018,0.75
S69,19,0.6210294026671744,0.6047529993123383,0.018,0.75
S69,20,0.6920691724202178,0.2785527500644763,0.018,0.75
S69,21,0.3872038373972923,0.48502875839986836,0.018,0.75
S69,22,0.5720407755166621,0.5970214956159978,0.018,0.75
S69,23,0.6951966079644467,0.34831530643653547,0.018,0.75
S69,24,0.4201757948665267,0.3692153685120203,0.018,0.75
S69,25,0.6095867332461183,0.5958611406860961,0.018,0.75
S69,26,0.7070580584382772,0.16250083680943597,0.018,0.75
S69,27,0.45985413160723065,0.4018561397594407,0.018,0.75
S70,0,0.3802874057700447,0.38501408939424353,0.018,0.75
S70,1,0.5223617947609969,0.6118668713432401,0.018,0.75
S70,2,0.7964404979569846,0.25401618608275467,0.018,0.75
S70,3,0.37567034735435884,0.4946301192873193,0.018,0.75
S70,4,0.5936420476508707,0.6739193004160597,0.018,0.75
S70,5,0.6594096078110953,0.22612620985017923,0.018,0.75
S70,6,0.3243000616720936,0.44354379741095945,0.018,0.75
S70,7,0.45292460392596295,0.6733696900576991,0.018,0.75
S70,8,0.6256741537527291,0.15688924300861717,0.018,0.75
S70,9,0.3267789672762,0.5188463877719962,0.018,0.75
S70,10,0.5601833489109466,0.6146270709397473,0.018,0.75
S70,11,0.7305134701923475,0.2332429796922607,0.018,0.75
S70,12,0.29857666668811056,0.2967666386775136,0.018,0.75
S70,13,0.5423902348205658,0.5870129887170468,0.018,0.75
S70,14,0.6747157371532638,0.17487023924912987,0.018,0.75
S70,15,0.34748758358382253,0.4978236573804358,0.018,0.75
S70,16,0.567588007509472,0.6772227740359588,0.018,0.75
S70,17,0.7143061289366129,0.21280942290974608,0.018,0.75
S70,18,0.2805178265548238,0.4281759956113398,0.018,0.75
S70,19,0.5770717878931579,0.4923580286444296,0.018,0.75
S70,20,0.6434913961243112,0.1880791910928182,0.018,0.75
S70,21,0.2454529208310801,0.5237080516657604,0.018,0.75
S70,22,0.560233419424299,0.5669040356524476,0.018,0.75
S70,23,0.6226387406328504,0.3223357210838121,0.018,0.75
S70,24,0.3463509803029604,0.3999929505833137,0.018,0.75
S70,25,0.5043767805315301,0.6265235192654479,0.018,0.75
S70,26,0.6983399957086766,0.23940268117189725,0.018,0.75
S70,27,0.4073232958829782,0.46094682819936555,0.018,0.75
S70,28,0.5351527904038428,0.6534310976826804,0.018,0.75
S70,29,0.7088477226682531,0.23536009898221294,0.018,0.75
S70,30,0.5151579659722922,0.42832193082809666,0.018,0.75
S70,31,0.5924950841309671,0.5676160428694077,0.018,0.75
S70,32,0.7317151597064184,0.25804956395296375,0.018,0.75
S70,33,0.3743139234422526,0.5029049021694968,0.018,0.75
S70,34,0.5595233557776508,0.6157512450647349,0.018,0.75
S70,35,0.6863538677683624,0.23260702842198078,0.018,0.75
S70,36,0.4170528221360348,0.4300133464999758,0.018,0.75
S70,37,0.6046190036236152,0.5321419954894517,0.018,0.75
S70,38,0.6403413379906923,0.3003277468345533,0.018,0.75
S70,39,0.35768660921497836,0.4261368157118777,0.018,0.75
S70,40,0.5196783061052981,0.5084060562914053,0.018,0.75
S70,41,0.638299011143262,0.1429171726101151,0.018,0.75
S70,42,0.42953876122272355,0.4330268995552258,0.018,0.75
S70,43,0.6764690434960497,0.5864386996695203,0.018,0.75
S70,44,0.6823379000290972,0.33097463898319546,0.018,0.75
S70,45,0.3589367442859825,0.4722570701964154,0.018,0.75
S70,46,0.5943207634559553,0.5908801993087385,0.018,0.75
S70,47,0.6819532858398402,0.17184635772206808,0.018,0.75
S70,48,0.43266553495147664,0.4332685724069652,0.018,0.75
S70,49,0.6250919417774025,0.5720934368946826,0.018,0.75
S70,50,0.7632957562348511,0.29079696443595937,0.018,0.75
S70,51,0.36685749928284045,0.42428488001721426,0.018,0.75
S71,0,0.4986250953788557,0.2001481175817036,0.018,0.75
S71,1,0.6840300417306872,0.7414325132535564,0.018,0.75
S71,2,0.02,0.18534847626496104,0.018,0.75
S71,3,0.5713225399022229,0.7280475365028471,0.018,0.75
S71,4,0.02,0.98,0.018,0.75
S71,5,0.6316254311756322,0.14469571361378858,0.018,0.75
S71,6,0.7580156257800201,0.5019956080055269,0.018,0.75
S71,7,0.7386187235104156,0.8837739147431238,0.018,0.75
S71,8,0.02,0.28503707406983325,0.018,0.75
S71,9,0.5447481758512862,0.8713935371298487,0.018,0.75
S71,10,0.16247937739586696,0.6976333874789122,0.018,0.75
S71,11,0.6663441303734328,0.16034339027866976,0.018,0.75
S71,12,0.2014679628071217,0.38899992978806014,0.018,0.75
S71,13,0.947224338168239,0.6798503116739175,0.018,0.75
S71,14,0.27658295022205276,0.508153660619698,0.018,0.75
S71,15,0.23818950764151908,0.5067621689262345,0.018,0.75
S71,16,0.03742144872666273,0.98,0.018,0.75
S71,17,0.98,0.2331056879585181,0.018,0.75
S71,18,0.7941554076110209,0.4348452102110997,0.018,0.75
S71,19,0.38198228985426863,0.98,0.018,0.75
S71,20,0.19386021469823614,0.5897576798734496,0.018,0.75
S71,21,0.8263657260667123,0.7095029135183247,0.018,0.75
S71,22,0.17671969126651624,0.9457981877482389,0.018,0.75
S71,23,0.7192736587441182,0.45708682318327176,0.018,0.75
S71,24,0.48188780320911695,0.5504977174324606,0.018,0.75
S71,25,0.6504591864881175,0.7524761374377387,0.018,0.75
S71,26,0.19620672304062814,0.7642363979931827,0.018,0.75
S71,27,0.6092889714891655,0.98,0.018,0.75
S71,28,0.02,0.8523792457314142,0.018,0.75
S71,29,0.7754658516305015,0.02,0.018,0.75
S71,30,0.02,0.3236810342979423,0.018,0.75
S71,31,0.5300315184067304,0.98,0.018,0.75
S71,32,0.2169552960424753,0.25285823851672184,0.018,0.75
S71,33,0.5385907434155417,0.718024246362742,0.018,0.75
S71,34,0.02,0.7497244542389542,0.018,0.75
S71,35,0.6465797126582327,0.2719077563828525,0.018,0.75
S71,36,0.7248612795409097,0.3696334253845849,0.018,0.75
S71,37,0.7309027861773161,0.5092101830484261,0.018,0.75
S71,38,0.020837920734306684,0.595242156286597,0.018,0.75
S71,39,0.9127555717129716,0.826812997851859,0.018,0.75
S71,40,0.02,0.7187149696644319,0.018,0.75
S71,41,0.4875770194521184,0.02,0.018,0.75
S71,42,0.5762305376613404,0.3851765287672195,0.018,0.75
S71,43,0.6966891891883203,0.98,0.018,0.75
S71,44,0.18384201191780705,0.5739016111065572,0.018,0.75
S71,45,0.47643318815266145,0.98,0.018,0.75
S71,46,0.02,0.7964924442359397,0.018,0.75
S71,47,0.6623810370982184,0.21359365283605058,0.018,0.75
S71,48,0.3143228139306605,0.1590360545670042,0.018,0.75
S71,49,0.8458692314802803,0.5659693694868477,0.018,0.75
S71,50,0.048437191993158234,0.7811514040684111,0.018,0.75
S71,51,0.3226128009682986,0.9792310946135592,0.018,0.75
S71,52,0.02,0.7355178060817343,0.018,0.75
S71,53,0.837591168962759,0.15450455159533524,0.018,0.75
S71,54,0.5957823965669623,0.21711331938041634,0.018,0.75
S71,55,0.8032154324594866,0.5122913987160655,0.018,0.75
S71,56,0.02,0.5743541091674665,0.018,0.75
S71,57,0.5997704808972031,0.9432869455508607,0.018,0.75
S71,58,0.08753024430074098,0.6228835162631412,0.018,0.75
S71,59,0.98,0.2528256159776839,0.018,0.75
S71,60,0.4195688192468534,0.5869262660765333,0.018,0.75
S71,61,0.43425696517783297,0.9303266894949274,0.018,0.75
S71,62,0.18616860620622916,0.5898779741428518,0.018,0.75
S71,63,0.6104624271372424,0.98,0.018,0.75
S71,64,0.02,0.7408012905248187,0.018,0.75
S71,65,0.2995015321522765,0.43184911026215256,0.018,0.75
S71,66,0.2564631762205478,0.2570092108108201,0.018,0.75
S71,67,0.8349698485903243,0.8330936515736106,0.018,0.75
S71,68,0.02,0.1798278444458738,0.018,0.75
S71,69,0.4059629669505065,0.7062904278971778,0.018,0.75
S71,70,0.22405036374721013,0.8076418461113154,0.018,0.75
S71,71,0.4239795681917757,0.44941243425743793,0.018,0.75
S71,72,0.40363768576395076,0.26015606408430936,0.018,0.75
S71,73,0.8222977495613802,0.7373584354664012,0.018,0.75
S71,74,0.02,0.3262399202162273,0.018,0.75
S71,75,0.7875996558516436,0.6419896417681521,0.018,0.75
S71,76,0.27480407740754165,0.9161803173588982,0.018,0.75
S71,77,0.33515256077875594,0.36799987763844827,0.018,0.75
S71,78,0.3813108643212148,0.3232268379433816,0.018,0.75
S71,79,0.9114800898728084,0.7461144680835485,0.018,0.75
S71,80,0.1412059856253905,0.7474595508334492,0.018,0.75
S72,0,0.35875907692894216,0.4142385261983975,0.018,0.75
S72,1,0.6671831051897599,0.5788098687111509,0.018,0.75
S72,2,0.6734417866641659,0.260094885089468,0.018,0.75
S72,3,0.4290655744462736,0.5650711142464496,0.018,0.75
S72,4,0.5758644729255264,0.568411227186197,0.018,0.75
S72,5,0.7273924824486341,0.34575389623191416,0.018,0.75
S72,6,0.26193502394634255,0.46018579013301525,0.018,0.75
S72,7,0.6328269934340299,0.5506999093910177,0.018,0.75
S72,8,0.6940222430569956,0.2287766558104744,0.018,0.75
S72,9,0.3506673658504539,0.525956932522716,0.018,0.75
S72,10,0.5625364905785767,0.5729081167051228,0.018,0.75
S72,11,0.7197255449085623,0.2321800176930848,0.018,0.75
S72,12,0.39292963927799673,0.546506987709474,0.018,0.75
S72,13,0.5575880645271569,0.5499101582382298,0.018,0.75
S72,14,0.6549713568555925,0.31257234067848677,0.018,0.75
S72,15,0.28845813967089196,0.4129084798316735,0.018,0.75
S72,16,0.5982570740430176,0.5267233648698095,0.018,0.75
S72,17,0.6529782118998732,0.27248379569023695,0.018,0.75
S72,18,0.3475509283042915,0.45979691305251397,0.018,0.75
S72,19,0.5919469060889953,0.6408132353003886,0.018,0.75
S72,20,0.6879649544779826,0.18553620301085788,0.018,0.75
S72,21,0.4556734412951829,0.42349912348694824,0.018,0.75
S72,22,0.5677782697517151,0.6507565176347198,0.018,0.75
S72,23,0.6384186199332181,0.22549588054426123,0.018,0.75
S72,24,0.31996810803433934,0.38479089766292374,0.018,0.75
S72,25,0.6132191279972506,0.5712331108081075,0.018,0.75
S72,26,0.7013732855115575,0.2977327833878024,0.018,0.75
S72,27,0.37810185216485914,0.5147618727611208,0.018,0.75
S72,28,0.6360005157051087,0.45187981746412687,0.018,0.75
S72,29,0.6755460488100192,0.25712443863954737,0.018,0.75
S72,30,0.3468636714895009,0.4174967902391106,0.018,0.75
S72,31,0.5407387253539445,0.5478359144087762,0.018,0.75
S72,32,0.6237859111564746,0.2505424291762459,0.018,0.75
S72,33,0.4563348609311686,0.40108334414927904,0.018,0.75
S72,34,0.5436348660808739,0.49463121779990094,0.018,0.75
S72,35,0.6261716777661817,0.34941997824839227,0.018,0.75
S72,36,0.42694028005376916,0.3619126786816453,0.018,0.75
S72,37,0.5367608642737719,0.511520173658382,0.018,0.75
S72,38,0.673098719941451,0.30029753701170714,0.018,0.75
S72,39,0.4177232185518737,0.4883109533468447,0.018,0.75
S72,40,0.5666746827686225,0.6102088744645222,0.018,0.75
S72,41,0.6750099937557646,0.30711505472345335,0.018,0.75
S72,42,0.3630672256105127,0.5022154343598503,0.018,0.75
S72,43,0.5526396646636256,0.6832140331171519,0.018,0.75
S72,44,0.7201985777023673,0.2569363264534904,0.018,0.75
S72,45,0.4215116495526821,0.41470416412193983,0.018,0.75
S72,46,0.5148591953139645,0.6584909225189745,0.018,0.75
S72,47,0.703199336073626,0.28033254978039374,0.018,0.75
S72,48,0.3780107551381917,0.41601530191762903,0.018,0.75
S72,49,0.6170355709469336,0.5184488746076729,0.018,0.75
S72,50,0.7082196167680966,0.2282330292057163,0.018,0.75
S72,51,0.38576384381318823,0.45766290949211463,0.018,0.75
S72,52,0.6063056101098618,0.6240983013702467,0.018,0.75
S72,53,0.740167218202396,0.3336812703235617,0.018,0.75
S72,54,0.31638440653455663,0.39148379033845876,0.018,0.75
S72,55,0.4722785643798654,0.6293519713877639,0.018,0.75
S72,56,0.6693588149003213,0.2618670988599651,0.018,0.75
S72,57,0.4568573902506943,0.4931968967503179,0.018,0.75
S72,58,0.6226494433569636,0.5069290726813496,0.018,0.75
S72,59,0.7407257530148866,0.3159600642393352,0.018,0.75
S72,60,0.38461874217476205,0.5091273413526248,0.018,0.75
S72,61,0.5071183177543515,0.5450398234563639,0.018,0.75
S72,62,0.8017100392313536,0.21292114873069326,0.018,0.75
S72,63,0.32554642177263615,0.4661923591071437,0.018,0.75
S72,64,0.4827228154579066,0.5597220679051511,0.018,0.75
S72,65,0.6179779851556972,0.14343738261516703,0.018,0.75
S72,66,0.3183308804055211,0.44075674737822934,0.018,0.75
S72,67,0.5254264231371762,0.5643814738618399,0.018,0.75
S72,68,0.6801785505435294,0.25062004137153726,0.018,0.75
S72,69,0.3351132632578718,0.4953754572474984,0.018,0.75
S72,70,0.5464977755559219,0.6364188313196928,0.018,0.75
S72,71,0.7752139019175828,0.2025576024171249,0.018,0.75
S72,72,0.41115470306319934,0.4287084238261711,0.018,0.75
S72,73,0.593229294892425,0.5212625634786661,0.018,0.75
S72,74,0.7173615229878846,0.2504084652319593,0.018,0.75
S72,75,0.41842244550357094,0.4509314830065241,0.018,0.75
S72,76,0.5397658264404719,0.5644238147644406,0.018,0.75
S72,77,0.7571091754111362,0.32426085838003305,0.018,0.75
S72,78,0.3257538042190911,0.43133143762138504,0.018,0.75
S72,79,0.5521781952425713,0.6087797262363247,0.018,0.75
S72,80,0.7149039313046495,0.23331373361529759,0.018,0.75
S72,81,0.4148424181487334,0.43273183301622065,0.018,0.75
S72,82,0.5842019480412372,0.5477112498284842,0.018,0.75
S72,83,0.6228971611917244,0.2308622749214418,0.018,0.75
S72,84,0.48276969118083335,0.3342123744810585,0.018,0.75
S72,85,0.5212309165377188,0.6552948605778444,0.018,0.75
S72,86,0.7111045828429796,0.2805483985426965,0.018,0.75
S72,87,0.3213061773615127,0.5122146215005494,0.018,0.75
S72,88,0.5510524081255752,0.5924090752062907,0.018,0.75
S72,89,0.7050628899507116,0.23300955072834786,0.018,0.75
S72,90,0.35735860402345865,0.43760792886435085,0.018,0.75
S72,91,0.5700462648270347,0.596709554813743,0.018,0.75
S72,92,0.6482816571936348,0.3202835524300557,0.018,0.75
S72,93,0.32873355509221847,0.3990981454670482,0.018,0.75
S72,94,0.4558825688318062,0.6332684810632961,0.018,0.75
S72,95,0.7386308415944661,0.2931054124976281,0.018,0.75
S72,96,0.3461651743366272,0.41168742411587245,0.018,0.75
S72,97,0.46723069039750265,0.5382964677421913,0.018,0.75
S72,98,0.6560721334254601,0.1155038531029888,0.018,0.75
S72,99,0.4233198564316887,0.4387482834154815,0.018,0.75
S72,100,0.5655515015206014,0.5601798171804395,0.018,0.75
S72,101,0.7504879420537024,0.2740878159918566,0.018,0.75
S72,102,0.4124244211189303,0.4265777752955939,0.018,0.75
S72,103,0.5850099390879859,0.5525631347452563,0.018,0.75
S72,104,0.7050582004895127,0.2399797973391954,0.018,0.75
S72,105,0.33013253206447224,0.5011692979571575,0.018,0.75
S72,106,0.5516539527921613,0.5799598743297308,0.018,0.75
S72,107,0.7237370199517125,0.24340358036600226,0.018,0.75
S72,108,0.3928864314840342,0.46754949345262914,0.018,0.75
S72,109,0.48654397006966255,0.5535063591725286,0.018,0.75
S73,0,0.3497437426584585,0.4184885790795888,0.018,0.75
S73,1,0.45300335082653387,0.5373628322525588,0.018,0.75
S73,2,0.7560649145554962,0.3013298257251726,0.018,0.75
S73,3,0.3457177269138061,0.4567733733526271,0.018,0.75
S73,4,0.605138926023556,0.5631629857740057,0.018,0.75
S73,5,0.7949802310822375,0.18835311142205752,0.018,0.75
S73,6,0.33706714404124494,0.3851397286504754,0.018,0.75
S73,7,0.5556309539297235,0.6844819431009435,0.018,0.75
S73,8,0.624238838118431,0.2382674730808019,0.018,0.75
S73,9,0.3190757852264107,0.42980501133096455,0.018,0.75
S73,10,0.6070984126451211,0.47995049429211883,0.018,0.75
S73,11,0.7271747816961138,0.369115587053696,0.018,0.75
S73,12,0.3734928155687271,0.43312504351194503,0.018,0.75
S73,13,0.5115230385697518,0.6169232061820771,0.018,0.75
S73,14,0.7520066545760337,0.28661834095139044,0.018,0.75
S73,15,0.45926679145334415,0.47051335118759585,0.018,0.75
S73,16,0.5182021904969859,0.5999833491520669,0.018,0.75
S73,17,0.7136003312822872,0.2805775995718447,0.018,0.75
S73,18,0.42325561590074456,0.5101207748394913,0.018,0.75
S73,19,0.5035454466403833,0.6594536686534741,0.018,0.75
S73,20,0.7091035415631713,0.26338089926670466,0.018,0.75
S73,21,0.34676458470153,0.5328114203479957,0.018,0.75
S73,22,0.48837138408805003,0.5313751915514724,0.018,0.75
S73,23,0.6892833361773046,0.288861395107004,0.018,0.75
S73,24,0.2874096389027859,0.4151608448454215,0.018,0.75
S73,25,0.594779876131634,0.5900198371106675,0.018,0.75
S73,26,0.6882079171033914,0.2714553268963484,0.018,0.75
S73,27,0.44876426729884944,0.45004421897512176,0.018,0.75
S74,0,0.4516071137909711,0.8536826860478178,0.018,0.75
S74,1,0.4232124772950483,0.6748813791864445,0.018,0.75
S74,2,0.02,0.2504713843784401,0.018,0.75
S74,3,0.5558316578305135,0.8923596641269707,0.018,0.75
S74,4,0.18538662707716488,0.24760483383654716,0.018,0.75
S74,5,0.5070964833082223,0.02,0.018,0.75
S74,6,0.13956618523595682,0.98,0.018,0.75
S74,7,0.5118420855638457,0.5992998116854538,0.018,0.75
S74,8,0.13066529577823963,0.2363368978893972,0.018,0.75
S74,9,0.4902231387947981,0.9603060082159848,0.018,0.75
S74,10,0.39104539005520295,0.24412513341875686,0.018,0.75
S74,11,0.9154578754158182,0.02,0.018,0.75
S74,12,0.5844833866490904,0.98,0.018,0.75
S74,13,0.25945416190447984,0.6069392012331083,0.018,0.75
S74,14,0.12478419779574552,0.11070201355827117,0.018,0.75
S74,15,0.7151339661594949,0.7651398416918798,0.018,0.75
S74,16,0.4591967465305875,0.36476095762586663,0.018,0.75
S74,17,0.5224225128330487,0.02,0.018,0.75
S74,18,0.3311303928332914,0.8888723664417405,0.018,0.75
S74,19,0.5556919367126409,0.7289997905108874,0.018,0.75
S74,20,0.08883969083544764,0.12468762496608252,0.018,0.75
S74,21,0.5154513210037974,0.8587856314881425,0.018,0.75
S74,22,0.25650874815449426,0.3688696614155806,0.018,0.75
S74,23,0.7214660361086513,0.4583384997672915,0.018,0.75
S74,24,0.288109618585825,0.7211155385450381,0.018,0.75
S74,25,0.260969316432858,0.98,0.018,0.75
S74,26,0.02,0.02709863696084308,0.018,0.75
S74,27,0.7096796422708921,0.98,0.018,0.75
S74,28,0.3075145875578484,0.06683507791659646,0.018,0.75
S74,29,0.6737562909369108,0.02,0.018,0.75
S74,30,0.8448489459033071,0.8188403017298369,0.018,0.75
S74,31,0.29992468484355267,0.98,0.018,0.75
S74,32,0.19214486164047906,0.29132331599295325,0.018,0.75
S74,33,0.8400706589815474,0.98,0.018,0.75
S74,34,0.02,0.02,0.018,0.75
S74,35,0.6648720143110266,0.02,0.018,0.75
S74,36,0.4671433500480922,0.98,0.018,0.75
S74,37,0.02,0.7537042777118546,0.018,0.75
S74,38,0.22779118809315038,0.27343821688369274,0.018,0.75
S74,39,0.8753774118610703,0.98,0.018,0.75
S74,40,0.04230396034338202,0.37286264013304027,0.018,0.75
S74,41,0.7726650933037272,0.04683277226493765,0.018,0.75
S74,42,0.5678957438119919,0.9417338068164786,0.018,0.75
S74,43,0.5340104425712873,0.8306132670483475,0.018,0.75
S74,44,0.19872070016780113,0.17014884238422195,0.018,0.75
S74,45,0.4772015879180047,0.8583490042729205,0.018,0.75
S74,46,0.15673539376072143,0.028115003564021135,0.018,0.75
S74,47,0.5675045285267791,0.08791950109682646,0.018,0.75
S74,48,0.4707743095488855,0.98,0.018,0.75
S74,49,0.4253918713384634,0.8474252181453507,0.018,0.75
S74,50,0.1841008288651678,0.3315546764364555,0.018,0.75
S74,51,0.5793143391114026,0.7550722699376149,0.018,0.75
S75,0,0.374273057819372,0.5100533655858951,0.018,0.75
S75,1,0.5624468510362342,0.5805606025240607,0.018,0.75
S75,2,0.705860568630547,0.2828020846392074,0.018,0.75
S75,3,0.2962596457992441,0.4268704512415825,0.018,0.75
S75,4,0.5696706987287986,0.5533194742775025,0.018,0.75
S75,5,0.8290280490691813,0.17049844699782912,0.018,0.75
S75,6,0.37572113460258394,0.5190043553079255,0.018,0.75
S75,7,0.5872754134812036,0.551014558495474,0.018,0.75
S75,8,0.6877333640023354,0.2501651249157058,0.018,0.75
S75,9,0.3359115562630617,0.3802157820108711,0.018,0.75
S75,10,0.4196277993208931,0.5034946871914342,0.018,0.75
S75,11,0.740307943139602,0.23602718194926778,0.018,0.75
S75,12,0.42065666814975106,0.417721711378401,0.018,0.75
S75,13,0.5471499522706922,0.6175548951467448,0.018,0.75
S75,14,0.6307083759361429,0.34849026983668635,0.018,0.75
S75,15,0.3438652412880213,0.45775112322838996,0.018,0.75
S75,16,0.6488735248518402,0.5964450075033977,0.018,0.75
S75,17,0.6901010657288762,0.16154783853679022,0.018,0.75
S75,18,0.3292095972301051,0.41580652077778335,0.018,0.75
S75,19,0.47595949895421596,0.584198212259188,0.018,0.75
S75,20,0.591091718183762,0.2442282180440967,0.018,0.75
S75,21,0.5073739658605901,0.5016624965748799,0.018,0.75
S75,22,0.533980970990565,0.5959348832150432,0.018,0.75
S75,23,0.6774199651548382,0.2722397657643659,0.018,0.75
S75,24,0.3181758729051821,0.41669709852785125,0.018,0.75
S75,25,0.5737717244645879,0.6005485883138802,0.018,0.75
S75,26,0.7428472976907138,0.24784439714523415,0.018,0.75
S75,27,0.3167461140317214,0.4623573984223749,0.018,0.75
S75,28,0.5987115982191414,0.5156067299551743,0.018,0.75
S75,29,0.7009177569165387,0.30045295896186014,0.018,0.75
S75,30,0.3032185600984745,0.4901707734730519,0.018,0.75
S75,31,0.5482204424947187,0.5944276625075764,0.018,0.75
S75,32,0.7521178612141436,0.30736386443783786,0.018,0.75
S75,33,0.3378499603986644,0.41501254742714905,0.018,0.75
S75,34,0.5939358221606408,0.5502429427592779,0.018,0.75
S75,35,0.7364796278672803,0.3139431447893465,0.018,0.75
S75,36,0.4030094663912908,0.5052929648027455,0.018,0.75
S75,37,0.5222520159739512,0.5378141372297612,0.018,0.75
S75,38,0.6566627328528608,0.22655957500792437,0.018,0.75
S75,39,0.31790392415709834,0.418690721349066,0.018,0.75
S75,40,0.6584454030812888,0.6098176599864779,0.018,0.75
S75,41,0.6543548842408133,0.2606874501010915,0.018,0.75
S75,42,0.4797233412171458,0.5446883791467793,0.018,0.75
S75,43,0.6138900132236184,0.5448359331274093,0.018,0.75
S75,44,0.7358371677979373,0.2961299754015913,0.018,0.75
S75,45,0.31097481081558803,0.47270843114566097,0.018,0.75
S75,46,0.5681948804530225,0.5365124319121829,0.018,0.75
S75,47,0.6773388948265061,0.23051264374618619,0.018,0.75
S75,48,0.4279591192576755,0.5768690465421287,0.018,0.75
S75,49,0.5093352888672079,0.564885431362644,0.018,0.75
S75,50,0.740112263781465,0.27174431111896813,0.018,0.75
S75,51,0.4074700686735842,0.4107586987677809,0.018,0.75
S75,52,0.5095050946410837,0.4844945199496605,0.018,0.75
S75,53,0.6519198889183646,0.25405009301496906,0.018,0.75
S75,54,0.4554082799036955,0.3783377644316114,0.018,0.75
S75,55,0.5578635213298161,0.647793331257027,0.018,0.75
S75,56,0.7273972002291872,0.33537619466982704,0.018,0.75
S75,57,0.4139643315236661,0.47046513620292246,0.018,0.75
S75,58,0.48920574471356376,0.6979448157310175,0.018,0.75
S75,59,0.7088831027640294,0.1490476196979056,0.018,0.75
S75,60,0.3798389966673536,0.38738627724597796,0.018,0.75
S75,61,0.501501133618111,0.602901673979522,0.018,0.75
S75,62,0.7545347947790652,0.36024686306869097,0.018,0.75
S75,63,0.35732371174607835,0.4050019258248877,0.018,0.75
S75,64,0.6113365145587097,0.6479474740379567,0.018,0.75
S75,65,0.7266269347453035,0.12025756477404229,0.018,0.75
S75,66,0.47393462194174174,0.4225175826482866,0.018,0.75
S75,67,0.47976566910560114,0.533544352395892,0.018,0.75
S75,68,0.5999236374114596,0.23725876528570158,0.018,0.75
S75,69,0.47915730508020316,0.4196219688986557,0.018,0.75
S75,70,0.5805670122005104,0.564809535761223,0.018,0.75
S75,71,0.6655069480221041,0.40357166348784823,0.018,0.75
S75,72,0.3939247927202642,0.4119641440664719,0.018,0.75
S75,73,0.5321845180155738,0.6202869534546083,0.018,0.75
S75,74,0.704344413336658,0.1610659259229597,0.018,0.75
S75,75,0.36842564722864163,0.3901449454347378,0.018,0.75
S75,76,0.5109106690933227,0.5926215940336812,0.018,0.75
S75,77,0.6620933442996021,0.2991387427463648,0.018,0.75
S75,78,0.3673767942430469,0.42842788839056134,0.018,0.75
S75,79,0.5365006636055948,0.5825405593950518,0.018,0.75
S75,80,0.6218487270199751,0.2961912657361077,0.018,0.75
S76,0,0.43500379084622376,0.42187481261055326,0.018,0.75
S76,1,0.6073108180545878,0.6284025329990806,0.018,0.75
S76,2,0.6913103938824524,0.22233161768591356,0.018,0.75
S76,3,0.43000286445379365,0.6021566697578925,0.018,0.75
S76,4,0.6331053297732854,0.5382633100505536,0.018,0.75
S76,5,0.6870777600742172,0.25276416461893475,0.018,0.75
S76,6,0.35613199034922843,0.44599074302860003,0.018,0.75
S76,7,0.5281017355540893,0.536907969502625,0.018,0.75
S76,8,0.6749627851802432,0.26020229150181123,0.018,0.75
S76,9,0.3889111393424952,0.5006930570269643,0.018,0.75
S76,10,0.5940006900257523,0.6349936304109877,0.018,0.75
S76,11,0.691840686250352,0.3471150849669538,0.018,0.75
S76,12,0.34743262303532735,0.3804521639412537,0.018,0.75
S76,13,0.5947655117424016,0.5522613237455192,0.018,0.75
S76,14,0.6864523736321,0.21270339310524666,0.018,0.75
S76,15,0.4503443507119418,0.4780541551153766,0.018,0.75
S76,16,0.5271569507468159,0.5437621424587701,0.018,0.75
S76,17,0.6731310831056188,0.15954143956403,0.018,0.75
S76,18,0.41819979614098096,0.43178296874860794,0.018,0.75
S76,19,0.5697424018084223,0.5411064758205634,0.018,0.75
S76,20,0.6447963890766927,0.2884279932457045,0.018,0.75
S76,21,0.4047735833730743,0.505947337235703,0.018,0.75
S76,22,0.4687056483429521,0.5645767171630499,0.018,0.75
S76,23,0.6390385847557322,0.23883895063646465,0.018,0.75
S76,24,0.442959734257901,0.5316641717577302,0.018,0.75
S76,25,0.5232087298477731,0.5935687035373816,0.018,0.75
S76,26,0.7511888359426127,0.3183268869516423,0.018,0.75
S76,27,0.39649942022460993,0.385294327027078,0.018,0.75
S76,28,0.43702455574749954,0.689710917137035,0.018,0.75
S76,29,0.7743571173727585,0.1846697808857961,0.018,0.75
S76,30,0.4430185937701567,0.5151142608156795,0.018,0.75
S76,31,0.6228560253926505,0.6368598088910531,0.018,0.75
S76,32,0.7191759352660885,0.18825690106824838,0.018,0.75
S76,33,0.4409433011279382,0.42911774981604367,0.018,0.75
S76,34,0.559883842710426,0.6028079563193994,0.018,0.75
S76,35,0.6966603329613466,0.16619031493684444,0.018,0.75
S76,36,0.32167331709667635,0.4867773997356618,0.018,0.75
S76,37,0.566552134067005,0.6152017595961733,0.018,0.75
S76,38,0.785327689257395,0.21967100304101905,0.018,0.75
S76,39,0.44232027597510754,0.3174521996518541,0.018,0.75
S76,40,0.6312972247218818,0.6292356898841727,0.018,0.75
S76,41,0.7274045717355618,0.2811435695689196,0.018,0.75
S76,42,0.37003400993734115,0.42707517313666604,0.018,0.75
S76,43,0.5328585595570289,0.6255947776750594,0.018,0.75
S76,44,0.6168721357505226,0.3322496739964884,0.018,0.75
S76,45,0.35562945596578355,0.3795548676642472,0.018,0.75
S76,46,0.6922236859224409,0.5806120384501221,0.018,0.75
S76,47,0.7457977028351725,0.2140244373140462,0.018,0.75
S76,48,0.3405870063110265,0.40755992889029874,0.018,0.75
S76,49,0.5987580989323746,0.5539558503846943,0.018,0.75
S76,50,0.7897577015410137,0.28969055703276186,0.018,0.75
S76,51,0.40157236491107445,0.3529767094921287,0.018,0.75
S76,52,0.5424720360926242,0.5051237472354521,0.018,0.75
S76,53,0.7506500356253333,0.2749384281946168,0.018,0.75
S76,54,0.29701407495760596,0.4292139814567208,0.018,0.75
S76,55,0.5470591185048581,0.59207722951627,0.018,0.75
S76,56,0.6055239355620179,0.2053500425285418,0.018,0.75
S76,57,0.3714419745095016,0.3987255170854156,0.018,0.75
S76,58,0.46803286232485597,0.4555215086249566,0.018,0.75
S76,59,0.7508407035225337,0.21165892133986064,0.018,0.75
S76,60,0.40834225873224567,0.3194128811130861,0.018,0.75
S76,61,0.5754508636443421,0.585919795117927,0.018,0.75
S76,62,0.7297301800908161,0.2091340174787224,0.018,0.75
S76,63,0.43251000478859236,0.45379422520582907,0.018,0.75
S76,64,0.5288697226632535,0.5353956435109272,0.018,0.75
S76,65,0.6875783896174957,0.20572987889126473,0.018,0.75
S76,66,0.34907466679487636,0.5136991480145494,0.018,0.75
S76,67,0.5835915257258655,0.5451054821671628,0.018,0.75
S76,68,0.7149658714080112,0.22754404237722176,0.018,0.75
S76,69,0.43846445613647966,0.38895926976857226,0.018,0.75
S76,70,0.6282602390067467,0.5868879148292253,0.018,0.75
S76,71,0.7334103123730306,0.19169660164532193,0.018,0.75
S76,72,0.36492051171412193,0.4486447091196275,0.018,0.75
S76,73,0.5123961716154836,0.5643921525095408,0.018,0.75
S76,74,0.7306335241812623,0.2688294245867895,0.018,0.75
S76,75,0.36921357383916553,0.4463167553051344,0.018,0.75
S76,76,0.48487683947653504,0.4884887668694191,0.018,0.75
S76,77,0.6790904244146018,0.25914654666997006,0.018,0.75
S76,78,0.37261370597442117,0.44046895491093224,0.018,0.75
S76,79,0.48770580486113974,0.6680131267737914,0.018,0.75
S76,80,0.6811560262706114,0.2609065113921043,0.018,0.75
S76,81,0.33296859331325385,0.44059121464595125,0.018,0.75
S76,82,0.607292779115688,0.57826272584357,0.018,0.75
S76,83,0.6770553100474741,0.2788189782600097,0.018,0.75
S76,84,0.31846732946357886,0.3961724890123751,0.018,0.75
S76,85,0.6171218590630448,0.5369453215324159,0.018,0.75
S76,86,0.637637191062673,0.2731039862159583,0.018,0.75
S76,87,0.43699098676747256,0.4860592763487312,0.018,0.75
S76,88,0.40420514645602035,0.6372361526846795,0.018,0.75
S76,89,0.7186515718718162,0.2492527736984102,0.018,0.75
S76,90,0.26692292425854436,0.49731406088445046,0.018,0.75
S76,91,0.5386003932762661,0.5818728533035209,0.018,0.75
S76,92,0.7490516354279113,0.16493406676931893,0.018,0.75
S76,93,0.3821401145861099,0.41863911400894044,0.018,0.75
S76,94,0.5221618522696864,0.5109812873846964,0.018,0.75
S76,95,0.6485062594500622,0.23165350436881765,0.018,0.75
S76,96,0.47386629672381514,0.4607936400438491,0.018,0.75
S76,97,0.48074252995806527,0.6498851567168581,0.018,0.75
S76,98,0.635449154430599,0.3008773378477682,0.018,0.75
S76,99,0.3551019787328052,0.5282551989064903,0.018,0.75
S76,100,0.4971108002694958,0.5856994725243699,0.018,0.75
S76,101,0.6698496861324138,0.2635928854292314,0.018,0.75
S76,102,0.2456176401329175,0.4391294417488466,0.018,0.75
S76,103,0.46255338005863245,0.5541372287703059,0.018,0.75
S76,104,0.7174496862986617,0.21365182545383654,0.018,0.75
S76,105,0.40689571160722127,0.43447255668048496,0.018,0.75
S76,106,0.5944296211866101,0.6383102583067382,0.018,0.75
S76,107,0.6510216705815788,0.2384133556868346,0.018,0.75
S76,108,0.3628180082556258,0.469907550933322,0.018,0.75
S76,109,0.569640061068613,0.5463026979253567,0.018,0.75
S77,0,0.2525825313551033,0.2416812488605458,0.018,0.75
S77,1,0.1706779262205366,0.653584867539968,0.018,0.75
S77,2,0.7318446023032676,0.5238716962674672,0.018,0.75
S77,3,0.2625846342081294,0.7956677370693053,0.018,0.75
S77,4,0.3844656079480302,0.02,0.018,0.75
S77,5,0.6295118246022078,0.2591605609169262,0.018,0.75
S77,6,0.44788904564523935,0.22273870447399538,0.018,0.75
S77,7,0.4397771547810211,0.6472057321192332,0.018,0.75
S77,8,0.6407666109835116,0.7272170158301687,0.018,0.75
S77,9,0.02,0.4144086539884547,0.018,0.75
S77,10,0.053313509969054734,0.02,0.018,0.75
S77,11,0.5675522765476826,0.5127313915377095,0.018,0.75
S77,12,0.18262918639035652,0.49377360493742484,0.018,0.75
S77,13,0.26162202430556386,0.8982364746345727,0.018,0.75
S77,14,0.5025137192940778,0.5527932588942485,0.018,0.75
S77,15,0.2564167237190568,0.35311959650698954,0.018,0.75
S77,16,0.25064606765764574,0.08173369058758378,0.018,0.75
S77,17,0.36893639772846515,0.29951225563204625,0.018,0.75
S77,18,0.3636592339265242,0.36174193583892206,0.018,0.75
S77,19,0.6495573073944548,0.8588787412549345,0.018,0.75
S77,20,0.5529888477434843,0.5665097992433629,0.018,0.75
S77,21,0.6201858526881068,0.3475694729648672,0.018,0.75
S77,22,0.02,0.02,0.018,0.75
S77,23,0.30820339172390915,0.30292989818020677,0.018,0.75
S77,24,0.16679367060975603,0.43636340555093805,0.018,0.75
S77,25,0.2508221447365359,0.8783568040701587,0.018,0.75
S77,26,0.5284128360404186,0.8551046723359903,0.018,0.75
S77,27,0.27964787087292514,0.11653627287322163,0.018,0.75
S78,0,0.3845786032859798,0.3721936816187478,0.018,0.75
S78,1,0.5558066847196776,0.5059519448264899,0.018,0.75
S78,2,0.7659248215724859,0.26713772020429766,0.018,0.75
S78,3,0.3378361047481819,0.47157780548710393,0.018,0.75
S78,4,0.6128061525802251,0.5599575127920333,0.018,0.75
S78,5,0.7128629456993196,0.23158999619671117,0.018,0.75
S78,6,0.41716901765206704,0.41997717813326424,0.018,0.75
S78,7,0.44897396600337836,0.513262644940884,0.018,0.75
S78,8,0.7503636625133081,0.24808041442175954,0.018,0.75
S78,9,0.45728301448033115,0.41223307666546544,0.018,0.75
S78,10,0.6157609578709422,0.631856966401161,0.018,0.75
S78,11,0.6910002524418766,0.2845428761664695,0.018,0.75
S78,12,0.40906391592337316,0.4442889140992745,0.018,0.75
S78,13,0.562417998522956,0.5290302118416251,0.018,0.75
S78,14,0.6990694624066817,0.24634539033230693,0.018,0.75
S78,15,0.3459794730446671,0.3804703988047055,0.018,0.75
S78,16,0.5421483321845089,0.5535425862463684,0.018,0.75
S78,17,0.7380687068587588,0.2744221307481464,0.018,0.75
S78,18,0.3854499476255896,0.44937418667447676,0.018,0.75
S78,19,0.5557065095233483,0.6110466499391571,0.018,0.75
S78,20,0.7155528941702143,0.21820603765998547,0.018,0.75
S78,21,0.3120591567842091,0.47960671475058464,0.018,0.75
S78,22,0.5017392167105011,0.562471448212122,0.018,0.75
S78,23,0.6612999110570926,0.2418313634603571,0.018,0.75
S78,24,0.3373150385871223,0.4762224201652109,0.018,0.75
S78,25,0.5211829464794457,0.5479116780393817,0.018,0.75
S78,26,0.7510113443470157,0.1738319796985608,0.018,0.75
S78,27,0.3471447075894599,0.4058716343198423,0.018,0.75
S78,28,0.6058145895919994,0.5428856478652329,0.018,0.75
S78,29,0.7028933233507397,0.21611233698665916,0.018,0.75
S78,30,0.3303197614893284,0.5213933835850502,0.018,0.75
S78,31,0.6075155704346448,0.6080165433138887,0.018,0.75
S78,32,0.675032435271577,0.2713169319065518,0.018,0.75
S78,33,0.37586092617586353,0.44464518794384106,0.018,0.75
S78,34,0.5260800673992722,0.5488818136420907,0.018,0.75
S78,35,0.5420941218234627,0.26642802977768854,0.018,0.75
S78,36,0.37130039386714814,0.509325976848767,0.018,0.75
S78,37,0.5670850787215324,0.5819300600227441,0.018,0.75
S78,38,0.6377462369063082,0.23454537733337527,0.018,0.75
S78,39,0.4713555985770388,0.5355647629212684,0.018,0.75
S78,40,0.4737130354696295,0.5542273549530458,0.018,0.75
S78,41,0.7073445659083907,0.18597613600249932,0.018,0.75
S78,42,0.3355256060915554,0.4279332919146133,0.018,0.75
S78,43,0.43368661751541626,0.5287671404682286,0.018,0.75
S78,44,0.7035034350708262,0.1785173673730681,0.018,0.75
S78,45,0.40670013226450275,0.39224726275156574,0.018,0.75
S78,46,0.5542551458856114,0.5497644750192041,0.018,0.75
S78,47,0.7277413674245343,0.2556218216226093,0.018,0.75
S78,48,0.40086262505930076,0.4975462114142509,0.018,0.75
S78,49,0.6004118339110738,0.5443929750615377,0.018,0.75
S78,50,0.7222899823899949,0.2611851265062578,0.018,0.75
S78,51,0.4597169172026133,0.5044588462438447,0.018,0.75
S79,0,0.27726048982660284,0.4451784698676716,0.018,0.75
S79,1,0.6290994133081251,0.5998169151123325,0.018,0.75
S79,2,0.7339470203884763,0.13255208779292266,0.018,0.75
S79,3,0.2851182447894577,0.3951803106997017,0.018,0.75
S79,4,0.5003788125768696,0.5257806848898541,0.018,0.75
S79,5,0.7518615787285705,0.2913520184608193,0.018,0.75
S79,6,0.49308178598483987,0.4862030939517144,0.018,0.75
S79,7,0.5255740501428343,0.6169213825415736,0.018,0.75
S79,8,0.8158275467903178,0.21462172203898708,0.018,0.75
S79,9,0.3479510171049321,0.49354898567547983,0.018,0.75
S79,10,0.599264833969041,0.5847026946069754,0.018,0.75
S79,11,0.6431130960738488,0.26410832158061204,0.018,0.75
S79,12,0.37853897781428075,0.47505964568476405,0.018,0.75
S79,13,0.5026901745232564,0.6361997416805278,0.018,0.75
S79,14,0.7160708707953982,0.281858845154054,0.018,0.75
S79,15,0.3957162559464276,0.44018912306966884,0.018,0.75
S79,16,0.5717908760630714,0.5326808804034686,0.018,0.75
S79,17,0.680581259397593,0.28444730825798276,0.018,0.75
S79,18,0.32987383411155613,0.4829856199044821,0.018,0.75
S79,19,0.3821057116445441,0.6536530627658204,0.018,0.75
S79,20,0.6505571188883126,0.27929398633627484,0.018,0.75
S79,21,0.4781609506052974,0.43968369513819217,0.018,0.75
S79,22,0.5801086502883744,0.4839422492841411,0.018,0.75
S79,23,0.6901712915042297,0.22333789254631936,0.018,0.75
S79,24,0.38637943421713616,0.42942421748167275,0.018,0.75
S79,25,0.5078919565793509,0.5503401962355424,0.018,0.75
S79,26,0.7146500813119941,0.17823575053641266,0.018,0.75
S79,27,0.41158195252582097,0.5377734049880845,0.018,0.75
S79,28,0.5073541308270018,0.5598555594013195,0.018,0.75
S79,29,0.6993418975115825,0.2847608692411833,0.018,0.75
S79,30,0.4160574897898972,0.4218613813347908,0.018,0.75
S79,31,0.5778215813297697,0.5786612923856598,0.018,0.75
S79,32,0.6746306894083971,0.21440657860100398,0.018,0.75
S79,33,0.45504104227135245,0.42414396454383385,0.018,0.75
S79,34,0.5358992111279388,0.5995287196741754,0.018,0.75
S79,35,0.7495436937901441,0.30514757968525796,0.018,0.75
S79,36,0.4934796208177331,0.4737518331542077,0.018,0.75
S79,37,0.6374685368459084,0.6112366416525529,0.018,0.75
S79,38,0.6836168144243626,0.18504557139454386,0.018,0.75
S79,39,0.40324119182910534,0.3993172548663984,0.018,0.75
S79,40,0.495598719256949,0.537739969097841,0.018,0.75
S79,41,0.6740378580508257,0.36816945962296477,0.018,0.75
S79,42,0.4549741830288478,0.4026146017772776,0.018,0.75
S79,43,0.6331521754610697,0.4813026899459827,0.018,0.75
S79,44,0.6783657894702235,0.1566356047827333,0.018,0.75
S79,45,0.3301305097666083,0.47903084069818946,0.018,0.75
S79,46,0.5773053997732533,0.6016335048917438,0.018,0.75
S79,47,0.7376760979351884,0.2651510834573854,0.018,0.75
S79,48,0.34683132393686034,0.4822215642407475,0.018,0.75
S79,49,0.43510200561479684,0.6106995786598728,0.018,0.75
S79,50,0.7423590898379739,0.3011668155419021,0.018,0.75
S79,51,0.4410391476794858,0.5999705636448729,0.018,0.75
S79,52,0.5696175875417898,0.5013342921901803,0.018,0.75
S79,53,0.7125333392245,0.23766188320117848,0.018,0.75
S79,54,0.48171985232965686,0.45948291717674383,0.018,0.75
S79,55,0.5546339579172834,0.6350824129650394,0.018,0.75
S79,56,0.5555569112670481,0.2963730267656633,0.018,0.75
S79,57,0.3887024363206852,0.37311231430528985,0.018,0.75
S79,58,0.5474741180721479,0.5236135337828532,0.018,0.75
S79,59,0.7391046036047918,0.3308108661716485,0.018,0.75
S79,60,0.4830960779982588,0.41510580779675726,0.018,0.75
S79,61,0.4299310619023893,0.6539267895109931,0.018,0.75
S79,62,0.6387181688687661,0.24017185076413364,0.018,0.75
S79,63,0.42962402927774407,0.4134253481058954,0.018,0.75
S79,64,0.5139461522463896,0.6672377027495828,0.018,0.75
S79,65,0.7405903562071738,0.276409994955895,0.018,0.75
S79,66,0.3966611394059816,0.410272787690054,0.018,0.75
S79,67,0.5547610111235853,0.6531141521728491,0.018,0.75
S79,68,0.6084324971294044,0.368257783162908,0.018,0.75
S79,69,0.3366344883427251,0.3752465067834384,0.018,0.75
S79,70,0.5477314322966138,0.6566070495005997,0.018,0.75
S79,71,0.7702617968422142,0.24007346835605084,0.018,0.75
S79,72,0.21377664554563597,0.3510649407131399,0.018,0.75
S79,73,0.6073009602576753,0.6632981337609591,0.018,0.75
S79,74,0.7126173086929528,0.35085794981607027,0.018,0.75
S79,75,0.3634331121185259,0.4094110751551188,0.018,0.75
S79,76,0.506872665629723,0.6268925557423785,0.018,0.75
S79,77,0.7491124478213111,0.19820686196239481,0.018,0.75
S79,78,0.44536937016093364,0.4670602003043115,0.018,0.75
S79,79,0.5625207129640389,0.5621966737355927,0.018,0.75
S79,80,0.6803656288472143,0.175084408546047,0.018,0.75
S80,0,0.34439903433037894,0.02,0.018,0.75
S80,1,0.566048104306079,0.5111571208004968,0.018,0.75
S80,2,0.16985255157165147,0.026151002104926588,0.018,0.75
S80,3,0.23420681412870403,0.02,0.018,0.75
S80,4,0.7954392888936778,0.2711755936486426,0.018,0.75
S80,5,0.39239262094613214,0.8264761479951399,0.018,0.75
S80,6,0.3270717808255873,0.02,0.018,0.75
S80,7,0.5608066649087269,0.44812708171272375,0.018,0.75
S80,8,0.04600194629553053,0.02,0.018,0.75
S80,9,0.29213147780746834,0.1667597982537698,0.018,0.75
S80,10,0.7910852879698099,0.3710585820247745,0.018,0.75
S80,11,0.5779964238248576,0.9352176076943375,0.018,0.75
S80,12,0.16750693022684626,0.02,0.018,0.75
S80,13,0.8600214814682882,0.5579474175919525,0.018,0.75
S80,14,0.12680867010337726,0.13448239817820998,0.018,0.75
S80,15,0.07574550287774692,0.02,0.018,0.75
S80,16,0.7733349987711656,0.19493743085748877,0.018,0.75
S80,17,0.10855237535726009,0.5112592959520439,0.018,0.75
S80,18,0.13405378313031152,0.08492637960911453,0.018,0.75
S80,19,0.5868086014220341,0.4812656739523926,0.018,0.75
S80,20,0.3171301237091092,0.2051603765270236,0.018,0.75
S80,21,0.23814871487391404,0.15058676219182476,0.018,0.75
S80,22,0.6011206599906453,0.3426452366984709,0.018,0.75
S80,23,0.43092149261735285,0.8780733769694568,0.018,0.75
S80,24,0.1352937390737234,0.1588372943956129,0.018,0.75
S80,25,0.5234410209165836,0.9529401705826908,0.018,0.75
S80,26,0.23699532844218835,0.2017784193285112,0.018,0.75
S80,27,0.4165142766643446,0.10415596104783426,0.018,0.75
S80,28,0.7358252761329199,0.6006904120165664,0.018,0.75
S80,29,0.24236402222798556,0.9197161164177062,0.018,0.75
S80,30,0.3179484474423705,0.4285397926561117,0.018,0.75
S80,31,0.7598782290262242,0.6771383701456959,0.018,0.75
S80,32,0.1371447638633846,0.02,0.018,0.75
S80,33,0.265332371205233,0.02,0.018,0.75
S80,34,0.5016987186975992,0.08262222628196392,0.018,0.75
S80,35,0.46774712125504175,0.98,0.018,0.75
S80,36,0.12921542347526635,0.28236450188477863,0.018,0.75
S80,37,0.6071524489116353,0.98,0.018,0.75
S80,38,0.1445028972833611,0.4465072331779872,0.018,0.75
S80,39,0.02,0.33014960869815124,0.018,0.75
S80,40,0.5360894172690452,0.3007772935077473,0.018,0.75
S80,41,0.5682702427527667,0.8691824196487942,0.018,0.75
S80,42,0.5290973528843126,0.30567209219168145,0.018,0.75
S80,43,0.5805630135417805,0.2737947439761417,0.018,0.75
S80,44,0.07717447680980793,0.3411860684032344,0.018,0.75
S80,45,0.1558706238427992,0.02,0.018,0.75
S80,46,0.5885385627406816,0.24358068205414643,0.018,0.75
S80,47,0.2781224786123028,0.98,0.018,0.75
S80,48,0.2641299727060602,0.325795336335883,0.018,0.75
S80,49,0.7006066502064101,0.4924590673942264,0.018,0.75
S80,50,0.2993076417888105,0.02,0.018,0.75
S80,51,0.76395575422377,0.14105323427686886,0.018,0.75
S80,52,0.5213401821983812,0.4855438439554257,0.018,0.75
S80,53,0.20704407581419781,0.5044657274183149,0.018,0.75
S80,54,0.1284762933627106,0.10759961950792271,0.018,0.75
S80,55,0.6323146091273375,0.864753126672748,0.018,0.75
S80,56,0.02,0.5206528120941976,0.018,0.75
S80,57,0.34980557259046174,0.02,0.018,0.75
S80,58,0.5336544900458599,0.05797105758054091,0.018,0.75
S80,59,0.5611969111569799,0.8278807956818832,0.018,0.75
S80,60,0.13006628869916356,0.08606952722011799,0.018,0.75
S80,61,0.8103082197266582,0.4518303876174337,0.018,0.75
S80,62,0.3293637655222056,0.1251440559624031,0.018,0.75
S80,63,0.3584434359828171,0.02,0.018,0.75
S80,64,0.7725332420475169,0.2175640427746175,0.018,0.75
S80,65,0.3734203122071089,0.8199312268288228,0.018,0.75
S80,66,0.1524433409398129,0.02,0.018,0.75
S80,67,0.7428663217813721,0.98,0.018,0.75
S80,68,0.28607310873533653,0.14641483382153397,0.018,0.75
S80,69,0.02,0.02,0.018,0.75
S80,70,0.9688804004809607,0.4984229312779404,0.018,0.75
S80,71,0.32823209463147707,0.6985067993973872,0.018,0.75
S80,72,0.2859052671981351,0.057096333789696245,0.018,0.75
S80,73,0.8409178619460398,0.6104911648697301,0.018,0.75
S80,74,0.05120467184194574,0.3148492022140703,0.018,0.75
S80,75,0.282743195863319,0.12893318737260476,0.018,0.75
S80,76,0.7490701379262595,0.02,0.018,0.75
S80,77,0.1379397188103666,0.6940566716271245,0.018,0.75
S80,78,0.10840007761955567,0.19018181249030086,0.018,0.75
S80,79,0.43939438502460665,0.8603764410852435,0.018,0.75
S80,80,0.1623548651412808,0.08512014896833942,0.018,0.75
S80,81,0.6737354835555379,0.05703716104916168,0.018,0.75
S80,82,0.7343357910081516,0.47875751062245697,0.018,0.75
S80,83,0.627670336270689,0.7716871079346102,0.018,0.75
S80,84,0.15617184249837995,0.2851578453808119,0.018,0.75
S80,85,0.8922103520043544,0.7995665691656358,0.018,0.75
S80,86,0.052110240076009076,0.27263747140965144,0.018,0.75
S80,87,0.32620365210360963,0.02,0.018,0.75
S80,88,0.5027623591114181,0.31976431748206535,0.018,0.75
S80,89,0.15927810113666047,0.928626854389986,0.018,0.75
S80,90,0.493742015583586,0.10501584950822386,0.018,0.75
S80,91,0.8027436879780686,0.98,0.018,0.75
S80,92,0.09360598030566551,0.049909355589337304,0.018,0.75
S80,93,0.39614045168714185,0.24624157074452416,0.018,0.75
S80,94,0.6022086412329879,0.3407575673384066,0.018,0.75
S80,95,0.5323963995388631,0.7267963111803116,0.018,0.75
S80,96,0.4954173273368956,0.31061480771453515,0.018,0.75
S80,97,0.9214273889885538,0.5761536127734289,0.018,0.75
S80,98,0.02,0.02,0.018,0.75
S80,99,0.07952443353260955,0.02,0.018,0.75
S80,100,0.7297158658042884,0.12607494627181548,0.018,0.75
S80,101,0.44397569864350944,0.98,0.018,0.75
S80,102,0.21170169786899123,0.02,0.018,0.75
S80,103,0.8992989492184806,0.5261406278018336,0.018,0.75
S80,104,0.29221218236217356,0.2696888419854923,0.018,0.75
S80,105,0.47372378656303576,0.1538702176920766,0.018,0.75
S80,106,0.5327618819162822,0.4358270297250165,0.018,0.75
S80,107,0.745262682894993,0.8717124810565305,0.018,0.75
S80,108,0.2995933141015657,0.02,0.018,0.75
S80,109,0.8870061757167096,0.8407276394191423,0.018,0.75
S81,0,0.3975073526348864,0.421862335146552,0.018,0.75
S81,1,0.5795571227574754,0.5278445000174773,0.018,0.75
S81,2,0.7294710719339443,0.30792065632684895,0.018,0.75
S81,3,0.39623785383888355,0.4247424805441481,0.018,0.75
S81,4,0.5028862343138889,0.5383709980333963,0.018,0.75
S81,5,0.6446438168937378,0.19725186211933143,0.018,0.75
S81,6,0.33068366130966986,0.45141743481932023,0.018,0.75
S81,7,0.5732604281315604,0.5776209398323674,0.018,0.75
S81,8,0.6760529813836877,0.35218986061547086,0.018,0.75
S81,9,0.4440697240421464,0.36936148245234224,0.018,0.75
S81,10,0.5453445244509627,0.6407728981818228,0.018,0.75
S81,11,0.7307369993453237,0.2334022842158703,0.018,0.75
S81,12,0.3130422392849744,0.3224652089492207,0.018,0.75
S81,13,0.520884422014572,0.6077882169434925,0.018,0.75
S81,14,0.5982633076672718,0.31931024515453277,0.018,0.75
S81,15,0.40336106939040134,0.4834824652866935,0.018,0.75
S81,16,0.5524602436767527,0.6073869101196756,0.018,0.75
S81,17,0.6693167233415023,0.1632073327608399,0.018,0.75
S81,18,0.45246337290043104,0.39254547045924376,0.018,0.75
S81,19,0.6090430942839995,0.6524672949322218,0.018,0.75
S81,20,0.612568126316514,0.27075791805398236,0.018,0.75
S81,21,0.4223690640264114,0.6009499767699878,0.018,0.75
S81,22,0.6203218794947242,0.5074498796914462,0.018,0.75
S81,23,0.7624096315434136,0.20613457663488055,0.018,0.75
S81,24,0.3970726126465002,0.36583930504726325,0.018,0.75
S81,25,0.524912338278363,0.7209647609706087,0.018,0.75
S81,26,0.8015032521036124,0.12343407479404025,0.018,0.75
S81,27,0.43283250492421815,0.3332697592982804,0.018,0.75
S82,0,0.31828667740187877,0.4411578082158379,0.018,0.75
S82,1,0.6228394381941025,0.5344877314107697,0.018,0.75
S82,2,0.7425904966445632,0.23017354227187128,0.018,0.75
S82,3,0.36157733890316235,0.5062882829092705,0.018,0.75
S82,4,0.552834190009453,0.5155840493308345,0.018,0.75
S82,5,0.7046939460199488,0.27883453609397424,0.018,0.75
S82,6,0.3891039030854158,0.536491488968472,0.018,0.75
S82,7,0.6081110190249601,0.5364131615697332,0.018,0.75
S82,8,0.654904412841038,0.266268938741503,0.018,0.75
S82,9,0.3806478373010702,0.4621588672308528,0.018,0.75
S82,10,0.47845873322541105,0.36040005556627897,0.018,0.75
S82,11,0.6330554951141814,0.22096235282370974,0.018,0.75
S82,12,0.25868339348476593,0.4484787764830631,0.018,0.75
S82,13,0.5926478313906896,0.5503725690211596,0.018,0.75
S82,14,0.709174347257599,0.21357002285142643,0.018,0.75
S82,15,0.38873377185321,0.390816722996014,0.018,0.75
S82,16,0.5566169534493494,0.6136214148571048,0.018,0.75
S82,17,0.6939274764598744,0.30412912794235425,0.018,0.75
S82,18,0.43597344957715817,0.43209422145875515,0.018,0.75
S82,19,0.5934753296536537,0.546175035462143,0.018,0.75
S82,20,0.6873989180858242,0.26835992981746704,0.018,0.75
S82,21,0.33744066409839724,0.4160729761677761,0.018,0.75
S82,22,0.557083027216601,0.6000312877526777,0.018,0.75
S82,23,0.6806046230818193,0.31947608115103976,0.018,0.75
S82,24,0.3428547245664339,0.5357116921832511,0.018,0.75
S82,25,0.49394962831955064,0.5794879284866614,0.018,0.75
S82,26,0.6687712608996675,0.18526050848986064,0.018,0.75
S82,27,0.4205944194868607,0.42857496846835536,0.018,0.75
S82,28,0.5558576939131218,0.663978812187438,0.018,0.75
S82,29,0.6525074948074863,0.36457748959681013,0.018,0.75
S82,30,0.4261609221021269,0.5228528104363049,0.018,0.75
S82,31,0.5478438230625207,0.5206665497342402,0.018,0.75
S82,32,0.7978847823665249,0.132849444916749,0.018,0.75
S82,33,0.36333588550678375,0.41104738415473124,0.018,0.75
S82,34,0.6440048506356714,0.5726258775486583,0.018,0.75
S82,35,0.6734336936926069,0.16585126817987597,0.018,0.75
S82,36,0.47082363333670774,0.3851753098506687,0.018,0.75
S82,37,0.5771629866454984,0.6922103797694694,0.018,0.75
S82,38,0.7076851726093434,0.2804024790276174,0.018,0.75
S82,39,0.3891089915150628,0.490856239996591,0.018,0.75
S82,40,0.42583246914381584,0.6227688639562853,0.018,0.75
S82,41,0.6536554427732075,0.2096435925668992,0.018,0.75
S82,42,0.4148494621256241,0.5061408720055188,0.018,0.75
S82,43,0.5316486673581061,0.655512485675037,0.018,0.75
S82,44,0.7875206359306263,0.1893330841536492,0.018,0.75
S82,45,0.5930091077141773,0.40762167028309826,0.018,0.75
S82,46,0.4937187715050076,0.4887193821656749,0.018,0.75
S82,47,0.7490075356608606,0.20331686667356305,0.018,0.75
S82,48,0.5001231015766053,0.4422952185955902,0.018,0.75
S82,49,0.5060483929053647,0.5488363626643517,0.018,0.75
S82,50,0.7587272347059586,0.24370752076744975,0.018,0.75
S82,51,0.3195584574566209,0.45163155748345146,0.018,0.75
S83,0,0.7920979746631035,0.37492174295355013,0.018,0.75
S83,1,0.3749278701985961,0.6567029690603172,0.018,0.75
S83,2,0.5619525592857543,0.31979949929020385,0.018,0.75
S83,3,0.7394008665824037,0.2310835133391295,0.018,0.75
S83,4,0.8136036642782793,0.7238903865781277,0.018,0.75
S83,5,0.02,0.02,0.018,0.75
S83,6,0.98,0.335177261529656,0.018,0.75
S83,7,0.02,0.5907338527264637,0.018,0.75
S83,8,0.5937734689302039,0.3713467695812482,0.018,0.75
S83,9,0.6442296096382644,0.5927191185504136,0.018,0.75
S83,10,0.9222732547477033,0.6836722335444047,0.018,0.75
S83,11,0.15606205578434384,0.45292863377725257,0.018,0.75
S83,12,0.98,0.6398033195044943,0.018,0.75
S83,13,0.31042263633936795,0.42353448928496173,0.018,0.75
S83,14,0.3721037618578539,0.21188775418435957,0.018,0.75
S83,15,0.831792351954889,0.11418027082804112,0.018,0.75
S83,16,0.8412830533829007,0.4912692389251328,0.018,0.75
S83,17,0.18508764863801863,0.4734342780211495,0.018,0.75
S83,18,0.7675373635107,0.5135330229182267,0.018,0.75
S83,19,0.3271424775571578,0.8032003098540178,0.018,0.75
S83,20,0.5922019817909975,0.18327668958264684,0.018,0.75
S83,21,0.98,0.02,0.018,0.75
S83,22,0.9352427288310263,0.5254146328648176,0.018,0.75
S83,23,0.021135574498210935,0.2147402319058819,0.018,0.75
S83,24,0.6291793482976903,0.7959926041549564,0.018,0.75
S83,25,0.6522734382569526,0.6206416804800624,0.018,0.75
S83,26,0.4938114839987672,0.31185093123930707,0.018,0.75
S83,27,0.43368445736078043,0.4611879518320554,0.018,0.75
S83,28,0.8092799423089647,0.8247663304484266,0.018,0.75
S83,29,0.5361243777221397,0.21988412215670022,0.018,0.75
S83,30,0.909843736693372,0.6945910357396213,0.018,0.75
S83,31,0.28668109658863544,0.8074329341913477,0.018,0.75
S83,32,0.5149860984801155,0.3350832878376939,0.018,0.75
S83,33,0.98,0.1991762013286917,0.018,0.75
S83,34,0.9536264587321399,0.6274544942688212,0.018,0.75
S83,35,0.02,0.33700723093851537,0.018,0.75
S83,36,0.661742564174645,0.5937581098009147,0.018,0.75
S83,37,0.49865608136185474,0.6194293268531547,0.018,0.75
S83,38,0.35064351820208084,0.21739635783784927,0.018,0.75
S83,39,0.7326644062512443,0.0995412715081821,0.018,0.75
S83,40,0.7492993879172598,0.6573662358503125,0.018,0.75
S83,41,0.4842833452707165,0.5612357516874696,0.018,0.75
S83,42,0.7813408495941797,0.44672907351260716,0.018,0.75
S83,43,0.199756280541086,0.7829323453430785,0.018,0.75
S83,44,0.48729041476160134,0.36469451023403165,0.018,0.75
S83,45,0.5882226601419612,0.30735933180137026,0.018,0.75
S83,46,0.6220141214112889,0.37432236067476776,0.018,0.75
S83,47,0.02,0.3871652912420097,0.018,0.75
S83,48,0.8907056825960051,0.5244599793609293,0.018,0.75
S83,49,0.21011612309957928,0.9367890798809423,0.018,0.75
S83,50,0.488797932036513,0.2012388316360374,0.018,0.75
S83,51,0.4914800328292036,0.09160111432577797,0.018,0.75
S83,52,0.7753408336684403,0.6545783881698489,0.018,0.75
S83,53,0.046275133586778955,0.3182381276820973,0.018,0.75
S83,54,0.98,0.714206171825802,0.018,0.75
S83,55,0.3672669141456158,0.6082535247407667,0.018,0.75
S83,56,0.49321209485011575,0.29932392005078423,0.018,0.75
S83,57,0.7410823193318408,0.37830367828336386,0.018,0.75
S83,58,0.7319727050053643,0.9132193054077193,0.018,0.75
S83,59,0.41714859247164093,0.6465863870732163,0.018,0.75
S83,60,0.59474060558684,0.5749357541148988,0.018,0.75
S83,61,0.46100454503505567,0.98,0.018,0.75
S83,62,0.4555683294855605,0.05934708331767108,0.018,0.75
S83,63,0.658584570186669,0.21040870940422307,0.018,0.75
S83,64,0.39397906686690504,0.3809373031085909,0.018,0.75
S83,65,0.05810545865733449,0.3904499245554349,0.018,0.75
S83,66,0.6990321402679868,0.6529655851353041,0.018,0.75
S83,67,0.4138629980687331,0.6472990489547679,0.018,0.75
S83,68,0.28511071423481926,0.5712127266544922,0.018,0.75
S83,69,0.6134915331193885,0.15731019852771885,0.018,0.75
S83,70,0.9406584999205606,0.8271003485923636,0.018,0.75
S83,71,0.34464708712859193,0.02,0.018,0.75
S83,72,0.98,0.8163858913981845,0.018,0.75
S83,73,0.36143112071049865,0.48404239785240827,0.018,0.75
S83,74,0.3144522332957884,0.3534237271983754,0.018,0.75
S83,75,0.5530408327535623,0.021323906631166928,0.018,0.75
S83,76,0.8045021196893701,0.7896241833384016,0.018,0.75
S83,77,0.13090739846097388,0.12935640089687794,0.018,0.75
S83,78,0.98,0.6640940093150569,0.018,0.75
S83,79,0.44722150943157,0.8624380019010656,0.018,0.75
S83,80,0.5443486104653283,0.33271275539480305,0.018,0.75
S84,0,0.32071457935979825,0.45617302364985035,0.018,0.75
S84,1,0.5313674984863194,0.5279129775279408,0.018,0.75
S84,2,0.6694570669864831,0.20223102815108096,0.018,0.75
S84,3,0.3473667517438445,0.4569536336625153,0.018,0.75
S84,4,0.5594548056148743,0.5587682037663992,0.018,0.75
S84,5,0.6921243222515944,0.2245800311307416,0.018,0.75
S84,6,0.39327492978856077,0.3887306143632354,0.018,0.75
S84,7,0.46286936000530116,0.5532210490843954,0.018,0.75
S84,8,0.7481757799019175,0.33473739600925884,0.018,0.75
S84,9,0.42574322881444115,0.43803555757812074,0.018,0.75
S84,10,0.5379248198733151,0.5421475984699761,0.018,0.75
S84,11,0.732740500502557,0.20552184004123783,0.018,0.75
S84,12,0.3745970162872678,0.3354136650250328,0.018,0.75
S84,13,0.4657212032779903,0.5892642480392276,0.018,0.75
S84,14,0.6711721001116102,0.24679148159510292,0.018,0.75
S84,15,0.4129226733792822,0.3824758321367851,0.018,0.75
S84,16,0.5740447577430312,0.7221639005222128,0.018,0.75
S84,17,0.7611089645894915,0.182934385371807,0.018,0.75
S84,18,0.3680989604782879,0.5364733492969026,0.018,0.75
S84,19,0.5604537948689767,0.599354015850699,0.018,0.75
S84,20,0.7284046068676123,0.291250175517537,0.018,0.75
S84,21,0.3335353658812576,0.4642422559658016,0.018,0.75
S84,22,0.5480126085067898,0.5042139018171525,0.018,0.75
S84,23,0.5858806722919027,0.1997757512057246,0.018,0.75
S84,24,0.3503312186369186,0.46722961980409916,0.018,0.75
S84,25,0.6046779570588499,0.5149710405541827,0.018,0.75
S84,26,0.62489096556533,0.28561012518150564,0.018,0.75
S84,27,0.369278278104971,0.5480185065216379,0.018,0.75
S84,28,0.5826889530171384,0.6336699383053199,0.018,0.75
S84,29,0.6888832859891592,0.2033621988149588,0.018,0.75
S84,30,0.5049597977515958,0.5512722549176119,0.018,0.75
S84,31,0.5821534689133221,0.6577698857612722,0.018,0.75
S84,32,0.7502382922997917,0.2755482476689765,0.018,0.75
S84,33,0.44555127631888725,0.4444463016809867,0.018,0.75
S84,34,0.5588788969322436,0.5299816534214393,0.018,0.75
S84,35,0.6456705683513422,0.2172019560124672,0.018,0.75
S84,36,0.2719687119355223,0.45857974239133753,0.018,0.75
S84,37,0.5598294908312,0.6033754733209862,0.018,0.75
S84,38,0.6948918750665429,0.1918772520755142,0.018,0.75
S84,39,0.43288993823058514,0.5471972078655252,0.018,0.75
S84,40,0.5838746534948266,0.5519395706581791,0.018,0.75
S84,41,0.7430523211713683,0.24790385997439346,0.018,0.75
S84,42,0.4311769783459396,0.5151030064551081,0.018,0.75
S84,43,0.5549876301956019,0.5909189615675576,0.018,0.75
S84,44,0.8287324030585286,0.18668712948103344,0.018,0.75
S84,45,0.2765211564116895,0.4784765271799449,0.018,0.75
S84,46,0.540294502915653,0.5504180960790176,0.018,0.75
S84,47,0.7033824847890061,0.2968630678371246,0.018,0.75
S84,48,0.36612413077779854,0.4314246359435088,0.018,0.75
S84,49,0.5585906402378633,0.6047206383631155,0.018,0.75
S84,50,0.6917498275013181,0.23061788524790508,0.018,0.75
S84,51,0.40882480136864907,0.5207343066163246,0.018,0.75
S84,52,0.5657638941996055,0.6024545350038543,0.018,0.75
S84,53,0.7211018021018423,0.21690546523912857,0.018,0.75
S84,54,0.395648797403255,0.39045005300090874,0.018,0.75
S84,55,0.4627881061398379,0.6913524464684662,0.018,0.75
S84,56,0.6333902182347995,0.37499701132192875,0.018,0.75
S84,57,0.4644622154960214,0.4011245053568054,0.018,0.75
S84,58,0.5502110184254106,0.6089480677068899,0.018,0.75
S84,59,0.6711357046813614,0.31075845757789844,0.018,0.75
S84,60,0.37136243611570025,0.42390188474458196,0.018,0.75
S84,61,0.519975649293398,0.5630501065698966,0.018,0.75
S84,62,0.7959114917832666,0.25635580815726233,0.018,0.75
S84,63,0.3421593330850175,0.42932203424443605,0.018,0.75
S84,64,0.5449493210020209,0.5639814642377845,0.018,0.75
S84,65,0.7019370152555219,0.18358466949539942,0.018,0.75
S84,66,0.41960358146484766,0.4214189203043966,0.018,0.75
S84,67,0.5262968486139661,0.602024988473984,0.018,0.75
S84,68,0.743898948266312,0.3123374747793085,0.018,0.75
S84,69,0.4526942206759065,0.480869539483516,0.018,0.75
S84,70,0.5584568951521562,0.5967769852181333,0.018,0.75
S84,71,0.7227946193364153,0.18644928861038537,0.018,0.75
S84,72,0.366613531368962,0.45790662360608386,0.018,0.75
S84,73,0.5400479268541909,0.5904231228924882,0.018,0.75
S84,74,0.8137162233802894,0.23587718418051812,0.018,0.75
S84,75,0.40133774251391013,0.4640919691664776,0.018,0.75
S84,76,0.5241099756422254,0.5982417401154816,0.018,0.75
S84,77,0.7324819970951896,0.28246135028083647,0.018,0.75
S84,78,0.36584114434587395,0.415411105858197,0.018,0.75
S84,79,0.5288725886252279,0.5416023042506191,0.018,0.75
S84,80,0.6797319977544599,0.2409380780706948,0.018,0.75
S84,81,0.45186674116808995,0.45583143733934306,0.018,0.75
S84,82,0.5053287798619343,0.6326828166066107,0.018,0.75
S84,83,0.6568866187927397,0.24193675038615484,0.018,0.75
S84,84,0.2965181354466312,0.5196589457050355,0.018,0.75
S84,85,0.6798832304753258,0.5272417643351959,0.018,0.75
S84,86,0.7525308176469067,0.22515145587108013,0.018,0.75
S84,87,0.3355987010333032,0.4325571385938963,0.018,0.75
S84,88,0.5147545099171769,0.606560166736146,0.018,0.75
S84,89,0.7377587148217704,0.27109172017846317,0.018,0.75
S84,90,0.29173124849701215,0.38938015900857165,0.018,0.75
S84,91,0.618349169759933,0.49890805078553646,0.018,0.75
S84,92,0.7070467114839295,0.30073418181951883,0.018,0.75
S84,93,0.40394992177646144,0.48852292524880986,0.018,0.75
S84,94,0.5991940102967591,0.5858357816247797,0.018,0.75
S84,95,0.7423948084928743,0.25499131703629585,0.018,0.75
S84,96,0.4025382493588892,0.4241342389219389,0.018,0.75
S84,97,0.5383404740625186,0.5930081282704267,0.018,0.75
S84,98,0.7125943681516201,0.23614967213741783,0.018,0.75
S84,99,0.3012954646946317,0.4071410737798268,0.018,0.75
S84,100,0.5617542039214877,0.6596435280250581,0.018,0.75
S84,101,0.6468287375966257,0.21576094107365315,0.018,0.75
S84,102,0.33634910270206914,0.5320591628021394,0.018,0.75
S84,103,0.580344657138299,0.5773474823658031,0.018,0.75
S84,104,0.7274405179205723,0.27915882120584845,0.018,0.75
S84,105,0.3503760892126452,0.436176310637059,0.018,0.75
S84,106,0.5634518395268323,0.6053084834049824,0.018,0.75
S84,107,0.7045498077389609,0.2810676847067306,0.018,0.75
S84,108,0.3390919681318243,0.42911688160207645,0.018,0.75
S84,109,0.5758120672205911,0.5834163278434907,0.018,0.75
S85,0,0.39537153624006255,0.4350024402976721,0.018,0.75
S85,1,0.5953389297459587,0.5727333824355212,0.018,0.75
S85,2,0.6665825046163808,0.2222318797792769,0.018,0.75
S85,3,0.4156810039818374,0.41934271314630606,0.018,0.75
S85,4,0.549902555793122,0.5707987151083321,0.018,0.75
S85,5,0.6657494822432353,0.25647102707675784,0.018,0.75
S85,6,0.43567546770589116,0.4225774825992837,0.018,0.75
S85,7,0.6893732296801809,0.6829835589010883,0.018,0.75
S85,8,0.7483369187507914,0.31863265426600024,0.018,0.75
S85,9,0.3531790356679006,0.48848625127887535,0.018,0.75
S85,10,0.5433602932667456,0.5778849818032911,0.018,0.75
S85,11,0.6807098454906493,0.24546967080806834,0.018,0.75
S85,12,0.39124672127134175,0.4185167202218016,0.018,0.75
S85,13,0.5758064376451454,0.6421394005011545,0.018,0.75
S85,14,0.6995814561300959,0.34692267914356945,0.018,0.75
S85,15,0.29616298050425294,0.39017024632726555,0.018,0.75
S85,16,0.47706137564617335,0.5591415763401363,0.018,0.75
S85,17,0.7027220224147611,0.24856854557891267,0.018,0.75
S85,18,0.3663532944000357,0.40276848585359226,0.018,0.75
S85,19,0.5220110295395072,0.5390439169339913,0.018,0.75
S85,20,0.712184901508734,0.31856508949242635,0.018,0.75
S85,21,0.29703559631594517,0.43459591820106236,0.018,0.75
S85,22,0.4922250378030871,0.5424036385725025,0.018,0.75
S85,23,0.7522157164110032,0.25949500438809453,0.018,0.75
S85,24,0.3724208446855199,0.42534608230306054,0.018,0.75
S85,25,0.5481262816615384,0.5101937177427935,0.018,0.75
S85,26,0.7422553521742543,0.4147479935798578,0.018,0.75
S85,27,0.3727490546154292,0.41355357685849836,0.018,0.75
S86,0,0.3523252350352893,0.8421043304669569,0.018,0.75
S86,1,0.5999111413212806,0.5120551664781888,0.018,0.75
S86,2,0.6125541849388328,0.19857125379184057,0.018,0.75
S86,3,0.12319255199312394,0.7558472151365705,0.018,0.75
S86,4,0.02,0.6920452102355769,0.018,0.75
S86,5,0.42852432907412213,0.7121094101153214,0.018,0.75
S86,6,0.4482544350657096,0.5323227413462381,0.018,0.75
S86,7,0.3962864624556524,0.8723090674103241,0.018,0.75
S86,8,0.691373946731359,0.02,0.018,0.75
S86,9,0.12477963612558952,0.7345650774138488,0.018,0.75
S86,10,0.02,0.4273368670978357,0.018,0.75
S86,11,0.5182596378686491,0.9000347662128223,0.018,0.75
S86,12,0.609865293891485,0.856642690436994,0.018,0.75
S86,13,0.15826008230033908,0.5226090105043736,0.018,0.75
S86,14,0.7646961729068755,0.28281303830097737,0.018,0.75
S86,15,0.07123915642999405,0.48588334405399963,0.018,0.75
S86,16,0.20426120146386575,0.4139299937585301,0.018,0.75
S86,17,0.43595295163912573,0.9495107567664101,0.018,0.75
S86,18,0.6237903077460316,0.7284735597608007,0.018,0.75
S86,19,0.49545260404476577,0.714673940078556,0.018,0.75
S86,20,0.8477245620303047,0.12750231895940797,0.018,0.75
S86,21,0.3639280165052231,0.5709504811014339,0.018,0.75
S86,22,0.02,0.7961523071209626,0.018,0.75
S86,23,0.5504968021406174,0.9747577648667095,0.018,0.75
S86,24,0.09985186363051796,0.7447082160607083,0.018,0.75
S86,25,0.25686860301457937,0.5282770114204663,0.018,0.75
S86,26,0.7693352573150862,0.02,0.018,0.75
S86,27,0.02248892733691793,0.5234201377660584,0.018,0.75
S86,28,0.09638073672410255,0.6783242443928597,0.018,0.75
S86,29,0.3323166631349651,0.9657341901816073,0.018,0.75
S86,30,0.2874018547001777,0.7940024646180156,0.018,0.75
S86,31,0.26784120707640646,0.534989285969373,0.018,0.75
S86,32,0.8986292099759632,0.22904297355268494,0.018,0.75
S86,33,0.059510096012082375,0.26936671864629047,0.018,0.75
S86,34,0.02,0.6243536124243951,0.018,0.75
S86,35,0.1585116953589351,0.98,0.018,0.75
S86,36,0.14569723096576426,0.47657740073183136,0.018,0.75
S86,37,0.42227210867642406,0.6204590738643654,0.018,0.75
S86,38,0.8307095500038987,0.12453594396434642,0.018,0.75
S86,39,0.10164951272169478,0.26488091380231227,0.018,0.75
S86,40,0.02,0.7122183293814961,0.018,0.75
S86,41,0.6174710868815197,0.7588616770404172,0.018,0.75
S86,42,0.16228422434833975,0.8319072921599237,0.018,0.75
S86,43,0.28210305331902374,0.7683503720721654,0.018,0.75
S86,44,0.5414015070821117,0.02,0.018,0.75
S86,45,0.2812361132183848,0.23035293165439985,0.018,0.75
S86,46,0.1354116838289004,0.7728821926047669,0.018,0.75
S86,47,0.2965113531769377,0.7976942356833515,0.018,0.75
S86,48,0.4198533487677126,0.7899881584631645,0.018,0.75
S86,49,0.11487668383832395,0.6913384728358272,0.018,0.75
S86,50,0.753169284907736,0.038153013179344455,0.018,0.75
S86,51,0.30672871161446785,0.6335377465008766,0.018,0.75
S87,0,0.40344130550265456,0.4421814574760117,0.018,0.75
S87,1,0.5911914472248531,0.49700931822381866,0.018,0.75
S87,2,0.707238131483661,0.3353159421877131,0.018,0.75
S87,3,0.37535026463514126,0.5050279181416631,0.018,0.75
S87,4,0.4821847445476065,0.5349724424192681,0.018,0.75
S87,5,0.795330686659818,0.2976126408899424,0.018,0.75
S87,6,0.3041666703678468,0.45226154955308634,0.018,0.75
S87,7,0.5999928873319761,0.4986445789517536,0.018,0.75
S87,8,0.5855099554069313,0.24419034386377708,0.018,0.75
S87,9,0.39558488354832727,0.5152877828988938,0.018,0.75
S87,10,0.5713585897066878,0.6036537869942011,0.018,0.75
S87,11,0.7405727423858036,0.18007204171630592,0.018,0.75
S87,12,0.43416112280250374,0.5614283350914427,0.018,0.75
S87,13,0.5072105188877613,0.5586994090307061,0.018,0.75
S87,14,0.7062961757505375,0.26483714043616446,0.018,0.75
S87,15,0.32405214787850717,0.4427681324227907,0.018,0.75
S87,16,0.5428251188642618,0.574021306937381,0.018,0.75
S87,17,0.6688516717544373,0.30227791492947537,0.018,0.75
S87,18,0.43774427891178197,0.5030188484257654,0.018,0.75
S87,19,0.4893088971285613,0.6211163233617198,0.018,0.75
S87,20,0.7421444754578091,0.258420340680508,0.018,0.75
S87,21,0.3415305037585845,0.49400818689775144,0.018,0.75
S87,22,0.5451238634603232,0.5903508315401172,0.018,0.75
S87,23,0.7070701312809966,0.2603624796576549,0.018,0.75
S87,24,0.3442796380777508,0.48199098581082434,0.018,0.75
S87,25,0.6028543281262619,0.5872108884752183,0.018,0.75
S87,26,0.7057136415994035,0.19821906354181212,0.018,0.75
S87,27,0.4186258728367336,0.4962997485116433,0.018,0.75
S87,28,0.548726142426301,0.6880543550599095,0.018,0.75
S87,29,0.7847865285567626,0.11892731898569273,0.018,0.75
S87,30,0.38332653336539296,0.4372011800547029,0.018,0.75
S87,31,0.549978781179653,0.5427155390307064,0.018,0.75
S87,32,0.6303429845720979,0.2172498183374516,0.018,0.75
S87,33,0.30930672258492925,0.47287385237164875,0.018,0.75
S87,34,0.511031613329968,0.6211613438397477,0.018,0.75
S87,35,0.6710160327893531,0.2364962503879265,0.018,0.75
S87,36,0.3237680374289424,0.4279864822207991,0.018,0.75
S87,37,0.5764207090812712,0.5933261901173552,0.018,0.75
S87,38,0.5233398907609765,0.21793237011458694,0.018,0.75
S87,39,0.4673741665909631,0.5187531330864296,0.018,0.75
S87,40,0.6023581458671554,0.5647500315551793,0.018,0.75
S87,41,0.7189430898882675,0.15798667735306832,0.018,0.75
S87,42,0.48958033025875636,0.4974652137302833,0.018,0.75
S87,43,0.6303882653942128,0.478455113481363,0.018,0.75
S87,44,0.6416409107751484,0.31210609218040275,0.018,0.75
S87,45,0.4310936706305809,0.40514722794412966,0.018,0.75
S87,46,0.4775172424334531,0.5807013033992258,0.018,0.75
S87,47,0.5871753231101581,0.30091694772823957,0.018,0.75
S87,48,0.5565848164257451,0.38075995237324173,0.018,0.75
S87,49,0.559658072235497,0.5411882299149221,0.018,0.75
S87,50,0.7303717959744247,0.24109778059645737,0.018,0.75
S87,51,0.3548403725917709,0.4170091180485946,0.018,0.75
S87,52,0.4728563945727918,0.6861720696102992,0.018,0.75
S87,53,0.6345440042245746,0.26524905978550706,0.018,0.75
S87,54,0.5093658503160933,0.4207721533807241,0.018,0.75
S87,55,0.6352340858794433,0.6346919609987591,0.018,0.75
S87,56,0.7165892354539182,0.1795244467974115,0.018,0.75
S87,57,0.4528712115591672,0.3939637953467458,0.018,0.75
S87,58,0.5585240760693165,0.5782010182731254,0.018,0.75
S87,59,0.7508658189481551,0.3292384467171646,0.018,0.75
S87,60,0.44255842111610844,0.39217975819132433,0.018,0.75
S87,61,0.505338454569112,0.5939640916136106,0.018,0.75
S87,62,0.5698410749256219,0.23014115320469014,0.018,0.75
S87,63,0.366756393686369,0.4135702084861501,0.018,0.75
S87,64,0.5763677216492962,0.5508641538558077,0.018,0.75
S87,65,0.6493277185193337,0.23965758435773435,0.018,0.75
S87,66,0.3551714190949431,0.46621607964604506,0.018,0.75
S87,67,0.6162927031773523,0.49964059437594754,0.018,0.75
S87,68,0.6962999534197437,0.3161100305030824,0.018,0.75
S87,69,0.3969212074997819,0.38811624938339817,0.018,0.75
S87,70,0.5338300802240002,0.5486511563310907,0.018,0.75
S87,71,0.6678136223933218,0.18644094688799473,0.018,0.75
S87,72,0.4141077381411954,0.4492811545031518,0.018,0.75
S87,73,0.6010121635720325,0.5971799998539081,0.018,0.75
S87,74,0.7136582110724075,0.19099540077653177,0.018,0.75
S87,75,0.4437935402830065,0.4494896695073069,0.018,0.75
S87,76,0.4799533397004502,0.5652555382489334,0.018,0.75
S87,77,0.6754932518024108,0.17379287628007797,0.018,0.75
S87,78,0.38663657451092304,0.47442089302638824,0.018,0.75
S87,79,0.5596742916787981,0.4439634500075318,0.018,0.75
S87,80,0.6812225545955585,0.34042881594351393,0.018,0.75
S88,0,0.3465780381783544,0.40463108222576727,0.018,0.75
S88,1,0.5442527557612576,0.6178369904791614,0.018,0.75
S88,2,0.6537868105660264,0.2760801852381682,0.018,0.75
S88,3,0.38159616164686094,0.45663412170447126,0.018,0.75
S88,4,0.5246107346392234,0.5685598211101573,0.018,0.75
S88,5,0.7445467010640778,0.2575029623288673,0.018,0.75
S88,6,0.41562664243526554,0.4623129323414616,0.018,0.75
S88,7,0.5157625889817263,0.4960545005365187,0.018,0.75
S88,8,0.6314006390347655,0.26014362028200777,0.018,0.75
S88,9,0.4964399892923158,0.366817620364553,0.018,0.75
S88,10,0.49436017448153746,0.6366938684027799,0.018,0.75
S88,11,0.7029873213933553,0.23770191049813016,0.018,0.75
S88,12,0.47599961503228344,0.4484525434687311,0.018,0.75
S88,13,0.6076426487377391,0.6194129349386676,0.018,0.75
S88,14,0.736502748462275,0.21319479070816252,0.018,0.75
S88,15,0.27631184373536455,0.5002763774546201,0.018,0.75
S88,16,0.5253703082668737,0.6452529648129119,0.018,0.75
S88,17,0.6478075669454143,0.16547707379847432,0.018,0.75
S88,18,0.44582166467966444,0.3494660814608598,0.018,0.75
S88,19,0.43082675061240794,0.5138195323832887,0.018,0.75
S88,20,0.7333398898786406,0.2703402050407825,0.018,0.75
S88,21,0.3521178543912343,0.4107745038641292,0.018,0.75
S88,22,0.4623235600848804,0.48384797222632536,0.018,0.75
S88,23,0.7115805565182265,0.2826557147036873,0.018,0.75
S88,24,0.46175322954320897,0.47942726028657956,0.018,0.75
S88,25,0.5667926113319844,0.6442948948167418,0.018,0.75
S88,26,0.790877761703601,0.3116401267615791,0.018,0.75
S88,27,0.31703670778249277,0.4536161165519587,0.018,0.75
S88,28,0.5827807270082414,0.5191307645556883,0.018,0.75
S88,29,0.7450791050541167,0.29413292245050826,0.018,0.75
S88,30,0.4654540555910873,0.4084575506425075,0.018,0.75
S88,31,0.673725551744237,0.6530091665986216,0.018,0.75
S88,32,0.7957075889030527,0.32440239313945485,0.018,0.75
S88,33,0.4044098198934518,0.3606198040566928,0.018,0.75
S88,34,0.6634898136393202,0.5396726512568675,0.018,0.75
S88,35,0.6600134682976939,0.4161435719924052,0.018,0.75
S88,36,0.38863666197162355,0.46314307091607504,0.018,0.75
S88,37,0.5290581754021761,0.6299249660505611,0.018,0.75
S88,38,0.6165336097563905,0.29066348477706366,0.018,0.75
S88,39,0.3606552695824911,0.4818060340596434,0.018,0.75
S88,40,0.436717220229807,0.6315904000794829,0.018,0.75
S88,41,0.7719401588840213,0.2921213786893644,0.018,0.75
S88,42,0.45501068096620395,0.5247628265981732,0.018,0.75
S88,43,0.4631670545561607,0.6520172045342427,0.018,0.75
S88,44,0.6397030149082472,0.2635062392812358,0.018,0.75
S88,45,0.3352806059370211,0.41975155033657346,0.018,0.75
S88,46,0.5611065901906592,0.530854822748836,0.018,0.75
S88,47,0.689047821662891,0.24814714225954906,0.018,0.75
S88,48,0.28326643231535886,0.45141825587555845,0.018,0.75
S88,49,0.5324768172575486,0.6582187895614746,0.018,0.75
S88,50,0.658103419589914,0.2971389181389256,0.018,0.75
S88,51,0.34227920820815383,0.47967752399148395,0.018,0.75
S88,52,0.5640215459186599,0.5793771664705722,0.018,0.75
S88,53,0.6434998098105741,0.15480240468690165,0.018,0.75
S88,54,0.41244766620085616,0.4709145644793849,0.018,0.75
S88,55,0.5385593658712008,0.5502882510982033,0.018,0.75
S88,56,0.6188290519830184,0.2005480830602182,0.018,0.75
S88,57,0.4136374455163056,0.4278807828933417,0.018,0.75
S88,58,0.5768658065710902,0.5393975188302741,0.018,0.75
S88,59,0.5791709264471935,0.28793195189587056,0.018,0.75
S88,60,0.29125257043620334,0.44911036575021623,0.018,0.75
S88,61,0.577452576879804,0.5747247063646025,0.018,0.75
S88,62,0.6892923391301006,0.3135129509956527,0.018,0.75
S88,63,0.4088989316443948,0.4617927156542123,0.018,0.75
S88,64,0.48924149942124123,0.6279629269007101,0.018,0.75
S88,65,0.6930246334371347,0.2991413267939521,0.018,0.75
S88,66,0.336021019992897,0.4300124423546575,0.018,0.75
S88,67,0.5306319687836619,0.5194477167199713,0.018,0.75
S88,68,0.6657114745385564,0.2823773211131362,0.018,0.75
S88,69,0.35793652374165286,0.5649510813287075,0.018,0.75
S88,70,0.5777831822591786,0.5151058384557331,0.018,0.75
S88,71,0.7295732199959225,0.22789759454919656,0.018,0.75
S88,72,0.35830159489131314,0.3603100550996059,0.018,0.75
S88,73,0.44466204640534984,0.5894578078270358,0.018,0.75
S88,74,0.7834427130084743,0.2398181807909651,0.018,0.75
S88,75,0.35235864106531695,0.45638489410089594,0.018,0.75
S88,76,0.5509864357716823,0.5748647465654981,0.018,0.75
S88,77,0.6898537675909197,0.17486931417938648,0.018,0.75
S88,78,0.38705692576478956,0.36099317230667377,0.018,0.75
S88,79,0.5069157816864933,0.4710923834876347,0.018,0.75
S88,80,0.6792935733702893,0.17897628580484598,0.018,0.75
S88,81,0.32779069339736594,0.4069119714794949,0.018,0.75
S88,82,0.6377012857527182,0.5592643240020141,0.018,0.75
S88,83,0.749553497564507,0.09624874943075615,0.018,0.75
S88,84,0.3610383636788099,0.472952655462547,0.018,0.75
S88,85,0.4965709874366651,0.4899958548493266,0.018,0.75
S88,86,0.7236138614966185,0.2040258513925604,0.018,0.75
S88,87,0.3835268697975406,0.49195745838010846,0.018,0.75
S88,88,0.60826245113133,0.6407627368349111,0.018,0.75
S88,89,0.6706304319678285,0.29318040462725814,0.018,0.75
S88,90,0.3715155979029367,0.3252026778540815,0.018,0.75
S88,91,0.5334962761511127,0.571216103552017,0.018,0.75
S88,92,0.5707900522686927,0.2368344260439474,0.018,0.75
S88,93,0.37065395965575365,0.4437677314079779,0.018,0.75
S88,94,0.572699409110919,0.5773575703538704,0.018,0.75
S88,95,0.7336108620150066,0.3660986407458269,0.018,0.75
S88,96,0.3710154150574532,0.5117326693537024,0.018,0.75
S88,97,0.5330364350760648,0.602561100475409,0.018,0.75
S88,98,0.6522654201466097,0.23135179405620693,0.018,0.75
S88,99,0.3819825783368006,0.45920712898656535,0.018,0.75
S88,100,0.5349235675731873,0.5611841263057283,0.018,0.75
S88,101,0.5550207590013779,0.26346047729202426,0.018,0.75
S88,102,0.42420579876926423,0.5697157311053365,0.018,0.75
S88,103,0.5280286400161107,0.5468126912060506,0.018,0.75
S88,104,0.645530938310615,0.20501374422789032,0.018,0.75
S88,105,0.4440371902208296,0.4995084673911157,0.018,0.75
S88,106,0.5402163519695028,0.5821747364853038,0.018,0.75
S88,107,0.6870332552747453,0.24106821717307161,0.018,0.75
S88,108,0.3611526031384796,0.3963204725575147,0.018,0.75
S88,109,0.5459170470873541,0.6016416151630005,0.018,0.75
S89,0,0.5668227460017408,0.9529015625515247,0.018,0.75
S89,1,0.6208546940897055,0.14356717624431758,0.018,0.75
S89,2,0.642619451870356,0.29249651456736175,0.018,0.75
S89,3,0.8788230972733162,0.07173823161487666,0.018,0.75
S89,4,0.3992890290327463,0.2509656673980166,0.018,0.75
S89,5,0.2740725449630744,0.8241495518877235,0.018,0.75
S89,6,0.4577935459249308,0.8382914364304024,0.018,0.75
S89,7,0.6281680147218782,0.28776284105406563,0.018,0.75
S89,8,0.7331680919597532,0.14287687314522854,0.018,0.75
S89,9,0.98,0.15454905907747654,0.018,0.75
S89,10,0.25536422962799776,0.32688727018495745,0.018,0.75
S89,11,0.5450819863266178,0.98,0.018,0.75
S89,12,0.37908487587134476,0.7515352658398347,0.018,0.75
S89,13,0.6539223887046643,0.5510447890411045,0.018,0.75
S89,14,0.8368053198090328,0.4334940399127736,0.018,0.75
S89,15,0.98,0.1766248978035308,0.018,0.75
S89,16,0.2426705742933305,0.02,0.018,0.75
S89,17,0.42331915669313785,0.7337371875083625,0.018,0.75
S89,18,0.27108969280965506,0.8113143877932185,0.018,0.75
S89,19,0.8427203353472978,0.1792782389452434,0.018,0.75
S89,20,0.8264267791188742,0.02,0.018,0.75
S89,21,0.857804113966907,0.050512940624270496,0.018,0.75
S89,22,0.20128584426169474,0.02,0.018,0.75
S89,23,0.5058488349205662,0.6987279105532582,0.018,0.75
S89,24,0.1639022694149323,0.6579309736361024,0.018,0.75
S89,25,0.610381629668912,0.24272588342347173,0.018,0.75
S89,26,0.3660130957920804,0.291977366913422,0.018,0.75
S89,27,0.9010256366788223,0.02,0.018,0.75
S90,0,0.3504545808883602,0.3792944834703223,0.018,0.75
S90,1,0.4735763151229069,0.6005345846743255,0.018,0.75
S90,2,0.7028592525142194,0.07755322082185764,0.018,0.75
S90,3,0.3864183521646755,0.40804355685866184,0.018,0.75
S90,4,0.4607822088624574,0.6323004835833614,0.018,0.75
S90,5,0.726715097748489,0.20479349565616292,0.018,0.75
S90,6,0.3891942241970082,0.3895154435311798,0.018,0.75
S90,7,0.5560035748303002,0.6921771322680593,0.018,0.75
S90,8,0.682179810017411,0.32468218978041036,0.018,0.75
S90,9,0.43194432191962984,0.33815355621966425,0.018,0.75
S90,10,0.7069189754758313,0.6935346079660689,0.018,0.75
S90,11,0.716809596996118,0.22321941044618,0.018,0.75
S90,12,0.3769986245778634,0.4138804692535601,0.018,0.75
S90,13,0.6238146622498205,0.5399130875312482,0.018,0.75
S90,14,0.7169390181358185,0.30037330494939707,0.018,0.75
S90,15,0.4184246229305124,0.40104688089625645,0.018,0.75
S90,16,0.5073552048729875,0.4914191232175133,0.018,0.75
S90,17,0.6733338840805505,0.28721271592575165,0.018,0.75
S90,18,0.34138358288331033,0.5018856578178597,0.018,0.75
S90,19,0.5124886980250153,0.6272496590300872,0.018,0.75
S90,20,0.8208487728419307,0.270272391237467,0.018,0.75
S90,21,0.42568301006837284,0.48068493975422566,0.018,0.75
S90,22,0.6022815792530269,0.526890815064316,0.018,0.75
S90,23,0.6573419653622793,0.3511117955813823,0.018,0.75
S90,24,0.4886577080975876,0.48167068467850427,0.018,0.75
S90,25,0.6799305096262276,0.628534291113742,0.018,0.75
S90,26,0.6013202892645573,0.2596231001772561,0.018,0.75
S90,27,0.4160421513751701,0.5013422367796824,0.018,0.75
S90,28,0.48975235422445723,0.6368692214294999,0.018,0.75
S90,29,0.7575087024121026,0.26022108239075786,0.018,0.75
S90,30,0.37006876812291273,0.42217255085138183,0.018,0.75
S90,31,0.5736901966176711,0.5513519431959305,0.018,0.75
S90,32,0.7426841108823496,0.25579360818866514,0.018,0.75
S90,33,0.37170664649814145,0.4279467121526935,0.018,0.75
S90,34,0.5154610627120196,0.56102988975378,0.018,0.75
S90,35,0.6749998836293916,0.3047179594144224,0.018,0.75
S90,36,0.41963636969011325,0.4462676691003403,0.018,0.75
S90,37,0.47850230732266474,0.6232736110720857,0.018,0.75
S90,38,0.6671451575145505,0.13094060353751252,0.018,0.75
S90,39,0.4820370540747869,0.4791758744086234,0.018,0.75
S90,40,0.6196979407416221,0.6535763705048367,0.018,0.75
S90,41,0.7490514073530333,0.14206308063938095,0.018,0.75
S90,42,0.380652164517767,0.4777966916238401,0.018,0.75
S90,43,0.6088531352254747,0.5266677883911925,0.018,0.75
S90,44,0.7341730640317033,0.281696757536772,0.018,0.75
S90,45,0.5140425356907601,0.4281123233132698,0.018,0.75
S90,46,0.6231296615950221,0.5725559231410782,0.018,0.75
S90,47,0.721247524519477,0.2633854843249918,0.018,0.75
S90,48,0.34786260891717913,0.5083882231483549,0.018,0.75
S90,49,0.5480419949968759,0.5997233851602842,0.018,0.75
S90,50,0.6060618181057229,0.2901304827798775,0.018,0.75
S90,51,0.4787046140705674,0.4357200430603187,0.018,0.75
S91,0,0.4042942893535446,0.4583023290597081,0.018,0.75
S91,1,0.4975664435209259,0.6042164324736834,0.018,0.75
S91,2,0.7516276236587905,0.266057266849931,0.018,0.75
S91,3,0.35128172127832946,0.4414866360835943,0.018,0.75
S91,4,0.5131428561438638,0.6077111524861339,0.018,0.75
S91,5,0.6746723541505795,0.20624579490714823,0.018,0.75
S91,6,0.3286871176864844,0.3805529672784487,0.018,0.75
S91,7,0.47092490442674423,0.6081301026178718,0.018,0.75
S91,8,0.6360811728746305,0.3291003187805811,0.018,0.75
S91,9,0.4061532572273313,0.4829273048003538,0.018,0.75
S91,10,0.7140690706163411,0.5742638107895741,0.018,0.75
S91,11,0.6991027189299929,0.2401595045611464,0.018,0.75
S91,12,0.4142143638973791,0.3908908727386172,0.018,0.75
S91,13,0.4736447818874592,0.5363427198154931,0.018,0.75
S91,14,0.7524745228425063,0.3193721450518617,0.018,0.75
S91,15,0.3876495772074948,0.5359245252949273,0.018,0.75
S91,16,0.6621200417462102,0.5201061550229542,0.018,0.75
S91,17,0.6104717539698508,0.3053062162988247,0.018,0.75
S91,18,0.32634859620171663,0.4557918832616195,0.018,0.75
S91,19,0.6189682011350586,0.5264016612886872,0.018,0.75
S91,20,0.7254711546345682,0.30574324071477255,0.018,0.75
S91,21,0.3934467296073247,0.5055904421013939,0.018,0.75
S91,22,0.526855289652133,0.587082390710951,0.018,0.75
S91,23,0.8298957506562372,0.2360247912377605,0.018,0.75
S91,24,0.3924815126690732,0.4020590808769028,0.018,0.75
S91,25,0.4911645076377819,0.5429878464093609,0.018,0.75
S91,26,0.6577186215313395,0.2537091421720372,0.018,0.75
S91,27,0.3822886455574069,0.5446332429885756,0.018,0.75
S91,28,0.5001156374583358,0.5084367510074643,0.018,0.75
S91,29,0.6685262992601586,0.2542884223603717,0.018,0.75
S91,30,0.41773534331644646,0.4024552931195384,0.018,0.75
S91,31,0.47451880435118476,0.6096802760792205,0.018,0.75
S91,32,0.6709333316162078,0.32213491170696873,0.018,0.75
S91,33,0.38409208989752264,0.3680295129811598,0.018,0.75
S91,34,0.4801872128086757,0.5944486624659133,0.018,0.75
S91,35,0.8385069200462816,0.14598240108640134,0.018,0.75
S91,36,0.449808198435091,0.3922321587460719,0.018,0.75
S91,37,0.5375569379517512,0.4987780544059479,0.018,0.75
S91,38,0.6904821561473058,0.2062536480036667,0.018,0.75
S91,39,0.3244779126582199,0.6149165089696075,0.018,0.75
S91,40,0.5016865032248151,0.5739484276813015,0.018,0.75
S91,41,0.7302232245796383,0.19678209241742925,0.018,0.75
S91,42,0.47945362403040376,0.49613699128185496,0.018,0.75
S91,43,0.5712088108611066,0.5850652825906059,0.018,0.75
S91,44,0.7784157771876896,0.297558624560005,0.018,0.75
S91,45,0.2572243978083504,0.31959213433316863,0.018,0.75
S91,46,0.603133512830912,0.5064860243813837,0.018,0.75
S91,47,0.8062595334633862,0.30872378563730146,0.018,0.75
S91,48,0.3721143728166422,0.5009540141504425,0.018,0.75
S91,49,0.601166821906852,0.5888905862090648,0.018,0.75
S91,50,0.6686418091494571,0.23829065813039732,0.018,0.75
S91,51,0.41922133333995876,0.37483439345162733,0.018,0.75
S91,52,0.3790436120066785,0.6301660548008943,0.018,0.75
S91,53,0.7701918031828756,0.23233943290900494,0.018,0.75
S91,54,0.4180940476102353,0.4566693187753725,0.018,0.75
S91,55,0.5907360448636845,0.6587142715377371,0.018,0.75
S91,56,0.6717378175154748,0.25343370249208347,0.018,0.75
S91,57,0.428411435177632,0.44921350962793405,0.018,0.75
S91,58,0.5490690969485043,0.6383471498600272,0.018,0.75
S91,59,0.6279086768049065,0.2385650867729602,0.018,0.75
S91,60,0.40546959587077513,0.45045840810189125,0.018,0.75
S91,61,0.5421157293025054,0.49908521412793916,0.018,0.75
S91,62,0.7021652626203122,0.227850939163556,0.018,0.75
S91,63,0.39140339038981076,0.43072544436589494,0.018,0.75
S91,64,0.5842705818913662,0.5682637618112578,0.018,0.75
S91,65,0.7018481554126573,0.3214326083205648,0.018,0.75
S91,66,0.3579812772027559,0.551686253928409,0.018,0.75
S91,67,0.49984733355370864,0.6013236989254802,0.018,0.75
S91,68,0.6526338035092327,0.2550871280413901,0.018,0.75
S91,69,0.3519362889230517,0.39899592772874826,0.018,0.75
S91,70,0.47632738358664806,0.5221032408200776,0.018,0.75
S91,71,0.7778480241001767,0.2201966512679991,0.018,0.75
S91,72,0.44941833739136794,0.5387885228867998,0.018,0.75
S91,73,0.5425514844973072,0.512870463052479,0.018,0.75
S91,74,0.7068710681123326,0.37698068991662026,0.018,0.75
S91,75,0.3745841063744311,0.4475532736289379,0.018,0.75
S91,76,0.6949989864029352,0.5555947974671581,0.018,0.75
S91,77,0.7341601522323419,0.17362644458777926,0.018,0.75
S91,78,0.4266957219726046,0.40999814801590845,0.018,0.75
S91,79,0.4492861772289857,0.5360110643716527,0.018,0.75
S91,80,0.5907635348577726,0.2264958242050769,0.018,0.75
S92,0,0.19833415165355106,0.7419582072622565,0.018,0.75
S92,1,0.6817647179471332,0.33445757829677336,0.018,0.75
S92,2,0.8084772463127434,0.7743484253077211,0.018,0.75
S92,3,0.22792221646082678,0.3686328145333881,0.018,0.75
S92,4,0.7788689250089327,0.07064996451358718,0.018,0.75
S92,5,0.6932928147286559,0.49515290717765953,0.018,0.75
S92,6,0.14627847207603029,0.98,0.018,0.75
S92,7,0.760511167187256,0.5914401111814493,0.018,0.75
S92,8,0.7229718921168676,0.7854839673299436,0.018,0.75
S92,9,0.17615002074659014,0.6084948908352618,0.018,0.75
S92,10,0.44441751179543615,0.03712616167800495,0.018,0.75
S92,11,0.36875019536039977,0.8462715420763249,0.018,0.75
S92,12,0.02,0.98,0.018,0.75
S92,13,0.587318689734795,0.28271410044616485,0.018,0.75
S92,14,0.33017150359690095,0.48480445271456185,0.018,0.75
S92,15,0.4441740909018288,0.6875601712232051,0.018,0.75
S92,16,0.942517935720412,0.02,0.018,0.75
S92,17,0.34089433745832853,0.9244816814542252,0.018,0.75
S92,18,0.19412869758403134,0.925039429050123,0.018,0.75
S92,19,0.6171396973025819,0.1687032234407212,0.018,0.75
S92,20,0.3614127915700248,0.8672215560799111,0.018,0.75
S92,21,0.6183043802923174,0.598997437594748,0.018,0.75
S92,22,0.7925847650130645,0.08763669505104588,0.018,0.75
S92,23,0.4705592907697691,0.7402346600700672,0.018,0.75
S92,24,0.06587563317393673,0.98,0.018,0.75
S92,25,0.9039897012993271,0.20895989706102802,0.018,0.75
S92,26,0.42827298329307106,0.6088066978635692,0.018,0.75
S92,27,0.21783957723252473,0.38322780390680844,0.018,0.75
S92,28,0.8383843839054415,0.17750370202593968,0.018,0.75
S92,29,0.5397266482089197,0.5320856311118315,0.018,0.75
S92,30,0.02,0.9609881669100004,0.018,0.75
S92,31,0.6676354706741571,0.40214612403470973,0.018,0.75
S92,32,0.38786948370574115,0.8836150658097116,0.018,0.75
S92,33,0.32696340853867284,0.3822009000099671,0.018,0.75
S92,34,0.874280668007738,0.02,0.018,0.75
S92,35,0.2891730397298119,0.7073480728137669,0.018,0.75
S92,36,0.27520369886814133,0.98,0.018,0.75
S92,37,0.6537139918340147,0.23830788620680515,0.018,0.75
S92,38,0.5763656212878651,0.9385537536967942,0.018,0.75
S92,39,0.18681240997073498,0.45538458761878836,0.018,0.75
S92,40,0.7547293434153866,0.02209150231853528,0.018,0.75
S92,41,0.4091136299010426,0.413311638492187,0.018,0.75
S92,42,0.22279037959193176,0.7636305892799501,0.018,0.75
S92,43,0.5336617112386415,0.2302040700800857,0.018,0.75
S92,44,0.38703550020555055,0.6974061699829065,0.018,0.75
S92,45,0.584187254320764,0.6341842769072303,0.018,0.75
S92,46,0.7935035007944634,0.2655380816654972,0.018,0.75
S92,47,0.6453789290209659,0.5673171777216912,0.018,0.75
S92,48,0.3419449716597672,0.7490287142699967,0.018,0.75
S92,49,0.7276383098856074,0.19681594940832342,0.018,0.75
S92,50,0.5079076206021387,0.6650024237992084,0.018,0.75
S92,51,0.3926420034518486,0.588351884105988,0.018,0.75
S92,52,0.37319551251900823,0.02,0.018,0.75
S92,53,0.5163519853637434,0.4252447129528738,0.018,0.75
S92,54,0.02,0.8669772968012884,0.018,0.75
S92,55,0.9373031214529982,0.12001645164616981,0.018,0.75
S92,56,0.628226819542072,0.8342226619632509,0.018,0.75
S92,57,0.28794932732582257,0.8207273564156199,0.018,0.75
S92,58,0.7049807357106961,0.02,0.018,0.75
S92,59,0.44919338056345554,0.44935086300964233,0.018,0.75
S92,60,0.02,0.98,0.018,0.75
S92,61,0.7869505453024263,0.22431258546945423,0.018,0.75
S92,62,0.36055622615717553,0.5741920050381081,0.018,0.75
S92,63,0.3548620060271291,0.3787287091058723,0.018,0.75
S92,64,0.960738707951466,0.02,0.018,0.75
S92,65,0.5813184050774938,0.4042497487551775,0.018,0.75
S92,66,0.02,0.6792707760473576,0.018,0.75
S92,67,0.7909142489418131,0.253111235565013,0.018,0.75
S92,68,0.14416595022333017,0.6511637104068848,0.018,0.75
S92,69,0.30543281276560125,0.5575296105255811,0.018,0.75
S92,70,0.7702848378866521,0.02,0.018,0.75
S92,71,0.46450251141776433,0.30771984206105696,0.018,0.75
S92,72,0.22898744223419903,0.7200775341855935,0.018,0.75
S92,73,0.98,0.29705198167098257,0.018,0.75
S92,74,0.34155907264678975,0.7152396687664359,0.018,0.75
S92,75,0.4274463009660716,0.8644731605162929,0.018,0.75
S92,76,0.5277307752088166,0.06755736042669958,0.018,0.75
S92,77,0.4474532129489074,0.5733056433457215,0.018,0.75
S92,78,0.02,0.8671336293489439,0.018,0.75
S92,79,0.98,0.742949650909682,0.018,0.75
S92,80,0.4995954326499006,0.98,0.018,0.75
S92,81,0.3582535095842921,0.8253611729745407,0.018,0.75
S92,82,0.98,0.23906097655788475,0.018,0.75
S92,83,0.2181557299037915,0.6863570572930401,0.018,0.75
S92,84,0.02,0.9069810038667228,0.018,0.75
S92,85,0.767584575299179,0.2268968232348846,0.018,0.75
S92,86,0.4330475840446761,0.5356063457164786,0.018,0.75
S92,87,0.18746560316802044,0.6297069447007885,0.018,0.75
S92,88,0.4593944716137667,0.02,0.018,0.75
S92,89,0.4346137596987212,0.6491780761342554,0.018,0.75
S92,90,0.32431150599976744,0.6927440425103137,0.018,0.75
S92,91,0.46385211868865067,0.23145623415105207,0.018,0.75
S92,92,0.4826920729239004,0.7671276753221242,0.018,0.75
S92,93,0.2881140973138119,0.5015385534131337,0.018,0.75
S92,94,0.26899435788193504,0.2072297473977595,0.018,0.75
S92,95,0.5732220655467467,0.7580526327374074,0.018,0.75
S92,96,0.37276764531413853,0.98,0.018,0.75
S92,97,0.7194401521965564,0.22665777516984614,0.018,0.75
S92,98,0.3811024813112011,0.7279655167413803,0.018,0.75
S92,99,0.4172858568187977,0.5590758045197788,0.018,0.75
S92,100,0.7331859094731614,0.02,0.018,0.75
S92,101,0.3398310361155017,0.98,0.018,0.75
S92,102,0.13894993060951025,0.7554709477094448,0.018,0.75
S92,103,0.9506853835629604,0.49980861424398865,0.018,0.75
S92,104,0.5630628149960349,0.5934800216240944,0.018,0.75
S92,105,0.4626580050075192,0.45967654301036237,0.018,0.75
S92,106,0.6476813580849093,0.1256363654154527,0.018,0.75
S92,107,0.2919842535800372,0.5163763605579387,0.018,0.75
S92,108,0.0703645163058222,0.98,0.018,0.75
S92,109,0.8059689631073216,0.4414072191280731,0.018,0.75
S93,0,0.38223715116422147,0.4452919082908009,0.018,0.75
S93,1,0.5132470871004984,0.5543272305516802,0.018,0.75
S93,2,0.6874204484820876,0.30726446486902903,0.018,0.75
S93,3,0.40933097556419107,0.3531961566495416,0.018,0.75
S93,4,0.5354658886691928,0.5701894347634175,0.018,0.75
S93,5,0.7549940030931295,0.26959882145311254,0.018,0.75
S93,6,0.375629712076904,0.4889083039725219,0.018,0.75
S93,7,0.5413469421595245,0.6132254954602628,0.018,0.75
S93,8,0.7323574304990846,0.259913260207879,0.018,0.75
S93,9,0.39083225487184314,0.4428115634951795,0.018,0.75
S93,10,0.5982900163678628,0.5322276647042152,0.018,0.75
S93,11,0.7622252487689842,0.29181047237607766,0.018,0.75
S93,12,0.35775585934748144,0.49063814152762797,0.018,0.75
S93,13,0.4629255888191419,0.6497180458989705,0.018,0.75
S93,14,0.6735203748670454,0.3135504836498355,0.018,0.75
S93,15,0.379952408252579,0.4385434621529467,0.018,0.75
S93,16,0.536535592370653,0.6336671345222615,0.018,0.75
S93,17,0.7703689711118927,0.27683087966266445,0.018,0.75
S93,18,0.4677869382885776,0.5619034436149865,0.018,0.75
S93,19,0.5596135147883299,0.6524789933846251,0.018,0.75
S93,20,0.7667273304110395,0.32534600784613443,0.018,0.75
S93,21,0.30623027744555376,0.45349053979588094,0.018,0.75
S93,22,0.6379852276644011,0.6031592623914274,0.018,0.75
S93,23,0.6269649067390336,0.1595320686558956,0.018,0.75
S93,24,0.4649398955457974,0.5624563839874775,0.018,0.75
S93,25,0.5706231680344332,0.6859223221217143,0.018,0.75
S93,26,0.6644879791596972,0.24584926005245264,0.018,0.75
S93,27,0.3891508386385636,0.5116499080599312,0.018,0.75
S94,0,0.438019728513501,0.432917193956892,0.018,0.75
S94,1,0.6265996177630507,0.5321170762280015,0.018,0.75
S94,2,0.7350567558791087,0.23357480375866355,0.018,0.75
S94,3,0.3763578287971145,0.48366336688466327,0.018,0.75
S94,4,0.5149493746684564,0.5852803161823373,0.018,0.75
S94,5,0.7535400811639812,0.20295640652137328,0.018,0.75
S94,6,0.4885007612878887,0.5222713776581298,0.018,0.75
S94,7,0.5961897076327834,0.5661280972204197,0.018,0.75
S94,8,0.7697316436358983,0.2606916886875446,0.018,0.75
S94,9,0.38228282400289315,0.42996133802231395,0.018,0.75
S94,10,0.6204790494952364,0.5918640286583724,0.018,0.75
S94,11,0.7038185817861311,0.23153541843810888,0.018,0.75
S94,12,0.29497669629220824,0.4772474552304702,0.018,0.75
S94,13,0.571101791730616,0.5807516574054464,0.018,0.75
S94,14,0.6391359486618232,0.27419748313888154,0.018,0.75
S94,15,0.36927406990888134,0.49991638819757106,0.018,0.75
S94,16,0.49298203573677113,0.5505010255811039,0.018,0.75
S94,17,0.6888168078126717,0.16493176268395665,0.018,0.75
S94,18,0.44979143504001606,0.39703481370185856,0.018,0.75
S94,19,0.5485367610225513,0.6187533734076711,0.018,0.75
S94,20,0.7365171540109383,0.23926759965382274,0.018,0.75
S94,21,0.33829807741239704,0.4067918685107841,0.018,0.75
S94,22,0.4509088219849663,0.5945605567497776,0.018,0.75
S94,23,0.7267865001426442,0.2819364236021053,0.018,0.75
S94,24,0.3492489503270613,0.44773130261325494,0.018,0.75
S94,25,0.4907806211790134,0.54186326344212,0.018,0.75
S94,26,0.7494458259770043,0.28933625798810475,0.018,0.75
S94,27,0.386585457498341,0.40334421038720647,0.018,0.75
S94,28,0.44930972070720093,0.5411210825883461,0.018,0.75
S94,29,0.7141136635024323,0.275091170472627,0.018,0.75
S94,30,0.37754646476548737,0.5153331998140533,0.018,0.75
S94,31,0.5461720260345859,0.6680866871067982,0.018,0.75
S94,32,0.6963732607321065,0.24284472477824434,0.018,0.75
S94,33,0.4524083455988431,0.4610207678870529,0.018,0.75
S94,34,0.6387982924406719,0.6376354778777503,0.018,0.75
S94,35,0.6847026573519075,0.34959106172514987,0.018,0.75
S94,36,0.4830696456104827,0.5205490351747506,0.018,0.75
S94,37,0.5980748860265879,0.60335798380908,0.018,0.75
S94,38,0.7137931673537691,0.33774542354120535,0.018,0.75
S94,39,0.37647843630266087,0.5304463690774873,0.018,0.75
S94,40,0.49819050044878904,0.5797721227632773,0.018,0.75
S94,41,0.7666026434561853,0.22894722133552847,0.018,0.75
S94,42,0.37741799989439206,0.4294713261309499,0.018,0.75
S94,43,0.5103489998385737,0.67681723313113,0.018,0.75
S94,44,0.7690596436801292,0.2711199018950929,0.018,0.75
S94,45,0.46191839386440087,0.4207613546835559,0.018,0.75
S94,46,0.5456534664984103,0.5715849905424437,0.018,0.75
S94,47,0.6601275213759757,0.23894094742146765,0.018,0.75
S94,48,0.3452518987516751,0.43204489747922425,0.018,0.75
S94,49,0.5289294599448864,0.5301593860954202,0.018,0.75
S94,50,0.6422017942902278,0.26133944417033084,0.018,0.75
S94,51,0.29136886522313743,0.4277874703865121,0.018,0.75
S95,0,0.8453728413187125,0.6988685232643307,0.018,0.75
S95,1,0.24264044711584104,0.4361295121353106,0.018,0.75
S95,2,0.5695682077597701,0.4286108461139033,0.018,0.75
S95,3,0.7848016867780422,0.18483601117453385,0.018,0.75
S95,4,0.030656889069371945,0.347528036086602,0.018,0.75
S95,5,0.8529914615660554,0.7288506392258415,0.018,0.75
S95,6,0.7938957376108454,0.7735002408438488,0.018,0.75
S95,7,0.3217370601328168,0.9385025820479111,0.018,0.75
S95,8,0.98,0.30169283731786967,0.018,0.75
S95,9,0.7929151767705306,0.11703733179928583,0.018,0.75
S95,10,0.15543257408439137,0.3689646482251986,0.018,0.75
S95,11,0.4482613093089884,0.8713715266765278,0.018,0.75
S95,12,0.36844415226877425,0.2827236503914786,0.018,0.75
S95,13,0.29005947515989317,0.4567606174956763,0.018,0.75
S95,14,0.7444720505846638,0.12793446791243399,0.018,0.75
S95,15,0.7298624940912981,0.13082347733187738,0.018,0.75
S95,16,0.061397620514291484,0.22378197264675642,0.018,0.75
S95,17,0.5875933805183507,0.98,0.018,0.75
S95,18,0.5241931971127353,0.6669161373783814,0.018,0.75
S95,19,0.09927383472119658,0.6436247762851003,0.018,0.75
S95,20,0.699805113890275,0.46395938133602305,0.018,0.75
S95,21,0.98,0.02,0.018,0.75
S95,22,0.02,0.6392584383390146,0.018,0.75
S95,23,0.25329738697295556,0.7454133362380334,0.018,0.75
S95,24,0.9770553887759179,0.7360476526987118,0.018,0.75
S95,25,0.24032972012572865,0.98,0.018,0.75
S95,26,0.6523110673008102,0.02,0.018,0.75
S95,27,0.8176532091383862,0.02,0.018,0.75
S95,28,0.22174967890267686,0.5611535863800892,0.018,0.75
S95,29,0.8880718292064457,0.5300970859679136,0.018,0.75
S95,30,0.34232617252124903,0.47424705180083443,0.018,0.75
S95,31,0.3114355972198556,0.51109689773789,0.018,0.75
S95,32,0.8456005690047547,0.339815350764066,0.018,0.75
S95,33,0.747336549671408,0.03550517642210112,0.018,0.75
S95,34,0.35132307358662956,0.46308091881341584,0.018,0.75
S95,35,0.8225462685153098,0.3413407915856015,0.018,0.75
S95,36,0.3270182340659089,0.5193575270289297,0.018,0.75
S95,37,0.1571387778554612,0.7649429669035533,0.018,0.75
S95,38,0.8343954291835928,0.3682531025758543,0.018,0.75
S95,39,0.645436424763806,0.4637397266615372,0.018,0.75
S95,40,0.22312623516709296,0.3714485317310672,0.018,0.75
S95,41,0.4279637808792526,0.6251670595734033,0.018,0.75
S95,42,0.5185145943297075,0.46043026550447763,0.018,0.75
S95,43,0.1012188401957061,0.41438171037200766,0.018,0.75
S95,44,0.6984514266956958,0.11532422679495938,0.018,0.75
S95,45,0.98,0.06096221551371237,0.018,0.75
S95,46,0.11772827507429746,0.28666960858891344,0.018,0.75
S95,47,0.3969913011503081,0.7905596937263102,0.018,0.75
S95,48,0.6102678756471263,0.42577938446817304,0.018,0.75
S95,49,0.08013164085933111,0.7962080100129549,0.018,0.75
S95,50,0.8795981327732293,0.02,0.018,0.75
S95,51,0.9575513619573484,0.33333659128906046,0.018,0.75
S95,52,0.4035591590280978,0.7720639262343345,0.018,0.75
S95,53,0.2558641681473779,0.6817694314350391,0.018,0.75
S95,54,0.04540037914425443,0.4824959983433266,0.018,0.75
S95,55,0.46941043257497206,0.7543608286993259,0.018,0.75
S95,56,0.734087948923537,0.02,0.018,0.75
S95,57,0.8991805906999666,0.02,0.018,0.75
S95,58,0.02,0.520677463509932,0.018,0.75
S95,59,0.3244835223954409,0.6095496330468091,0.018,0.75
S95,60,0.44822184822647326,0.598422708351201,0.018,0.75
S95,61,0.5867218760447055,0.6948126582522621,0.018,0.75
S95,62,0.6154296188118111,0.060578132930538,0.018,0.75
S95,63,0.8674161257403674,0.494464417698184,0.018,0.75
S95,64,0.02,0.7443793967740449,0.018,0.75
S95,65,0.36861387708818005,0.8548221573534339,0.018,0.75
S95,66,0.6059784291116068,0.1717185936038142,0.018,0.75
S95,67,0.30175668150291796,0.45776488482490413,0.018,0.75
S95,68,0.7084492644504546,0.1447470618522596,0.018,0.75
S95,69,0.688397876971443,0.02,0.018,0.75
S95,70,0.09970619847636059,0.3637347343221666,0.018,0.75
S95,71,0.4833507122391986,0.7221467832789146,0.018,0.75
S95,72,0.5239252831591127,0.4804593039450844,0.018,0.75
S95,73,0.15283582859809247,0.6929676174468529,0.018,0.75
S95,74,0.800094908199762,0.22387589326060675,0.018,0.75
S95,75,0.6685449511292366,0.02,0.018,0.75
S95,76,0.14216927391560763,0.7498590399041364,0.018,0.75
S95,77,0.7787970936340215,0.7099855839874629,0.018,0.75
S95,78,0.7758573738797838,0.4762491837468239,0.018,0.75
S95,79,0.42723599098270904,0.6254637330181827,0.018,0.75
S95,80,0.6350565667368395,0.02,0.018,0.75
S96,0,0.3148770812223346,0.42141759592495825,0.018,0.75
S96,1,0.5251575653194741,0.6279601505834116,0.018,0.75
S96,2,0.6896023486490263,0.22738260627154647,0.018,0.75
S96,3,0.5065475181409191,0.482124454968202,0.018,0.75
S96,4,0.4907304793554796,0.625706430676142,0.018,0.75
S96,5,0.7310326953715784,0.1808759714644118,0.018,0.75
S96,6,0.28747352704189594,0.44235580796868096,0.018,0.75
S96,7,0.5699246478370587,0.5033252432364794,0.018,0.75
S96,8,0.5374005591392381,0.3680906957761405,0.018,0.75
S96,9,0.3358887919806563,0.4713389256592511,0.018,0.75
S96,10,0.6058417726339622,0.48775021007024544,0.018,0.75
S96,11,0.7013866969384098,0.26331108412425097,0.018,0.75
S96,12,0.5398423826836425,0.4733554403168891,0.018,0.75
S96,13,0.6547799271067745,0.637865717782892,0.018,0.75
S96,14,0.7660122787659382,0.19501911114370854,0.018,0.75
S96,15,0.3691191808293692,0.481150789884352,0.018,0.75
S96,16,0.5286365454069828,0.5806613093813822,0.018,0.75
S96,17,0.7100102433005486,0.32466500588067654,0.018,0.75
S96,18,0.37613000837310423,0.525778692553931,0.018,0.75
S96,19,0.5749254943765584,0.5750811368706826,0.018,0.75
S96,20,0.6910488155917955,0.3188222650033635,0.018,0.75
S96,21,0.4344942080171541,0.458222917614427,0.018,0.75
S96,22,0.5138240101407421,0.5794104526592057,0.018,0.75
S96,23,0.6677527447377636,0.29094389799585074,0.018,0.75
S96,24,0.36587118170427974,0.5462088579242115,0.018,0.75
S96,25,0.5451615125462361,0.6166881732658667,0.018,0.75
S96,26,0.6881027251136278,0.2825242649474141,0.018,0.75
S96,27,0.4145697233396597,0.30868410711401517,0.018,0.75
S96,28,0.5780162515256551,0.6350689644547968,0.018,0.75
S96,29,0.7451180690545118,0.2995168236455389,0.018,0.75
S96,30,0.3817881896828171,0.5546911608459624,0.018,0.75
S96,31,0.6146412374707022,0.6035521450899639,0.018,0.75
S96,32,0.680529747938752,0.24045195724782623,0.018,0.75
S96,33,0.3855705604251507,0.45896117430420846,0.018,0.75
S96,34,0.5404211397081041,0.6624375667616662,0.018,0.75
S96,35,0.7460087555603371,0.2134592340628175,0.018,0.75
S96,36,0.37933612888038126,0.44019557922269686,0.018,0.75
S96,37,0.5405669245364642,0.5049960394320833,0.018,0.75
S96,38,0.7814316770290215,0.33950420566617834,0.018,0.75
S96,39,0.39375378013870455,0.4674633080584873,0.018,0.75
S96,40,0.5557222397338722,0.5326533069333569,0.018,0.75
S96,41,0.7812391264228924,0.2665495265480818,0.018,0.75
S96,42,0.35533922014162994,0.49479196679209214,0.018,0.75
S96,43,0.4580526473056606,0.5061717291950928,0.018,0.75
S96,44,0.6362197277558501,0.33162431323226893,0.018,0.75
S96,45,0.47353049977204026,0.4574927029535975,0.018,0.75
S96,46,0.6521533827226433,0.551707597696009,0.018,0.75
S96,47,0.7503374657797842,0.18349509441548595,0.018,0.75
S96,48,0.3611836337103576,0.45155338160248576,0.018,0.75
S96,49,0.5644209300517523,0.581573721730642,0.018,0.75
S96,50,0.743413090152668,0.22379745761914582,0.018,0.75
S96,51,0.31760236594961694,0.34953426124555254,0.018,0.75
S96,52,0.47220387817923976,0.600216645980959,0.018,0.75
S96,53,0.6769523150389504,0.285555970318151,0.018,0.75
S96,54,0.3439733320363845,0.3543632613427448,0.018,0.75
S96,55,0.6021102998739764,0.5888414561488282,0.018,0.75
S96,56,0.6445834900624541,0.3213469379092354,0.018,0.75
S96,57,0.4094111857169428,0.3877066290039017,0.018,0.75
S96,58,0.617196984507951,0.5203070064397001,0.018,0.75
S96,59,0.6651793397173721,0.17933147130933855,0.018,0.75
S96,60,0.46804581248927907,0.5244904013715272,0.018,0.75
S96,61,0.569658596628891,0.5900054328172492,0.018,0.75
S96,62,0.7678540876486921,0.2662602738782719,0.018,0.75
S96,63,0.2468425100946096,0.45070535317008853,0.018,0.75
S96,64,0.5431788569818995,0.61933560033858,0.018,0.75
S96,65,0.6205287951231188,0.24586912011282785,0.018,0.75
S96,66,0.3751403606761959,0.45536914274750506,0.018,0.75
S96,67,0.6194396215873792,0.6046407713711225,0.018,0.75
S96,68,0.622788334292402,0.23323446618661822,0.018,0.75
S96,69,0.4049319478253532,0.39061735612621495,0.018,0.75
S96,70,0.5303971533125101,0.5590086972464497,0.018,0.75
S96,71,0.7751660732619382,0.27741154272018365,0.018,0.75
S96,72,0.37386957078807703,0.4044603414888819,0.018,0.75
S96,73,0.5420715495905798,0.5547201563321531,0.018,0.75
S96,74,0.7016839714893881,0.2572439681971466,0.018,0.75
S96,75,0.3215787374126331,0.48067222307445456,0.018,0.75
S96,76,0.5402666987781563,0.5603054164581015,0.018,0.75
S96,77,0.7262227592851573,0.2855349206404127,0.018,0.75
S96,78,0.4227031840501521,0.4548615474819291,0.018,0.75
S96,79,0.5456104921147298,0.5858940588258094,0.018,0.75
S96,80,0.6647992477278591,0.19980368546986194,0.018,0.75
S96,81,0.4395731759158282,0.4414605037890054,0.018,0.75
S96,82,0.5973071766998806,0.5441883146908253,0.018,0.75
S96,83,0.5761618884371709,0.34467997264479633,0.018,0.75
S96,84,0.39826829186240253,0.3765476254234366,0.018,0.75
S96,85,0.5476231851305524,0.5153577649484596,0.018,0.75
S96,86,0.6724363889794811,0.19907821925049624,0.018,0.75
S96,87,0.357958496968416,0.5103075123724133,0.018,0.75
S96,88,0.5042870688238387,0.5858749208876873,0.018,0.75
S96,89,0.6818145885363054,0.20322731015743964,0.018,0.75
S96,90,0.3034112742126723,0.48496836784062625,0.018,0.75
S96,91,0.5249852728320338,0.7190927474688227,0.018,0.75
S96,92,0.7510116100010081,0.298664641310269,0.018,0.75
S96,93,0.3846529220852055,0.5151688176003234,0.018,0.75
S96,94,0.5188054842480427,0.5179082950104517,0.018,0.75
S96,95,0.7073808582516358,0.3377987597271658,0.018,0.75
S96,96,0.4534755027781422,0.3944514102910017,0.018,0.75
S96,97,0.5949396061949008,0.5320520100041577,0.018,0.75
S96,98,0.607909419611181,0.3081867356094285,0.018,0.75
S96,99,0.416965938431269,0.4196425536751793,0.018,0.75
S96,100,0.5378820245746986,0.481830076221031,0.018,0.75
S96,101,0.606247827078461,0.25551597735907977,0.018,0.75
S96,102,0.36321380919308444,0.5245836702416928,0.018,0.75
S96,103,0.5521708876053062,0.5928363887917835,0.018,0.75
S96,104,0.6925583990845745,0.23802302999859942,0.018,0.75
S96,105,0.4048541641498161,0.5100371293766941,0.018,0.75
S96,106,0.6665926686671724,0.5879627529130781,0.018,0.75
S96,107,0.7046305902876175,0.3089589760405619,0.018,0.75
S96,108,0.3556717812896977,0.400251010208726,0.018,0.75
S96,109,0.524940407884067,0.590634838828321,0.018,0.75
S97,0,0.43572004870416364,0.43751695970328924,0.018,0.75
S97,1,0.5095052886470146,0.6212077588077662,0.018,0.75
S97,2,0.6218436522051837,0.2631183386044368,0.018,0.75
S97,3,0.4252113183617257,0.4254067372862928,0.018,0.75
S97,4,0.6637173714599807,0.5979264166587848,0.018,0.75
S97,5,0.7455585627815312,0.2344671904926933,0.018,0.75
S97,6,0.40026023954125495,0.4213145062434446,0.018,0.75
S97,7,0.550962644464027,0.5568629873003509,0.018,0.75
S97,8,0.6759724387633386,0.23538564255898933,0.018,0.75
S97,9,0.3657602124730243,0.5290196737509144,0.018,0.75
S97,10,0.4715541418286079,0.5216283535676354,0.018,0.75
S97,11,0.690950391025196,0.23585846895661325,0.018,0.75
S97,12,0.28636616865957953,0.47440307597372383,0.018,0.75
S97,13,0.6772809877199155,0.45226001596539517,0.018,0.75
S97,14,0.6662693835699377,0.15953854372855153,0.018,0.75
S97,15,0.4436004698175596,0.4475770249128363,0.018,0.75
S97,16,0.583140060176632,0.5895171091847955,0.018,0.75
S97,17,0.6588934880760347,0.2778931784503557,0.018,0.75
S97,18,0.3541367526397313,0.43992007590597565,0.018,0.75
S97,19,0.5633032581969494,0.5156775337380981,0.018,0.75
S97,20,0.7495692299886585,0.1421578099515353,0.018,0.75
S97,21,0.3482206704828422,0.5673928411863631,0.018,0.75
S97,22,0.511179313626456,0.5291879084477911,0.018,0.75
S97,23,0.7688517000836074,0.3252789917696558,0.018,0.75
S97,24,0.3728069788903867,0.46857736647414877,0.018,0.75
S97,25,0.5726915618781736,0.6922138460785718,0.018,0.75
S97,26,0.696393472817002,0.34929453200940996,0.018,0.75
S97,27,0.30666257756122983,0.3153220299682743,0.018,0.75
S98,0,0.8006498887946923,0.02,0.018,0.75
S98,1,0.48530292611675896,0.8029814831547651,0.018,0.75
S98,2,0.6349183459166379,0.5930801835029348,0.018,0.75
S98,3,0.98,0.555513903788539,0.018,0.75
S98,4,0.5195393462616066,0.07621473023034611,0.018,0.75
S98,5,0.5864095261336646,0.39131735913452725,0.018,0.75
S98,6,0.7552708295342087,0.02,0.018,0.75
S98,7,0.5527540326602335,0.5685830041337664,0.018,0.75
S98,8,0.8061044880583912,0.34052274991021736,0.018,0.75
S98,9,0.98,0.73990741671902,0.018,0.75
S98,10,0.5766149181527366,0.02,0.018,0.75
S98,11,0.12991342827715602,0.28557343298716403,0.018,0.75
S98,12,0.9727246033411712,0.02,0.018,0.75
S98,13,0.5387806741871517,0.7691275732363013,0.018,0.75
S98,14,0.5797423041816653,0.3989162806806615,0.018,0.75
S98,15,0.824278749428986,0.6775633966531457,0.018,0.75
S98,16,0.23008721325888548,0.02,0.018,0.75
S98,17,0.30247367134998004,0.7687432708526738,0.018,0.75
S98,18,0.4663523885224222,0.034138619571851034,0.018,0.75
S98,19,0.45153673488715335,0.5864311234829958,0.018,0.75
S98,20,0.3714124961917371,0.6823282499961217,0.018,0.75
S98,21,0.98,0.4975312200967532,0.018,0.75
S98,22,0.20523618756338993,0.10903454966863735,0.018,0.75
S98,23,0.3102625285237915,0.18215837511293237,0.018,0.75
S98,24,0.14031529897316308,0.02,0.018,0.75
S98,25,0.45379710991743466,0.6262865345335766,0.018,0.75
S98,26,0.8263594793211666,0.8267587209049647,0.018,0.75
S98,27,0.6791503577569359,0.45997211083410294,0.018,0.75
S98,28,0.2343866787622216,0.16358199077093052,0.018,0.75
S98,29,0.37033499499373546,0.4090460877193645,0.018,0.75
S98,30,0.5445448688596136,0.02,0.018,0.75
S98,31,0.5184511347091314,0.7183950033108332,0.018,0.75
S98,32,0.4978017852380683,0.877092219785401,0.018,0.75
S98,33,0.98,0.5142248501638524,0.018,0.75
S98,34,0.45002374407315265,0.02,0.018,0.75
S98,35,0.3097479619433701,0.869734387073642,0.018,0.75
S98,36,0.7378134373453095,0.02,0.018,0.75
S98,37,0.4645207534090206,0.5260059659904215,0.018,0.75
S98,38,0.6575548858157506,0.8865771952508856,0.018,0.75
S98,39,0.4805406949595426,0.23087246814467588,0.018,0.75
S98,40,0.12058628937971744,0.18413634163444723,0.018,0.75
S98,41,0.4444177078691005,0.5222795825637815,0.018,0.75
S98,42,0.98,0.02,0.018,0.75
S98,43,0.27019240775361775,0.6559393063232777,0.018,0.75
S98,44,0.34622674547531906,0.9250133924455819,0.018,0.75
S98,45,0.98,0.5491960160501199,0.018,0.75
S98,46,0.268111378984355,0.02,0.018,0.75
S98,47,0.02,0.7303248037063834,0.018,0.75
S98,48,0.8902431305227116,0.18618074330985213,0.018,0.75
S98,49,0.3100149327532834,0.5473422840403477,0.018,0.75
S98,50,0.4488114127997971,0.4662777920301207,0.018,0.75
S98,51,0.98,0.8589961331101846,0.018,0.75
S99,0,0.3856171437750769,0.46773899094886484,0.018,0.75
S99,1,0.6754643325272597,0.653621434233286,0.018,0.75
S99,2,0.6475924694147249,0.26555243615408947,0.018,0.75
S99,3,0.4359243156672924,0.5035570922255767,0.018,0.75
S99,4,0.5016980193372381,0.5465967973242244,0.018,0.75
S99,5,0.7400553370974813,0.22839483829027282,0.018,0.75
S99,6,0.3212861185377444,0.48167136539975053,0.018,0.75
S99,7,0.6134520303814529,0.6167745077109424,0.018,0.75
S99,8,0.6693427013187498,0.2203286335949733,0.018,0.75
S99,9,0.34673146518596215,0.42141022265965944,0.018,0.75
S99,10,0.6411752465105788,0.5276430181179372,0.018,0.75
S99,11,0.6543656939220683,0.33856768304791046,0.018,0.75
S99,12,0.40027160684384394,0.49885946490353217,0.018,0.75
S99,13,0.5614601120668645,0.5575162519018461,0.018,0.75
S99,14,0.6563190167386916,0.26682991464120515,0.018,0.75
S99,15,0.3428080526972817,0.4486958634140904,0.018,0.75
S99,16,0.6385150768722591,0.6347408095849283,0.018,0.75
S99,17,0.6808555577273687,0.1730515954372717,0.018,0.75
S99,18,0.2784352689664961,0.4304476415360863,0.018,0.75
S99,19,0.49182409068405814,0.6038171420903512,0.018,0.75
S99,20,0.7548807667863346,0.19057533601279947,0.018,0.75
S99,21,0.4299606599365936,0.4223678023413161,0.018,0.75
S99,22,0.4845104355597441,0.5284477868351611,0.018,0.75
S99,23,0.7270671549357377,0.21932576035075935,0.018,0.75
S99,24,0.3031002868082426,0.37438860088825626,0.018,0.75
S99,25,0.5801324237093077,0.5648342966317086,0.018,0.75
S99,26,0.6883308831933029,0.3041049522896818,0.018,0.75
S99,27,0.37333570754114354,0.4358968370386893,0.018,0.75
S99,28,0.5976427111404736,0.6075121941828429,0.018,0.75
S99,29,0.778168731741881,0.15563198251342272,0.018,0.75
S99,30,0.3049391582252682,0.4097675745142389,0.018,0.75
S99,31,0.5473591546349279,0.5676310263384713,0.018,0.75
S99,32,0.7638617891013676,0.2357817013050307,0.018,0.75
S99,33,0.373299002040259,0.48722365410944135,0.018,0.75
S99,34,0.5834670622367157,0.5089423260403009,0.018,0.75
S99,35,0.7863505227982903,0.25808432035005235,0.018,0.75
S99,36,0.3522984941890866,0.4733207718250659,0.018,0.75
S99,37,0.5388949938014774,0.5822639878815116,0.018,0.75
S99,38,0.7004916765425916,0.26339750114279215,0.018,0.75
S99,39,0.3718324383669075,0.4587825479976976,0.018,0.75
S99,40,0.5204938306278867,0.4805645026312144,0.018,0.75
S99,41,0.7725417295087506,0.16830862997244986,0.018,0.75
S99,42,0.36184640510872057,0.5193055396897914,0.018,0.75
S99,43,0.5377322395473911,0.6248092224667677,0.018,0.75
S99,44,0.6951769422062801,0.2802916918049808,0.018,0.75
S99,45,0.40958884435354054,0.48170079700127255,0.018,0.75
S99,46,0.5168807063810679,0.5523551458983075,0.018,0.75
S99,47,0.7101013006819601,0.2795747726364499,0.018,0.75
S99,48,0.4030202204025076,0.4455793346533729,0.018,0.75
S99,49,0.5466594260356821,0.5363259378652592,0.018,0.75
S99,50,0.6968105201645685,0.13157224259117095,0.018,0.75
S99,51,0.3861794866779728,0.3644520413028533,0.018,0.75
S99,52,0.5226255639528347,0.6700874979557233,0.018,0.75
S99,53,0.6735230299724927,0.19130483065527676,0.018,0.75
S99,54,0.37508888693377085,0.4723138336878741,0.018,0.75
S99,55,0.5798648263421392,0.5713941191368684,0.018,0.75
S99,56,0.6619460374897872,0.26913496193381753,0.018,0.75
S99,57,0.3506847168365172,0.3820874351557528,0.018,0.75
S99,58,0.42119475542541446,0.6076593751184945,0.018,0.75
S99,59,0.7988231293267964,0.25154430514293463,0.018,0.75
S99,60,0.4469837272254058,0.4883617956294217,0.018,0.75
S99,61,0.5647203420156348,0.6646372779440767,0.018,0.75
S99,62,0.6691629654369585,0.17342471480873106,0.018,0.75
S99,63,0.33705650824085087,0.44707501106584147,0.018,0.75
S99,64,0.5736571994188245,0.5757630701772524,0.018,0.75
S99,65,0.7726989761484386,0.19604590223999074,0.018,0.75
S99,66,0.38157202806810164,0.40969247613732646,0.018,0.75
S99,67,0.5653713114905663,0.6491704733146682,0.018,0.75
S99,68,0.7849092760255455,0.19329321923387063,0.018,0.75
S99,69,0.3985978762868944,0.44035444090742853,0.018,0.75
S99,70,0.5419394712441847,0.5809635891417092,0.018,0.75
S99,71,0.6720391926836907,0.16178236033062812,0.018,0.75
S99,72,0.35432554768716834,0.34771568055774654,0.018,0.75
S99,73,0.5324844300476805,0.6094724809818572,0.018,0.75
S99,74,0.6585639249254954,0.1874893376193968,0.018,0.75
S99,75,0.40614324150524317,0.3381829923657875,0.018,0.75
S99,76,0.5315194499493208,0.5813072160308419,0.018,0.75
S99,77,0.6213646055838711,0.24044639579838548,0.018,0.75
S99,78,0.347224490166706,0.4625294673477266,0.018,0.75
S99,79,0.5712727830890882,0.5363191926619439,0.018,0.75
S99,80,0.6822670298373988,0.23610966729511956,0.018,0.75
S100,0,0.41734952596240443,0.330397475953197,0.018,0.75
S100,1,0.6481828929237121,0.5805993779794805,0.018,0.75
S100,2,0.6679833793777697,0.18118528347814744,0.018,0.75
S100,3,0.45330000332584347,0.43081411890586,0.018,0.75
S100,4,0.5775054395701386,0.5798952214244584,0.018,0.75
S100,5,0.7012798644990247,0.3000892934557716,0.018,0.75
S100,6,0.3810896016470072,0.4438641576755973,0.018,0.75
S100,7,0.5104061273656847,0.4859872389111376,0.018,0.75
S100,8,0.7090873190373495,0.32506173129573923,0.018,0.75
S100,9,0.3664040485311602,0.4333846330309141,0.018,0.75
S100,10,0.6603425102500049,0.520147431484453,0.018,0.75
S100,11,0.6822484457775384,0.23493685856765642,0.018,0.75
S100,12,0.3643279131389239,0.521018748351592,0.018,0.75
S100,13,0.5229676293080052,0.5892311425210003,0.018,0.75
S100,14,0.7378514369596619,0.20356764653449896,0.018,0.75
S100,15,0.4105495017621641,0.5195961287501404,0.018,0.75
S100,16,0.5528030375967824,0.5559676073068598,0.018,0.75
S100,17,0.7875481232777999,0.21556467140236915,0.018,0.75
S100,18,0.27584078501812087,0.47128176879216466,0.018,0.75
S100,19,0.6325978045186845,0.564586710006273,0.018,0.75
S100,20,0.6754023139189785,0.25458077705884397,0.018,0.75
S100,21,0.3946723883968704,0.47754063430454596,0.018,0.75
S100,22,0.5263364878171304,0.5880592056285072,0.018,0.75
S100,23,0.6604139803224708,0.1826224087647758,0.018,0.75
S100,24,0.41112827889615333,0.4321312960056491,0.018,0.75
S100,25,0.6565197316157497,0.5088067403605343,0.018,0.75
S100,26,0.6663495715907983,0.1678552809588641,0.018,0.75
S100,27,0.3687777265307677,0.45187925479067204,0.018,0.75
S100,28,0.6457147476561692,0.557497288913724,0.018,0.75
S100,29,0.8083168329318351,0.18623356468692262,0.018,0.75
S100,30,0.43641992683923303,0.44621341204223613,0.018,0.75
S100,31,0.46880792707080277,0.6235686420674362,0.018,0.75
S100,32,0.7071967606467882,0.3936352181617102,0.018,0.75
S100,33,0.421719445348083,0.41787530482760954,0.018,0.75
S100,34,0.7127043504617838,0.6366872517637576,0.018,0.75
S100,35,0.6379726218973362,0.22968763701796818,0.018,0.75
S100,36,0.44676476957208705,0.38005685703715536,0.018,0.75
S100,37,0.47933342539246887,0.5927215352255618,0.018,0.75
S100,38,0.713110465946671,0.19531131777747937,0.018,0.75
S100,39,0.36449846674369607,0.47413079629716864,0.018,0.75
S100,40,0.5075207380722037,0.6355599498154586,0.018,0.75
S100,41,0.7768131313563089,0.2797069904649399,0.018,0.75
S100,42,0.34397630263586093,0.4734232868766235,0.018,0.75
S100,43,0.5427014789429488,0.5473461101243171,0.018,0.75
S100,44,0.6683281764751595,0.2858115830068075,0.018,0.75
S100,45,0.3264458913905095,0.4600305720148717,0.018,0.75
S100,46,0.583899976390615,0.5452367594555009,0.018,0.75
S100,47,0.6552963701929582,0.25901393510366894,0.018,0.75
S100,48,0.3696491837504193,0.47285139721882663,0.018,0.75
S100,49,0.4968374621009479,0.6312474709663631,0.018,0.75
S100,50,0.6954122625009794,0.373800714556461,0.018,0.75
S100,51,0.4324779499170631,0.5054586454763632,0.018,0.75
S100,52,0.6444372046749751,0.5270265697246147,0.018,0.75
S100,53,0.6524124529759645,0.29777823078045107,0.018,0.75
S100,54,0.4028074244041186,0.4421584632001623,0.018,0.75
S100,55,0.6295084200081948,0.5408388362286869,0.018,0.75
S100,56,0.6792424758347224,0.23738487192921673,0.018,0.75
S100,57,0.4391255248822331,0.5036006760278288,0.018,0.75
S100,58,0.5251430442519315,0.6111654537782764,0.018,0.75
S100,59,0.7890113557321216,0.2847839222352613,0.018,0.75
S100,60,0.36348320509985577,0.4190015378107783,0.018,0.75
S100,61,0.5172613212919355,0.4656079798075387,0.018,0.75
S100,62,0.684388699166502,0.21427727322614148,0.018,0.75
S100,63,0.43302515039357753,0.4274553320104444,0.018,0.75
S100,64,0.48842399290753885,0.4967690188190658,0.018,0.75
S100,65,0.651813714071387,0.24728027517882972,0.018,0.75
S100,66,0.3340050631158948,0.3835453360686947,0.018,0.75
S100,67,0.5812047446604955,0.7279132242898567,0.018,0.75
S100,68,0.6817408751020297,0.251152426478612,0.018,0.75
S100,69,0.28474670796599566,0.44407789827471117,0.018,0.75
S100,70,0.5392911296398821,0.6338644281307172,0.018,0.75
S100,71,0.6362304286913236,0.23462627495521335,0.018,0.75
S100,72,0.28777291899249624,0.48164253233451226,0.018,0.75
S100,73,0.5659208570684973,0.624227100784578,0.018,0.75
S100,74,0.7229855226863876,0.29301213182177976,0.018,0.75
S100,75,0.36066639891556745,0.36875613919314904,0.018,0.75
S100,76,0.6243359778353587,0.5176077800901462,0.018,0.75
S100,77,0.607942688265706,0.1840634553550396,0.018,0.75
S100,78,0.3681726899489805,0.48440355111826716,0.018,0.75
S100,79,0.6515118903724535,0.5390846157865983,0.018,0.75
S100,80,0.7428007797174327,0.2872096489023784,0.018,0.75
S100,81,0.4357628537345419,0.46955657412917023,0.018,0.75
S100,82,0.575055235371596,0.5649099881932191,0.018,0.75
S100,83,0.7934323084661955,0.21186897685756756,0.018,0.75
S100,84,0.22257973509936946,0.4400152762817536,0.018,0.75
S100,85,0.6099936269609669,0.6080879541993232,0.018,0.75
S100,86,0.5794333730932153,0.2384844293889984,0.018,0.75
S100,87,0.3121349167242332,0.48174860868677577,0.018,0.75
S100,88,0.6106113465358927,0.5723922860931746,0.018,0.75
S100,89,0.6440848890340699,0.29427921482737124,0.018,0.75
S100,90,0.406833930098876,0.5070619975476542,0.018,0.75
S100,91,0.4918728355810726,0.4762051182083431,0.018,0.75
S100,92,0.6758006475094879,0.21536728733989924,0.018,0.75
S100,93,0.36974389927622614,0.42759685135369585,0.018,0.75
S100,94,0.6027649250484501,0.6207443190038607,0.018,0.75
S100,95,0.8327159409948216,0.23753530992958682,0.018,0.75
S100,96,0.32606715387350804,0.48136560155500174,0.018,0.75
S100,97,0.44281390169255064,0.5994796776636407,0.018,0.75
S100,98,0.6931078883886039,0.23507265664357235,0.018,0.75
S100,99,0.37319909784049293,0.3965297183626619,0.018,0.75
S100,100,0.549236207125028,0.6402900556559459,0.018,0.75
S100,101,0.7780822955536264,0.32264641343184114,0.018,0.75
S100,102,0.3627874899662781,0.34162732928323025,0.018,0.75
S100,103,0.6167125167416834,0.6691395355857649,0.018,0.75
S100,104,0.6819429008074189,0.25183381853743825,0.018,0.75
S100,105,0.32349033989861853,0.43330192523629807,0.018,0.75
S100,106,0.5350444867489115,0.5494533007675654,0.018,0.75
S100,107,0.6787744914265649,0.19889666408439705,0.018,0.75
S100,108,0.35804568814439247,0.435825738137728,0.018,0.75
S100,109,0.5208319618333812,0.6084123920140693,0.018,0.75
