episode_id,cell_id,x,y,terrain_cost
S1,0,0.05,0.05,1.068
S1,1,0.15,0.05,1.0494
S1,2,0.25,0.05,1.0486
S1,3,0.35,0.05,1.0167
S1,4,0.45,0.05,1.1127
S1,5,0.55,0.05,1.1045
S1,6,0.65,0.05,1.0817
S1,7,0.75,0.05,1.0881
S1,8,0.85,0.05,1.0798
S1,9,0.95,0.05,1.142
S1,10,0.05,0.15,1.0441
S1,11,0.15,0.15,1.0822
S1,12,0.25,0.15,1.0927
S1,13,0.35,0.15,1.1484
S1,14,0.45,0.15,1.1528
S1,15,0.55,0.15,1.1168
S1,16,0.65,0.15,1.1638
S1,17,0.75,0.15,1.144
S1,18,0.85,0.15,1.0592
S1,19,0.95,0.15,1.144
S1,20,0.05,0.25,1.0225
S1,21,0.15,0.25,1.1188
S1,22,0.25,0.25,1.1467
S1,23,0.35,0.25,1.1263
S1,24,0.45,0.25,1.1369
S1,25,0.55,0.25,1.2182
S1,26,0.65,0.25,1.2028
S1,27,0.75,0.25,1.1627
S1,28,0.85,0.25,1.0919
S1,29,0.95,0.25,1.0199
S1,30,0.05,0.35,1.0506
S1,31,0.15,0.35,1.0973
S1,32,0.25,0.35,1.061
S1,33,0.35,0.35,1.2018
S1,34,0.45,0.35,1.208
S1,35,0.55,0.35,1.2292
S1,36,0.65,0.35,1.1145
S1,37,0.75,0.35,1.0612
S1,38,0.85,0.35,1.1174
S1,39,0.95,0.35,1.1542
S1,40,0.05,0.45,1.025
S1,41,0.15,0.45,1.1468
S1,42,0.25,0.45,1.0983
S1,43,0.35,0.45,1.2264
S1,44,0.45,0.45,1.3891
S1,45,0.55,0.45,1.4884
S1,46,0.65,0.45,1.2808
S1,47,0.75,0.45,1.179
S1,48,0.85,0.45,1.0613
S1,49,0.95,0.45,1.0642
S1,50,0.05,0.55,1.1
S1,51,0.15,0.55,1.1432
S1,52,0.25,0.55,1.2036
S1,53,0.35,0.55,1.2071
S1,54,0.45,0.55,1.3844
S1,55,0.55,0.55,1.3652
S1,56,0.65,0.55,1.2139
S1,57,0.75,0.55,1.1719
S1,58,0.85,0.55,1.1818
S1,59,0.95,0.55,1.1486
S1,60,0.05,0.65,1.0863
S1,61,0.15,0.65,1.0352
S1,62,0.25,0.65,1.1468
S1,63,0.35,0.65,1.2299
S1,64,0.45,0.65,1.2638
S1,65,0.55,0.65,1.299
S1,66,0.65,0.65,1.1583
S1,67,0.75,0.65,1.1229
S1,68,0.85,0.65,1.1515
S1,69,0.95,0.65,1.0924
S1,70,0.05,0.75,1.0373
S1,71,0.15,0.75,1.0176
S1,72,0.25,0.75,1.0449
S1,73,0.35,0.75,1.1821
S1,74,0.45,0.75,1.0766
S1,75,0.55,0.75,1.1254
S1,76,0.65,0.75,1.1107
S1,77,0.75,0.75,1.1517
S1,78,0.85,0.75,1.0239
S1,79,0.95,0.75,1.0868
S1,80,0.05,0.85,1.0542
S1,81,0.15,0.85,1.0549
S1,82,0.25,0.85,1.0649
S1,83,0.35,0.85,1.0427
S1,84,0.45,0.85,1.174
S1,85,0.55,0.85,1.1188
S1,86,0.65,0.85,1.1485
S1,87,0.75,0.85,1.0424
S1,88,0.85,0.85,1.0897
S1,89,0.95,0.85,1.0716
S1,90,0.05,0.95,1.0535
S1,91,0.15,0.95,1.0949
S1,92,0.25,0.95,1.11
S1,93,0.35,0.95,1.0221
S1,94,0.45,0.95,1.0743
S1,95,0.55,0.95,1.0442
S1,96,0.65,0.95,1.1512
S1,97,0.75,0.95,1.0164
S1,98,0.85,0.95,1.088
S1,99,0.95,0.95,1.1296
S2,0,0.05,0.05,1.0921
S2,1,0.15,0.05,1.1311
S2,2,0.25,0.05,1.0912
S2,3,0.35,0.05,1.1093
S2,4,0.45,0.05,1.1586
S2,5,0.55,0.05,1.092
S2,6,0.65,0.05,1.0528
S2,7,0.75,0.05,1.1046
S2,8,0.85,0.05,1.1195
S2,9,0.95,0.05,1.0514
S2,10,0.05,0.15,1.1037
S2,11,0.15,0.15,1.0111
S2,12,0.25,0.15,1.1627
S2,13,0.35,0.15,1.095
S2,14,0.45,0.15,1.1772
S2,15,0.55,0.15,1.135
S2,16,0.65,0.15,1.1571
S2,17,0.75,0.15,1.1584
S2,18,0.85,0.15,1.1476
S2,19,0.95,0.15,1.0664
S2,20,0.05,0.25,1.1542
S2,21,0.15,0.25,1.1581
S2,22,0.25,0.25,1.0638
S2,23,0.35,0.25,1.1733
S2,24,0.45,0.25,1.1205
S2,25,0.55,0.25,1.1035
S2,26,0.65,0.25,1.1116
S2,27,0.75,0.25,1.1319
S2,28,0.85,0.25,1.1024
S2,29,0.95,0.25,1.0814
S2,30,0.05,0.35,1.1289
S2,31,0.15,0.35,1.1096
S2,32,0.25,0.35,1.0747
S2,33,0.35,0.35,1.1839
S2,34,0.45,0.35,1.1694
S2,35,0.55,0.35,1.2958
S2,36,0.65,0.35,1.255
S2,37,0.75,0.35,1.1832
S2,38,0.85,0.35,1.1555
S2,39,0.95,0.35,1.1197
S2,40,0.05,0.45,1.1318
S2,41,0.15,0.45,1.1236
S2,42,0.25,0.45,1.0738
S2,43,0.35,0.45,1.1892
S2,44,0.45,0.45,1.386
S2,45,0.55,0.45,1.3657
S2,46,0.65,0.45,1.2914
S2,47,0.75,0.45,1.2335
S2,48,0.85,0.45,1.0408
S2,49,0.95,0.45,1.0498
S2,50,0.05,0.55,1.1398
S2,51,0.15,0.55,1.1151
S2,52,0.25,0.55,1.147
S2,53,0.35,0.55,1.2766
S2,54,0.45,0.55,1.3335
S2,55,0.55,0.55,1.4894
S2,56,0.65,0.55,1.258
S2,57,0.75,0.55,1.1803
S2,58,0.85,0.55,1.0618
S2,59,0.95,0.55,1.0935
S2,60,0.05,0.65,1.0235
S2,61,0.15,0.65,1.1324
S2,62,0.25,0.65,1.0965
S2,63,0.35,0.65,1.1289
S2,64,0.45,0.65,1.1525
S2,65,0.55,0.65,1.2507
S2,66,0.65,0.65,1.2305
S2,67,0.75,0.65,1.0855
S2,68,0.85,0.65,1.0742
S2,69,0.95,0.65,1.0956
S2,70,0.05,0.75,1.0614
S2,71,0.15,0.75,1.1614
S2,72,0.25,0.75,1.0573
S2,73,0.35,0.75,1.161
S2,74,0.45,0.75,1.0703
S2,75,0.55,0.75,1.1643
S2,76,0.65,0.75,1.1297
S2,77,0.75,0.75,1.0997
S2,78,0.85,0.75,1.1419
S2,79,0.95,0.75,1.1456
S2,80,0.05,0.85,1.1519
S2,81,0.15,0.85,1.1589
S2,82,0.25,0.85,1.0416
S2,83,0.35,0.85,1.1019
S2,84,0.45,0.85,1.0586
S2,85,0.55,0.85,1.114
S2,86,0.65,0.85,1.0523
S2,87,0.75,0.85,1.1524
S2,88,0.85,0.85,1.089
S2,89,0.95,0.85,1.1389
S2,90,0.05,0.95,1.0995
S2,91,0.15,0.95,1.0055
S2,92,0.25,0.95,1.0644
S2,93,0.35,0.95,1.0669
S2,94,0.45,0.95,1.0468
S2,95,0.55,0.95,1.038
S2,96,0.65,0.95,1.1045
S2,97,0.75,0.95,1.0286
S2,98,0.85,0.95,1.1541
S2,99,0.95,0.95,1.0765
S3,0,0.05,0.05,1.0299
S3,1,0.15,0.05,1.0453
S3,2,0.25,0.05,1.0893
S3,3,0.35,0.05,1.0652
S3,4,0.45,0.05,1.083
S3,5,0.55,0.05,1.0429
S3,6,0.65,0.05,1.021
S3,7,0.75,0.05,1.0375
S3,8,0.85,0.05,1.0294
S3,9,0.95,0.05,1.1
S3,10,0.05,0.15,1.0785
S3,11,0.15,0.15,1.0913
S3,12,0.25,0.15,1.0204
S3,13,0.35,0.15,1.0576
S3,14,0.45,0.15,1.0863
S3,15,0.55,0.15,1.1145
S3,16,0.65,0.15,1.0976
S3,17,0.75,0.15,1.1314
S3,18,0.85,0.15,1.035
S3,19,0.95,0.15,1.0552
S3,20,0.05,0.25,1.115
S3,21,0.15,0.25,1.0215
S3,22,0.25,0.25,1.0301
S3,23,0.35,0.25,1.0632
S3,24,0.45,0.25,1.1568
S3,25,0.55,0.25,1.1791
S3,26,0.65,0.25,1.1797
S3,27,0.75,0.25,1.0749
S3,28,0.85,0.25,1.1336
S3,29,0.95,0.25,1.0349
S3,30,0.05,0.35,1.0393
S3,31,0.15,0.35,1.145
S3,32,0.25,0.35,1.1099
S3,33,0.35,0.35,1.1546
S3,34,0.45,0.35,1.2713
S3,35,0.55,0.35,1.1874
S3,36,0.65,0.35,1.1461
S3,37,0.75,0.35,1.2063
S3,38,0.85,0.35,1.0622
S3,39,0.95,0.35,1.0382
S3,40,0.05,0.45,1.1613
S3,41,0.15,0.45,1.091
S3,42,0.25,0.45,1.1246
S3,43,0.35,0.45,1.2617
S3,44,0.45,0.45,1.3821
S3,45,0.55,0.45,1.4902
S3,46,0.65,0.45,1.2749
S3,47,0.75,0.45,1.1497
S3,48,0.85,0.45,1.1803
S3,49,0.95,0.45,1.1082
S3,50,0.05,0.55,1.0263
S3,51,0.15,0.55,1.1623
S3,52,0.25,0.55,1.172
S3,53,0.35,0.55,1.1506
S3,54,0.45,0.55,1.2882
S3,55,0.55,0.55,1.4522
S3,56,0.65,0.55,1.2738
S3,57,0.75,0.55,1.1074
S3,58,0.85,0.55,1.0639
S3,59,0.95,0.55,1.1134
S3,60,0.05,0.65,1.039
S3,61,0.15,0.65,1.1648
S3,62,0.25,0.65,1.1939
S3,63,0.35,0.65,1.0943
S3,64,0.45,0.65,1.292
S3,65,0.55,0.65,1.259
S3,66,0.65,0.65,1.2494
S3,67,0.75,0.65,1.1796
S3,68,0.85,0.65,1.0733
S3,69,0.95,0.65,1.0692
S3,70,0.05,0.75,1.0092
S3,71,0.15,0.75,1.0936
S3,72,0.25,0.75,1.162
S3,73,0.35,0.75,1.175
S3,74,0.45,0.75,1.1421
S3,75,0.55,0.75,1.0941
S3,76,0.65,0.75,1.1767
S3,77,0.75,0.75,1.1203
S3,78,0.85,0.75,1.1655
S3,79,0.95,0.75,1.0787
S3,80,0.05,0.85,1.0963
S3,81,0.15,0.85,1.0983
S3,82,0.25,0.85,1.1556
S3,83,0.35,0.85,1.125
S3,84,0.45,0.85,1.0806
S3,85,0.55,0.85,1.0713
S3,86,0.65,0.85,1.13
S3,87,0.75,0.85,1.0884
S3,88,0.85,0.85,1.0636
S3,89,0.95,0.85,1.1304
S3,90,0.05,0.95,1.0818
S3,91,0.15,0.95,1.0847
S3,92,0.25,0.95,1.023
S3,93,0.35,0.95,1.0531
S3,94,0.45,0.95,1.02
S3,95,0.55,0.95,1.1034
S3,96,0.65,0.95,1.0235
S3,97,0.75,0.95,1.148
S3,98,0.85,0.95,1.091
S3,99,0.95,0.95,1.0617
S4,0,0.05,0.05,1.0662
S4,1,0.15,0.05,1.0696
S4,2,0.25,0.05,1.1017
S4,3,0.35,0.05,1.1482
S4,4,0.45,0.05,1.1425
S4,5,0.55,0.05,1.135
S4,6,0.65,0.05,1.0969
S4,7,0.75,0.05,1.0663
S4,8,0.85,0.05,1.1359
S4,9,0.95,0.05,1.1335
S4,10,0.05,0.15,1.0094
S4,11,0.15,0.15,1.0448
S4,12,0.25,0.15,1.0422
S4,13,0.35,0.15,1.1171
S4,14,0.45,0.15,1.1026
S4,15,0.55,0.15,1.1552
S4,16,0.65,0.15,1.0931
S4,17,0.75,0.15,1.0477
S4,18,0.85,0.15,1.0164
S4,19,0.95,0.15,1.0192
S4,20,0.05,0.25,1.023
S4,21,0.15,0.25,1.0481
S4,22,0.25,0.25,1.0474
S4,23,0.35,0.25,1.1392
S4,24,0.45,0.25,1.1643
S4,25,0.55,0.25,1.2224
S4,26,0.65,0.25,1.1517
S4,27,0.75,0.25,1.0988
S4,28,0.85,0.25,1.0682
S4,29,0.95,0.25,1.1449
S4,30,0.05,0.35,1.0251
S4,31,0.15,0.35,1.0325
S4,32,0.25,0.35,1.0977
S4,33,0.35,0.35,1.1123
S4,34,0.45,0.35,1.2404
S4,35,0.55,0.35,1.1767
S4,36,0.65,0.35,1.1282
S4,37,0.75,0.35,1.1839
S4,38,0.85,0.35,1.1614
S4,39,0.95,0.35,1.0976
S4,40,0.05,0.45,1.0854
S4,41,0.15,0.45,1.1169
S4,42,0.25,0.45,1.0798
S4,43,0.35,0.45,1.1852
S4,44,0.45,0.45,1.2988
S4,45,0.55,0.45,1.4149
S4,46,0.65,0.45,1.3087
S4,47,0.75,0.45,1.0986
S4,48,0.85,0.45,1.1878
S4,49,0.95,0.45,1.1366
S4,50,0.05,0.55,1.0761
S4,51,0.15,0.55,1.1698
S4,52,0.25,0.55,1.0748
S4,53,0.35,0.55,1.2361
S4,54,0.45,0.55,1.3398
S4,55,0.55,0.55,1.4937
S4,56,0.65,0.55,1.2468
S4,57,0.75,0.55,1.0929
S4,58,0.85,0.55,1.1094
S4,59,0.95,0.55,1.1293
S4,60,0.05,0.65,1.1603
S4,61,0.15,0.65,1.0837
S4,62,0.25,0.65,1.1107
S4,63,0.35,0.65,1.1
S4,64,0.45,0.65,1.2532
S4,65,0.55,0.65,1.2404
S4,66,0.65,0.65,1.1761
S4,67,0.75,0.65,1.1137
S4,68,0.85,0.65,1.0556
S4,69,0.95,0.65,1.1429
S4,70,0.05,0.75,1.0982
S4,71,0.15,0.75,1.1341
S4,72,0.25,0.75,1.0677
S4,73,0.35,0.75,1.1692
S4,74,0.45,0.75,1.1868
S4,75,0.55,0.75,1.1776
S4,76,0.65,0.75,1.1125
S4,77,0.75,0.75,1.1492
S4,78,0.85,0.75,1.0816
S4,79,0.95,0.75,1.1053
S4,80,0.05,0.85,1.0917
S4,81,0.15,0.85,1.102
S4,82,0.25,0.85,1.0639
S4,83,0.35,0.85,1.1531
S4,84,0.45,0.85,1.1617
S4,85,0.55,0.85,1.0797
S4,86,0.65,0.85,1.139
S4,87,0.75,0.85,1.11
S4,88,0.85,0.85,1.0389
S4,89,0.95,0.85,1.0694
S4,90,0.05,0.95,1.0081
S4,91,0.15,0.95,1.0966
S4,92,0.25,0.95,1.0874
S4,93,0.35,0.95,1.0552
S4,94,0.45,0.95,1.1252
S4,95,0.55,0.95,1.1453
S4,96,0.65,0.95,1.0442
S4,97,0.75,0.95,1.1495
S4,98,0.85,0.95,1.1155
S4,99,0.95,0.95,1.07
S5,0,0.05,0.05,1.1225
S5,1,0.15,0.05,1.0697
S5,2,0.25,0.05,1.0487
S5,3,0.35,0.05,1.1228
S5,4,0.45,0.05,1.093
S5,5,0.55,0.05,1.0375
S5,6,0.65,0.05,1.0612
S5,7,0.75,0.05,1.1241
S5,8,0.85,0.05,1.1098
S5,9,0.95,0.05,1.0084
S5,10,0.05,0.15,1.0205
S5,11,0.15,0.15,1.0793
S5,12,0.25,0.15,1.0276
S5,13,0.35,0.15,1.0831
S5,14,0.45,0.15,1.0428
S5,15,0.55,0.15,1.1823
S5,16,0.65,0.15,1.0828
S5,17,0.75,0.15,1.1198
S5,18,0.85,0.15,1.0532
S5,19,0.95,0.15,1.0393
S5,20,0.05,0.25,1.0588
S5,21,0.15,0.25,1.0294
S5,22,0.25,0.25,1.1098
S5,23,0.35,0.25,1.0657
S5,24,0.45,0.25,1.1505
S5,25,0.55,0.25,1.1768
S5,26,0.65,0.25,1.1273
S5,27,0.75,0.25,1.0885
S5,28,0.85,0.25,1.1376
S5,29,0.95,0.25,1.0309
S5,30,0.05,0.35,1.0331
S5,31,0.15,0.35,1.1054
S5,32,0.25,0.35,1.1489
S5,33,0.35,0.35,1.1482
S5,34,0.45,0.35,1.2345
S5,35,0.55,0.35,1.2324
S5,36,0.65,0.35,1.141
S5,37,0.75,0.35,1.1752
S5,38,0.85,0.35,1.171
S5,39,0.95,0.35,1.0854
S5,40,0.05,0.45,1.149
S5,41,0.15,0.45,1.117
S5,42,0.25,0.45,1.1546
S5,43,0.35,0.45,1.1763
S5,44,0.45,0.45,1.4236
S5,45,0.55,0.45,1.4251
S5,46,0.65,0.45,1.3288
S5,47,0.75,0.45,1.1354
S5,48,0.85,0.45,1.1784
S5,49,0.95,0.45,1.1251
S5,50,0.05,0.55,1.0836
S5,51,0.15,0.55,1.166
S5,52,0.25,0.55,1.1987
S5,53,0.35,0.55,1.156
S5,54,0.45,0.55,1.3445
S5,55,0.55,0.55,1.4784
S5,56,0.65,0.55,1.3228
S5,57,0.75,0.55,1.1907
S5,58,0.85,0.55,1.0693
S5,59,0.95,0.55,1.0358
S5,60,0.05,0.65,1.1558
S5,61,0.15,0.65,1.1459
S5,62,0.25,0.65,1.0573
S5,63,0.35,0.65,1.1371
S5,64,0.45,0.65,1.1911
S5,65,0.55,0.65,1.3075
S5,66,0.65,0.65,1.2177
S5,67,0.75,0.65,1.1861
S5,68,0.85,0.65,1.1692
S5,69,0.95,0.65,1.0581
S5,70,0.05,0.75,1.073
S5,71,0.15,0.75,1.1469
S5,72,0.25,0.75,1.1271
S5,73,0.35,0.75,1.1895
S5,74,0.45,0.75,1.0706
S5,75,0.55,0.75,1.221
S5,76,0.65,0.75,1.088
S5,77,0.75,0.75,1.1302
S5,78,0.85,0.75,1.0678
S5,79,0.95,0.75,1.0482
S5,80,0.05,0.85,1.1519
S5,81,0.15,0.85,1.1351
S5,82,0.25,0.85,1.1185
S5,83,0.35,0.85,1.1056
S5,84,0.45,0.85,1.124
S5,85,0.55,0.85,1.0395
S5,86,0.65,0.85,1.154
S5,87,0.75,0.85,1.1057
S5,88,0.85,0.85,1.0856
S5,89,0.95,0.85,1.1093
S5,90,0.05,0.95,1.1065
S5,91,0.15,0.95,1.0145
S5,92,0.25,0.95,1.1059
S5,93,0.35,0.95,1.1428
S5,94,0.45,0.95,1.0447
S5,95,0.55,0.95,1.1556
S5,96,0.65,0.95,1.0962
S5,97,0.75,0.95,1.0884
S5,98,0.85,0.95,1.126
S5,99,0.95,0.95,1.0844
S6,0,0.05,0.05,1.0329
S6,1,0.15,0.05,1.052
S6,2,0.25,0.05,1.1561
S6,3,0.35,0.05,1.0833
S6,4,0.45,0.05,1.1185
S6,5,0.55,0.05,1.1191
S6,6,0.65,0.05,1.0274
S6,7,0.75,0.05,1.0727
S6,8,0.85,0.05,1.1129
S6,9,0.95,0.05,1.1318
S6,10,0.05,0.15,1.1398
S6,11,0.15,0.15,1.0552
S6,12,0.25,0.15,1.0518
S6,13,0.35,0.15,1.037
S6,14,0.45,0.15,1.0324
S6,15,0.55,0.15,1.0374
S6,16,0.65,0.15,1.1045
S6,17,0.75,0.15,1.1614
S6,18,0.85,0.15,1.0192
S6,19,0.95,0.15,1.0523
S6,20,0.05,0.25,1.1023
S6,21,0.15,0.25,1.016
S6,22,0.25,0.25,1.03
S6,23,0.35,0.25,1.074
S6,24,0.45,0.25,1.0985
S6,25,0.55,0.25,1.1398
S6,26,0.65,0.25,1.0707
S6,27,0.75,0.25,1.1009
S6,28,0.85,0.25,1.0348
S6,29,0.95,0.25,1.1465
S6,30,0.05,0.35,1.0374
S6,31,0.15,0.35,1.1113
S6,32,0.25,0.35,1.1836
S6,33,0.35,0.35,1.1019
S6,34,0.45,0.35,1.296
S6,35,0.55,0.35,1.2246
S6,36,0.65,0.35,1.1187
S6,37,0.75,0.35,1.1668
S6,38,0.85,0.35,1.1476
S6,39,0.95,0.35,1.1308
S6,40,0.05,0.45,1.1419
S6,41,0.15,0.45,1.0951
S6,42,0.25,0.45,1.0642
S6,43,0.35,0.45,1.1841
S6,44,0.45,0.45,1.3512
S6,45,0.55,0.45,1.4533
S6,46,0.65,0.45,1.2682
S6,47,0.75,0.45,1.1765
S6,48,0.85,0.45,1.0687
S6,49,0.95,0.45,1.1445
S6,50,0.05,0.55,1.0227
S6,51,0.15,0.55,1.1593
S6,52,0.25,0.55,1.0897
S6,53,0.35,0.55,1.207
S6,54,0.45,0.55,1.4023
S6,55,0.55,0.55,1.4935
S6,56,0.65,0.55,1.2831
S6,57,0.75,0.55,1.0988
S6,58,0.85,0.55,1.101
S6,59,0.95,0.55,1.0724
S6,60,0.05,0.65,1.1418
S6,61,0.15,0.65,1.0429
S6,62,0.25,0.65,1.1341
S6,63,0.35,0.65,1.2212
S6,64,0.45,0.65,1.2362
S6,65,0.55,0.65,1.299
S6,66,0.65,0.65,1.2602
S6,67,0.75,0.65,1.1999
S6,68,0.85,0.65,1.13
S6,69,0.95,0.65,1.085
S6,70,0.05,0.75,1.0589
S6,71,0.15,0.75,1.0544
S6,72,0.25,0.75,1.1646
S6,73,0.35,0.75,1.0575
S6,74,0.45,0.75,1.1282
S6,75,0.55,0.75,1.2184
S6,76,0.65,0.75,1.1801
S6,77,0.75,0.75,1.0508
S6,78,0.85,0.75,1.0948
S6,79,0.95,0.75,1.1282
S6,80,0.05,0.85,1.0828
S6,81,0.15,0.85,1.1575
S6,82,0.25,0.85,1.138
S6,83,0.35,0.85,1.1117
S6,84,0.45,0.85,1.061
S6,85,0.55,0.85,1.1154
S6,86,0.65,0.85,1.0414
S6,87,0.75,0.85,1.0592
S6,88,0.85,0.85,1.08
S6,89,0.95,0.85,1.1542
S6,90,0.05,0.95,1.1056
S6,91,0.15,0.95,1.1074
S6,92,0.25,0.95,1.0324
S6,93,0.35,0.95,1.0516
S6,94,0.45,0.95,1.1365
S6,95,0.55,0.95,1.1273
S6,96,0.65,0.95,1.074
S6,97,0.75,0.95,1.1308
S6,98,0.85,0.95,1.0839
S6,99,0.95,0.95,1.0293
S7,0,0.05,0.05,1.028
S7,1,0.15,0.05,1.0868
S7,2,0.25,0.05,1.0809
S7,3,0.35,0.05,1.0281
S7,4,0.45,0.05,1.108
S7,5,0.55,0.05,1.1532
S7,6,0.65,0.05,1.0732
S7,7,0.75,0.05,1.0478
S7,8,0.85,0.05,1.0663
S7,9,0.95,0.05,1.0935
S7,10,0.05,0.15,1.1261
S7,11,0.15,0.15,1.0161
S7,12,0.25,0.15,1.0526
S7,13,0.35,0.15,1.0512
S7,14,0.45,0.15,1.0786
S7,15,0.55,0.15,1.114
S7,16,0.65,0.15,1.1507
S7,17,0.75,0.15,1.157
S7,18,0.85,0.15,1.1357
S7,19,0.95,0.15,1.0649
S7,20,0.05,0.25,1.1095
S7,21,0.15,0.25,1.0161
S7,22,0.25,0.25,1.0798
S7,23,0.35,0.25,1.1245
S7,24,0.45,0.25,1.2104
S7,25,0.55,0.25,1.1265
S7,26,0.65,0.25,1.1191
S7,27,0.75,0.25,1.0816
S7,28,0.85,0.25,1.0288
S7,29,0.95,0.25,1.0946
S7,30,0.05,0.35,1.0369
S7,31,0.15,0.35,1.1218
S7,32,0.25,0.35,1.1799
S7,33,0.35,0.35,1.1756
S7,34,0.45,0.35,1.1719
S7,35,0.55,0.35,1.1889
S7,36,0.65,0.35,1.1995
S7,37,0.75,0.35,1.1411
S7,38,0.85,0.35,1.0965
S7,39,0.95,0.35,1.1004
S7,40,0.05,0.45,1.0498
S7,41,0.15,0.45,1.1645
S7,42,0.25,0.45,1.1688
S7,43,0.35,0.45,1.2079
S7,44,0.45,0.45,1.2932
S7,45,0.55,0.45,1.3489
S7,46,0.65,0.45,1.2658
S7,47,0.75,0.45,1.1735
S7,48,0.85,0.45,1.1131
S7,49,0.95,0.45,1.1176
S7,50,0.05,0.55,1.017
S7,51,0.15,0.55,1.1413
S7,52,0.25,0.55,1.183
S7,53,0.35,0.55,1.1583
S7,54,0.45,0.55,1.2782
S7,55,0.55,0.55,1.419
S7,56,0.65,0.55,1.3218
S7,57,0.75,0.55,1.1779
S7,58,0.85,0.55,1.1586
S7,59,0.95,0.55,1.1611
S7,60,0.05,0.65,1.0323
S7,61,0.15,0.65,1.1152
S7,62,0.25,0.65,1.0856
S7,63,0.35,0.65,1.1176
S7,64,0.45,0.65,1.221
S7,65,0.55,0.65,1.1833
S7,66,0.65,0.65,1.2177
S7,67,0.75,0.65,1.1713
S7,68,0.85,0.65,1.1519
S7,69,0.95,0.65,1.0559
S7,70,0.05,0.75,1.0477
S7,71,0.15,0.75,1.0249
S7,72,0.25,0.75,1.099
S7,73,0.35,0.75,1.1148
S7,74,0.45,0.75,1.1327
S7,75,0.55,0.75,1.1939
S7,76,0.65,0.75,1.0984
S7,77,0.75,0.75,1.0612
S7,78,0.85,0.75,1.0512
S7,79,0.95,0.75,1.0751
S7,80,0.05,0.85,1.0762
S7,81,0.15,0.85,1.0753
S7,82,0.25,0.85,1.1054
S7,83,0.35,0.85,1.0372
S7,84,0.45,0.85,1.0454
S7,85,0.55,0.85,1.089
S7,86,0.65,0.85,1.1709
S7,87,0.75,0.85,1.1481
S7,88,0.85,0.85,1.1257
S7,89,0.95,0.85,1.05
S7,90,0.05,0.95,1.0693
S7,91,0.15,0.95,1.1237
S7,92,0.25,0.95,1.155
S7,93,0.35,0.95,1.0708
S7,94,0.45,0.95,1.0344
S7,95,0.55,0.95,1.0675
S7,96,0.65,0.95,1.0388
S7,97,0.75,0.95,1.0894
S7,98,0.85,0.95,1.0951
S7,99,0.95,0.95,1.0091
S8,0,0.05,0.05,1.0647
S8,1,0.15,0.05,1.014
S8,2,0.25,0.05,1.0902
S8,3,0.35,0.05,1.0858
S8,4,0.45,0.05,1.0652
S8,5,0.55,0.05,1.0254
S8,6,0.65,0.05,1.1469
S8,7,0.75,0.05,1.0488
S8,8,0.85,0.05,1.0519
S8,9,0.95,0.05,1.0816
S8,10,0.05,0.15,1.0152
S8,11,0.15,0.15,1.0773
S8,12,0.25,0.15,1.0941
S8,13,0.35,0.15,1.1642
S8,14,0.45,0.15,1.0927
S8,15,0.55,0.15,1.0749
S8,16,0.65,0.15,1.1509
S8,17,0.75,0.15,1.0401
S8,18,0.85,0.15,1.0224
S8,19,0.95,0.15,1.0194
S8,20,0.05,0.25,1.0334
S8,21,0.15,0.25,1.0361
S8,22,0.25,0.25,1.0372
S8,23,0.35,0.25,1.164
S8,24,0.45,0.25,1.1374
S8,25,0.55,0.25,1.0781
S8,26,0.65,0.25,1.1374
S8,27,0.75,0.25,1.1076
S8,28,0.85,0.25,1.0938
S8,29,0.95,0.25,1.0863
S8,30,0.05,0.35,1.1601
S8,31,0.15,0.35,1.0732
S8,32,0.25,0.35,1.0918
S8,33,0.35,0.35,1.1609
S8,34,0.45,0.35,1.1594
S8,35,0.55,0.35,1.1784
S8,36,0.65,0.35,1.2534
S8,37,0.75,0.35,1.1189
S8,38,0.85,0.35,1.1643
S8,39,0.95,0.35,1.0413
S8,40,0.05,0.45,1.1042
S8,41,0.15,0.45,1.1387
S8,42,0.25,0.45,1.211
S8,43,0.35,0.45,1.1619
S8,44,0.45,0.45,1.3433
S8,45,0.55,0.45,1.4881
S8,46,0.65,0.45,1.3113
S8,47,0.75,0.45,1.1258
S8,48,0.85,0.45,1.1532
S8,49,0.95,0.45,1.165
S8,50,0.05,0.55,1.0538
S8,51,0.15,0.55,1.0757
S8,52,0.25,0.55,1.079
S8,53,0.35,0.55,1.1819
S8,54,0.45,0.55,1.3076
S8,55,0.55,0.55,1.4402
S8,56,0.65,0.55,1.2484
S8,57,0.75,0.55,1.1443
S8,58,0.85,0.55,1.1102
S8,59,0.95,0.55,1.1375
S8,60,0.05,0.65,1.1152
S8,61,0.15,0.65,1.0685
S8,62,0.25,0.65,1.0578
S8,63,0.35,0.65,1.2355
S8,64,0.45,0.65,1.1756
S8,65,0.55,0.65,1.1954
S8,66,0.65,0.65,1.1372
S8,67,0.75,0.65,1.1745
S8,68,0.85,0.65,1.0858
S8,69,0.95,0.65,1.1622
S8,70,0.05,0.75,1.149
S8,71,0.15,0.75,1.15
S8,72,0.25,0.75,1.1624
S8,73,0.35,0.75,1.1222
S8,74,0.45,0.75,1.0862
S8,75,0.55,0.75,1.0994
S8,76,0.65,0.75,1.1249
S8,77,0.75,0.75,1.0741
S8,78,0.85,0.75,1.1497
S8,79,0.95,0.75,1.0123
S8,80,0.05,0.85,1.0385
S8,81,0.15,0.85,1.0153
S8,82,0.25,0.85,1.1329
S8,83,0.35,0.85,1.0663
S8,84,0.45,0.85,1.1096
S8,85,0.55,0.85,1.0795
S8,86,0.65,0.85,1.1674
S8,87,0.75,0.85,1.1434
S8,88,0.85,0.85,1.1362
S8,89,0.95,0.85,1.15
S8,90,0.05,0.95,1.1275
S8,91,0.15,0.95,1.0347
S8,92,0.25,0.95,1.0947
S8,93,0.35,0.95,1.1439
S8,94,0.45,0.95,1.0912
S8,95,0.55,0.95,1.1294
S8,96,0.65,0.95,1.1508
S8,97,0.75,0.95,1.0248
S8,98,0.85,0.95,1.0498
S8,99,0.95,0.95,1.0963
S9,0,0.05,0.05,1.0585
S9,1,0.15,0.05,1.0402
S9,2,0.25,0.05,1.0577
S9,3,0.35,0.05,1.0956
S9,4,0.45,0.05,1.0501
S9,5,0.55,0.05,1.0544
S9,6,0.65,0.05,1.0877
S9,7,0.75,0.05,1.0559
S9,8,0.85,0.05,1.0588
S9,9,0.95,0.05,1.0939
S9,10,0.05,0.15,1.1402
S9,11,0.15,0.15,1.0573
S9,12,0.25,0.15,1.1564
S9,13,0.35,0.15,1.1339
S9,14,0.45,0.15,1.0857
S9,15,0.55,0.15,1.1283
S9,16,0.65,0.15,1.1381
S9,17,0.75,0.15,1.1474
S9,18,0.85,0.15,1.1012
S9,19,0.95,0.15,1.1484
S9,20,0.05,0.25,1.0888
S9,21,0.15,0.25,1.085
S9,22,0.25,0.25,1.1427
S9,23,0.35,0.25,1.078
S9,24,0.45,0.25,1.13
S9,25,0.55,0.25,1.1682
S9,26,0.65,0.25,1.1613
S9,27,0.75,0.25,1.1028
S9,28,0.85,0.25,1.0217
S9,29,0.95,0.25,1.0472
S9,30,0.05,0.35,1.0653
S9,31,0.15,0.35,1.1517
S9,32,0.25,0.35,1.1084
S9,33,0.35,0.35,1.0908
S9,34,0.45,0.35,1.2204
S9,35,0.55,0.35,1.276
S9,36,0.65,0.35,1.1202
S9,37,0.75,0.35,1.1712
S9,38,0.85,0.35,1.0473
S9,39,0.95,0.35,1.1168
S9,40,0.05,0.45,1.1094
S9,41,0.15,0.45,1.0604
S9,42,0.25,0.45,1.1735
S9,43,0.35,0.45,1.2325
S9,44,0.45,0.45,1.3373
S9,45,0.55,0.45,1.3668
S9,46,0.65,0.45,1.2163
S9,47,0.75,0.45,1.2047
S9,48,0.85,0.45,1.1595
S9,49,0.95,0.45,1.1238
S9,50,0.05,0.55,1.1321
S9,51,0.15,0.55,1.0987
S9,52,0.25,0.55,1.1648
S9,53,0.35,0.55,1.2014
S9,54,0.45,0.55,1.3855
S9,55,0.55,0.55,1.4156
S9,56,0.65,0.55,1.1845
S9,57,0.75,0.55,1.0849
S9,58,0.85,0.55,1.0453
S9,59,0.95,0.55,1.0748
S9,60,0.05,0.65,1.0341
S9,61,0.15,0.65,1.0926
S9,62,0.25,0.65,1.0662
S9,63,0.35,0.65,1.1307
S9,64,0.45,0.65,1.188
S9,65,0.55,0.65,1.1856
S9,66,0.65,0.65,1.1566
S9,67,0.75,0.65,1.0951
S9,68,0.85,0.65,1.1255
S9,69,0.95,0.65,1.1305
S9,70,0.05,0.75,1.0478
S9,71,0.15,0.75,1.0334
S9,72,0.25,0.75,1.0725
S9,73,0.35,0.75,1.1528
S9,74,0.45,0.75,1.1424
S9,75,0.55,0.75,1.1342
S9,76,0.65,0.75,1.0991
S9,77,0.75,0.75,1.1383
S9,78,0.85,0.75,1.0453
S9,79,0.95,0.75,1.1529
S9,80,0.05,0.85,1.0204
S9,81,0.15,0.85,1.0575
S9,82,0.25,0.85,1.1502
S9,83,0.35,0.85,1.0839
S9,84,0.45,0.85,1.1286
S9,85,0.55,0.85,1.1057
S9,86,0.65,0.85,1.0948
S9,87,0.75,0.85,1.1383
S9,88,0.85,0.85,1.1109
S9,89,0.95,0.85,1.1273
S9,90,0.05,0.95,1.1467
S9,91,0.15,0.95,1.0084
S9,92,0.25,0.95,1.0926
S9,93,0.35,0.95,1.1491
S9,94,0.45,0.95,1.0276
S9,95,0.55,0.95,1.1552
S9,96,0.65,0.95,1.1241
S9,97,0.75,0.95,1.0906
S9,98,0.85,0.95,1.0928
S9,99,0.95,0.95,1.0329
S10,0,0.05,0.05,1.1431
S10,1,0.15,0.05,1.0758
S10,2,0.25,0.05,1.1118
S10,3,0.35,0.05,1.1492
S10,4,0.45,0.05,1.0846
S10,5,0.55,0.05,1.1065
S10,6,0.65,0.05,1.1454
S10,7,0.75,0.05,1.0301
S10,8,0.85,0.05,1.0601
S10,9,0.95,0.05,1.1001
S10,10,0.05,0.15,1.0066
S10,11,0.15,0.15,1.0474
S10,12,0.25,0.15,1.0331
S10,13,0.35,0.15,1.1415
S10,14,0.45,0.15,1.0783
S10,15,0.55,0.15,1.1603
S10,16,0.65,0.15,1.1676
S10,17,0.75,0.15,1.0238
S10,18,0.85,0.15,1.1331
S10,19,0.95,0.15,1.0306
S10,20,0.05,0.25,1.1264
S10,21,0.15,0.25,1.1063
S10,22,0.25,0.25,1.1703
S10,23,0.35,0.25,1.1944
S10,24,0.45,0.25,1.1145
S10,25,0.55,0.25,1.163
S10,26,0.65,0.25,1.1912
S10,27,0.75,0.25,1.1847
S10,28,0.85,0.25,1.1499
S10,29,0.95,0.25,1.0549
S10,30,0.05,0.35,1.1541
S10,31,0.15,0.35,1.075
S10,32,0.25,0.35,1.0614
S10,33,0.35,0.35,1.1532
S10,34,0.45,0.35,1.218
S10,35,0.55,0.35,1.3025
S10,36,0.65,0.35,1.1926
S10,37,0.75,0.35,1.1246
S10,38,0.85,0.35,1.0626
S10,39,0.95,0.35,1.031
S10,40,0.05,0.45,1.1017
S10,41,0.15,0.45,1.0347
S10,42,0.25,0.45,1.1318
S10,43,0.35,0.45,1.2125
S10,44,0.45,0.45,1.4102
S10,45,0.55,0.45,1.4911
S10,46,0.65,0.45,1.3038
S10,47,0.75,0.45,1.1924
S10,48,0.85,0.45,1.1102
S10,49,0.95,0.45,1.0239
S10,50,0.05,0.55,1.1563
S10,51,0.15,0.55,1.1174
S10,52,0.25,0.55,1.1474
S10,53,0.35,0.55,1.2372
S10,54,0.45,0.55,1.365
S10,55,0.55,0.55,1.4045
S10,56,0.65,0.55,1.3238
S10,57,0.75,0.55,1.1039
S10,58,0.85,0.55,1.0965
S10,59,0.95,0.55,1.0443
S10,60,0.05,0.65,1.0957
S10,61,0.15,0.65,1.0398
S10,62,0.25,0.65,1.1135
S10,63,0.35,0.65,1.1865
S10,64,0.45,0.65,1.2141
S10,65,0.55,0.65,1.2953
S10,66,0.65,0.65,1.2217
S10,67,0.75,0.65,1.1058
S10,68,0.85,0.65,1.1414
S10,69,0.95,0.65,1.1003
S10,70,0.05,0.75,1.1343
S10,71,0.15,0.75,1.0975
S10,72,0.25,0.75,1.1406
S10,73,0.35,0.75,1.1697
S10,74,0.45,0.75,1.2056
S10,75,0.55,0.75,1.1127
S10,76,0.65,0.75,1.1061
S10,77,0.75,0.75,1.0563
S10,78,0.85,0.75,1.1674
S10,79,0.95,0.75,1.0617
S10,80,0.05,0.85,1.0089
S10,81,0.15,0.85,1.0479
S10,82,0.25,0.85,1.0508
S10,83,0.35,0.85,1.0736
S10,84,0.45,0.85,1.1686
S10,85,0.55,0.85,1.1196
S10,86,0.65,0.85,1.0911
S10,87,0.75,0.85,1.0258
S10,88,0.85,0.85,1.0412
S10,89,0.95,0.85,1.0377
S10,90,0.05,0.95,1.0164
S10,91,0.15,0.95,1.0717
S10,92,0.25,0.95,1.1274
S10,93,0.35,0.95,1.0725
S10,94,0.45,0.95,1.0961
S10,95,0.55,0.95,1.1048
S10,96,0.65,0.95,1.1309
S10,97,0.75,0.95,1.0674
S10,98,0.85,0.95,1.1456
S10,99,0.95,0.95,1.0189
S11,0,0.05,0.05,1.1332
S11,1,0.15,0.05,1.1325
S11,2,0.25,0.05,1.1232
S11,3,0.35,0.05,1.0543
S11,4,0.45,0.05,1.1221
S11,5,0.55,0.05,1.0243
S11,6,0.65,0.05,1.0915
S11,7,0.75,0.05,1.0613
S11,8,0.85,0.05,1.1385
S11,9,0.95,0.05,1.0545
S11,10,0.05,0.15,1.1172
S11,11,0.15,0.15,1.0191
S11,12,0.25,0.15,1.0316
S11,13,0.35,0.15,1.1122
S11,14,0.45,0.15,1.09
S11,15,0.55,0.15,1.0547
S11,16,0.65,0.15,1.034
S11,17,0.75,0.15,1.1156
S11,18,0.85,0.15,1.0717
S11,19,0.95,0.15,1.0476
S11,20,0.05,0.25,1.0081
S11,21,0.15,0.25,1.0457
S11,22,0.25,0.25,1.0339
S11,23,0.35,0.25,1.118
S11,24,0.45,0.25,1.1118
S11,25,0.55,0.25,1.1279
S11,26,0.65,0.25,1.1026
S11,27,0.75,0.25,1.1074
S11,28,0.85,0.25,1.0881
S11,29,0.95,0.25,1.0606
S11,30,0.05,0.35,1.0453
S11,31,0.15,0.35,1.072
S11,32,0.25,0.35,1.0684
S11,33,0.35,0.35,1.1917
S11,34,0.45,0.35,1.2526
S11,35,0.55,0.35,1.1707
S11,36,0.65,0.35,1.2616
S11,37,0.75,0.35,1.0641
S11,38,0.85,0.35,1.1587
S11,39,0.95,0.35,1.0629
S11,40,0.05,0.45,1.0464
S11,41,0.15,0.45,1.1025
S11,42,0.25,0.45,1.0629
S11,43,0.35,0.45,1.2367
S11,44,0.45,0.45,1.2782
S11,45,0.55,0.45,1.4923
S11,46,0.65,0.45,1.1975
S11,47,0.75,0.45,1.1871
S11,48,0.85,0.45,1.1127
S11,49,0.95,0.45,1.147
S11,50,0.05,0.55,1.1455
S11,51,0.15,0.55,1.0297
S11,52,0.25,0.55,1.129
S11,53,0.35,0.55,1.268
S11,54,0.45,0.55,1.2949
S11,55,0.55,0.55,1.4152
S11,56,0.65,0.55,1.2002
S11,57,0.75,0.55,1.1939
S11,58,0.85,0.55,1.1624
S11,59,0.95,0.55,1.1387
S11,60,0.05,0.65,1.0531
S11,61,0.15,0.65,1.1536
S11,62,0.25,0.65,1.0549
S11,63,0.35,0.65,1.1458
S11,64,0.45,0.65,1.2316
S11,65,0.55,0.65,1.1985
S11,66,0.65,0.65,1.1256
S11,67,0.75,0.65,1.0894
S11,68,0.85,0.65,1.0597
S11,69,0.95,0.65,1.1598
S11,70,0.05,0.75,1.0085
S11,71,0.15,0.75,1.1121
S11,72,0.25,0.75,1.0522
S11,73,0.35,0.75,1.0891
S11,74,0.45,0.75,1.1091
S11,75,0.55,0.75,1.1681
S11,76,0.65,0.75,1.0751
S11,77,0.75,0.75,1.0999
S11,78,0.85,0.75,1.0695
S11,79,0.95,0.75,1.0412
S11,80,0.05,0.85,1.0105
S11,81,0.15,0.85,1.0664
S11,82,0.25,0.85,1.0749
S11,83,0.35,0.85,1.1689
S11,84,0.45,0.85,1.0637
S11,85,0.55,0.85,1.1576
S11,86,0.65,0.85,1.1182
S11,87,0.75,0.85,1.1606
S11,88,0.85,0.85,1.0687
S11,89,0.95,0.85,1.06
S11,90,0.05,0.95,1.1074
S11,91,0.15,0.95,1.0677
S11,92,0.25,0.95,1.1091
S11,93,0.35,0.95,1.0848
S11,94,0.45,0.95,1.1018
S11,95,0.55,0.95,1.1088
S11,96,0.65,0.95,1.0818
S11,97,0.75,0.95,1.0508
S11,98,0.85,0.95,1.0505
S11,99,0.95,0.95,1.1422
S12,0,0.05,0.05,1.1375
S12,1,0.15,0.05,1.1515
S12,2,0.25,0.05,1.0662
S12,3,0.35,0.05,1.0714
S12,4,0.45,0.05,1.1368
S12,5,0.55,0.05,1.0914
S12,6,0.65,0.05,1.0469
S12,7,0.75,0.05,1.088
S12,8,0.85,0.05,1.0479
S12,9,0.95,0.05,1.0409
S12,10,0.05,0.15,1.1088
S12,11,0.15,0.15,1.1131
S12,12,0.25,0.15,1.0567
S12,13,0.35,0.15,1.0586
S12,14,0.45,0.15,1.0327
S12,15,0.55,0.15,1.0842
S12,16,0.65,0.15,1.0727
S12,17,0.75,0.15,1.1136
S12,18,0.85,0.15,1.0245
S12,19,0.95,0.15,1.0211
S12,20,0.05,0.25,1.1033
S12,21,0.15,0.25,1.0577
S12,22,0.25,0.25,1.0844
S12,23,0.35,0.25,1.09
S12,24,0.45,0.25,1.1486
S12,25,0.55,0.25,1.0967
S12,26,0.65,0.25,1.059
S12,27,0.75,0.25,1.0613
S12,28,0.85,0.25,1.0259
S12,29,0.95,0.25,1.0734
S12,30,0.05,0.35,1.0838
S12,31,0.15,0.35,1.1118
S12,32,0.25,0.35,1.0487
S12,33,0.35,0.35,1.2016
S12,34,0.45,0.35,1.1662
S12,35,0.55,0.35,1.178
S12,36,0.65,0.35,1.2373
S12,37,0.75,0.35,1.1328
S12,38,0.85,0.35,1.1591
S12,39,0.95,0.35,1.1077
S12,40,0.05,0.45,1.1086
S12,41,0.15,0.45,1.1569
S12,42,0.25,0.45,1.1627
S12,43,0.35,0.45,1.2086
S12,44,0.45,0.45,1.3891
S12,45,0.55,0.45,1.3525
S12,46,0.65,0.45,1.3013
S12,47,0.75,0.45,1.1548
S12,48,0.85,0.45,1.1215
S12,49,0.95,0.45,1.1245
S12,50,0.05,0.55,1.075
S12,51,0.15,0.55,1.1109
S12,52,0.25,0.55,1.2078
S12,53,0.35,0.55,1.2292
S12,54,0.45,0.55,1.4088
S12,55,0.55,0.55,1.4888
S12,56,0.65,0.55,1.2365
S12,57,0.75,0.55,1.1481
S12,58,0.85,0.55,1.1492
S12,59,0.95,0.55,1.0212
S12,60,0.05,0.65,1.0173
S12,61,0.15,0.65,1.0925
S12,62,0.25,0.65,1.1236
S12,63,0.35,0.65,1.1821
S12,64,0.45,0.65,1.2363
S12,65,0.55,0.65,1.2496
S12,66,0.65,0.65,1.1262
S12,67,0.75,0.65,1.0644
S12,68,0.85,0.65,1.0838
S12,69,0.95,0.65,1.0761
S12,70,0.05,0.75,1.098
S12,71,0.15,0.75,1.0986
S12,72,0.25,0.75,1.0896
S12,73,0.35,0.75,1.0991
S12,74,0.45,0.75,1.1508
S12,75,0.55,0.75,1.2121
S12,76,0.65,0.75,1.1619
S12,77,0.75,0.75,1.0486
S12,78,0.85,0.75,1.0719
S12,79,0.95,0.75,1.0401
S12,80,0.05,0.85,1.0426
S12,81,0.15,0.85,1.0252
S12,82,0.25,0.85,1.0372
S12,83,0.35,0.85,1.1028
S12,84,0.45,0.85,1.0807
S12,85,0.55,0.85,1.1157
S12,86,0.65,0.85,1.1531
S12,87,0.75,0.85,1.1114
S12,88,0.85,0.85,1.1474
S12,89,0.95,0.85,1.0471
S12,90,0.05,0.95,1.0639
S12,91,0.15,0.95,1.0986
S12,92,0.25,0.95,1.0661
S12,93,0.35,0.95,1.0524
S12,94,0.45,0.95,1.1222
S12,95,0.55,0.95,1.1556
S12,96,0.65,0.95,1.0303
S12,97,0.75,0.95,1.1519
S12,98,0.85,0.95,1.0451
S12,99,0.95,0.95,1.1463
S13,0,0.05,0.05,1.1347
S13,1,0.15,0.05,1.009
S13,2,0.25,0.05,1.0111
S13,3,0.35,0.05,1.0601
S13,4,0.45,0.05,1.0243
S13,5,0.55,0.05,1.0826
S13,6,0.65,0.05,1.1186
S13,7,0.75,0.05,1.0635
S13,8,0.85,0.05,1.0317
S13,9,0.95,0.05,1.1473
S13,10,0.05,0.15,1.0492
S13,11,0.15,0.15,1.0408
S13,12,0.25,0.15,1.0414
S13,13,0.35,0.15,1.1434
S13,14,0.45,0.15,1.0992
S13,15,0.55,0.15,1.1481
S13,16,0.65,0.15,1.1156
S13,17,0.75,0.15,1.0831
S13,18,0.85,0.15,1.0841
S13,19,0.95,0.15,1.0204
S13,20,0.05,0.25,1.0814
S13,21,0.15,0.25,1.1197
S13,22,0.25,0.25,1.1517
S13,23,0.35,0.25,1.1621
S13,24,0.45,0.25,1.1068
S13,25,0.55,0.25,1.1895
S13,26,0.65,0.25,1.073
S13,27,0.75,0.25,1.1415
S13,28,0.85,0.25,1.1116
S13,29,0.95,0.25,1.0665
S13,30,0.05,0.35,1.0841
S13,31,0.15,0.35,1.0313
S13,32,0.25,0.35,1.0592
S13,33,0.35,0.35,1.1235
S13,34,0.45,0.35,1.2044
S13,35,0.55,0.35,1.1757
S13,36,0.65,0.35,1.1511
S13,37,0.75,0.35,1.0761
S13,38,0.85,0.35,1.1455
S13,39,0.95,0.35,1.1593
S13,40,0.05,0.45,1.0638
S13,41,0.15,0.45,1.1652
S13,42,0.25,0.45,1.1
S13,43,0.35,0.45,1.237
S13,44,0.45,0.45,1.3407
S13,45,0.55,0.45,1.4551
S13,46,0.65,0.45,1.1849
S13,47,0.75,0.45,1.2277
S13,48,0.85,0.45,1.1639
S13,49,0.95,0.45,1.1512
S13,50,0.05,0.55,1.1232
S13,51,0.15,0.55,1.1452
S13,52,0.25,0.55,1.1709
S13,53,0.35,0.55,1.2301
S13,54,0.45,0.55,1.3058
S13,55,0.55,0.55,1.4837
S13,56,0.65,0.55,1.221
S13,57,0.75,0.55,1.2158
S13,58,0.85,0.55,1.0867
S13,59,0.95,0.55,1.0177
S13,60,0.05,0.65,1.0495
S13,61,0.15,0.65,1.133
S13,62,0.25,0.65,1.0924
S13,63,0.35,0.65,1.1382
S13,64,0.45,0.65,1.1605
S13,65,0.55,0.65,1.3064
S13,66,0.65,0.65,1.1135
S13,67,0.75,0.65,1.2069
S13,68,0.85,0.65,1.1357
S13,69,0.95,0.65,1.1113
S13,70,0.05,0.75,1.0241
S13,71,0.15,0.75,1.1033
S13,72,0.25,0.75,1.0609
S13,73,0.35,0.75,1.1522
S13,74,0.45,0.75,1.1841
S13,75,0.55,0.75,1.1152
S13,76,0.65,0.75,1.1753
S13,77,0.75,0.75,1.0875
S13,78,0.85,0.75,1.1446
S13,79,0.95,0.75,1.0385
S13,80,0.05,0.85,1.1108
S13,81,0.15,0.85,1.1487
S13,82,0.25,0.85,1.047
S13,83,0.35,0.85,1.1353
S13,84,0.45,0.85,1.0558
S13,85,0.55,0.85,1.1747
S13,86,0.65,0.85,1.167
S13,87,0.75,0.85,1.0925
S13,88,0.85,0.85,1.0568
S13,89,0.95,0.85,1.1513
S13,90,0.05,0.95,1.0593
S13,91,0.15,0.95,1.1304
S13,92,0.25,0.95,1.0345
S13,93,0.35,0.95,1.0871
S13,94,0.45,0.95,1.0354
S13,95,0.55,0.95,1.1445
S13,96,0.65,0.95,1.0559
S13,97,0.75,0.95,1.0927
S13,98,0.85,0.95,1.0749
S13,99,0.95,0.95,1.1025
S14,0,0.05,0.05,1.1047
S14,1,0.15,0.05,1.1021
S14,2,0.25,0.05,1.0741
S14,3,0.35,0.05,1.1269
S14,4,0.45,0.05,1.0562
S14,5,0.55,0.05,1.1521
S14,6,0.65,0.05,1.0889
S14,7,0.75,0.05,1.0279
S14,8,0.85,0.05,1.0318
S14,9,0.95,0.05,1.0343
S14,10,0.05,0.15,1.1233
S14,11,0.15,0.15,1.0617
S14,12,0.25,0.15,1.1167
S14,13,0.35,0.15,1.0358
S14,14,0.45,0.15,1.1125
S14,15,0.55,0.15,1.1729
S14,16,0.65,0.15,1.0626
S14,17,0.75,0.15,1.0755
S14,18,0.85,0.15,1.0573
S14,19,0.95,0.15,1.07
S14,20,0.05,0.25,1.0498
S14,21,0.15,0.25,1.1625
S14,22,0.25,0.25,1.0594
S14,23,0.35,0.25,1.0751
S14,24,0.45,0.25,1.1132
S14,25,0.55,0.25,1.1067
S14,26,0.65,0.25,1.0619
S14,27,0.75,0.25,1.0441
S14,28,0.85,0.25,1.1082
S14,29,0.95,0.25,1.1433
S14,30,0.05,0.35,1.1388
S14,31,0.15,0.35,1.1477
S14,32,0.25,0.35,1.1208
S14,33,0.35,0.35,1.2385
S14,34,0.45,0.35,1.1994
S14,35,0.55,0.35,1.2348
S14,36,0.65,0.35,1.2097
S14,37,0.75,0.35,1.0852
S14,38,0.85,0.35,1.1702
S14,39,0.95,0.35,1.0329
S14,40,0.05,0.45,1.0221
S14,41,0.15,0.45,1.1734
S14,42,0.25,0.45,1.1193
S14,43,0.35,0.45,1.2701
S14,44,0.45,0.45,1.3497
S14,45,0.55,0.45,1.4739
S14,46,0.65,0.45,1.2969
S14,47,0.75,0.45,1.1887
S14,48,0.85,0.45,1.0845
S14,49,0.95,0.45,1.1315
S14,50,0.05,0.55,1.1301
S14,51,0.15,0.55,1.1397
S14,52,0.25,0.55,1.1788
S14,53,0.35,0.55,1.2124
S14,54,0.45,0.55,1.3389
S14,55,0.55,0.55,1.3913
S14,56,0.65,0.55,1.2275
S14,57,0.75,0.55,1.2009
S14,58,0.85,0.55,1.1522
S14,59,0.95,0.55,1.1314
S14,60,0.05,0.65,1.1223
S14,61,0.15,0.65,1.137
S14,62,0.25,0.65,1.1656
S14,63,0.35,0.65,1.2124
S14,64,0.45,0.65,1.1763
S14,65,0.55,0.65,1.2081
S14,66,0.65,0.65,1.1401
S14,67,0.75,0.65,1.1059
S14,68,0.85,0.65,1.1085
S14,69,0.95,0.65,1.1527
S14,70,0.05,0.75,1.0334
S14,71,0.15,0.75,1.0314
S14,72,0.25,0.75,1.1664
S14,73,0.35,0.75,1.168
S14,74,0.45,0.75,1.1395
S14,75,0.55,0.75,1.1446
S14,76,0.65,0.75,1.0725
S14,77,0.75,0.75,1.149
S14,78,0.85,0.75,1.1159
S14,79,0.95,0.75,1.1115
S14,80,0.05,0.85,1.0501
S14,81,0.15,0.85,1.1547
S14,82,0.25,0.85,1.0389
S14,83,0.35,0.85,1.1665
S14,84,0.45,0.85,1.0368
S14,85,0.55,0.85,1.167
S14,86,0.65,0.85,1.1431
S14,87,0.75,0.85,1.1363
S14,88,0.85,0.85,1.1404
S14,89,0.95,0.85,1.1519
S14,90,0.05,0.95,1.122
S14,91,0.15,0.95,1.1495
S14,92,0.25,0.95,1.0873
S14,93,0.35,0.95,1.1417
S14,94,0.45,0.95,1.0274
S14,95,0.55,0.95,1.0927
S14,96,0.65,0.95,1.0332
S14,97,0.75,0.95,1.0464
S14,98,0.85,0.95,1.1465
S14,99,0.95,0.95,1.1219
S15,0,0.05,0.05,1.0108
S15,1,0.15,0.05,1.0748
S15,2,0.25,0.05,1.1436
S15,3,0.35,0.05,1.0561
S15,4,0.45,0.05,1.136
S15,5,0.55,0.05,1.0611
S15,6,0.65,0.05,1.0646
S15,7,0.75,0.05,1.0507
S15,8,0.85,0.05,1.0832
S15,9,0.95,0.05,1.0314
S15,10,0.05,0.15,1.0808
S15,11,0.15,0.15,1.0362
S15,12,0.25,0.15,1.0698
S15,13,0.35,0.15,1.0303
S15,14,0.45,0.15,1.0664
S15,15,0.55,0.15,1.0639
S15,16,0.65,0.15,1.1554
S15,17,0.75,0.15,1.1599
S15,18,0.85,0.15,1.0511
S15,19,0.95,0.15,1.1072
S15,20,0.05,0.25,1.0287
S15,21,0.15,0.25,1.0204
S15,22,0.25,0.25,1.1191
S15,23,0.35,0.25,1.1954
S15,24,0.45,0.25,1.1841
S15,25,0.55,0.25,1.1676
S15,26,0.65,0.25,1.1912
S15,27,0.75,0.25,1.1419
S15,28,0.85,0.25,1.1156
S15,29,0.95,0.25,1.0522
S15,30,0.05,0.35,1.0244
S15,31,0.15,0.35,1.1094
S15,32,0.25,0.35,1.1874
S15,33,0.35,0.35,1.1002
S15,34,0.45,0.35,1.2635
S15,35,0.55,0.35,1.307
S15,36,0.65,0.35,1.1598
S15,37,0.75,0.35,1.0631
S15,38,0.85,0.35,1.1051
S15,39,0.95,0.35,1.0256
S15,40,0.05,0.45,1.0277
S15,41,0.15,0.45,1.096
S15,42,0.25,0.45,1.1113
S15,43,0.35,0.45,1.2388
S15,44,0.45,0.45,1.3615
S15,45,0.55,0.45,1.4543
S15,46,0.65,0.45,1.3026
S15,47,0.75,0.45,1.1228
S15,48,0.85,0.45,1.1238
S15,49,0.95,0.45,1.0419
S15,50,0.05,0.55,1.0661
S15,51,0.15,0.55,1.1271
S15,52,0.25,0.55,1.1604
S15,53,0.35,0.55,1.1942
S15,54,0.45,0.55,1.3949
S15,55,0.55,0.55,1.3627
S15,56,0.65,0.55,1.2619
S15,57,0.75,0.55,1.1159
S15,58,0.85,0.55,1.1075
S15,59,0.95,0.55,1.1322
S15,60,0.05,0.65,1.0909
S15,61,0.15,0.65,1.1102
S15,62,0.25,0.65,1.1952
S15,63,0.35,0.65,1.1548
S15,64,0.45,0.65,1.2294
S15,65,0.55,0.65,1.2875
S15,66,0.65,0.65,1.194
S15,67,0.75,0.65,1.1938
S15,68,0.85,0.65,1.0517
S15,69,0.95,0.65,1.0627
S15,70,0.05,0.75,1.1131
S15,71,0.15,0.75,1.11
S15,72,0.25,0.75,1.0949
S15,73,0.35,0.75,1.0764
S15,74,0.45,0.75,1.1607
S15,75,0.55,0.75,1.1254
S15,76,0.65,0.75,1.1373
S15,77,0.75,0.75,1.1618
S15,78,0.85,0.75,1.14
S15,79,0.95,0.75,1.1122
S15,80,0.05,0.85,1.1209
S15,81,0.15,0.85,1.1506
S15,82,0.25,0.85,1.0813
S15,83,0.35,0.85,1.0701
S15,84,0.45,0.85,1.1422
S15,85,0.55,0.85,1.0723
S15,86,0.65,0.85,1.1251
S15,87,0.75,0.85,1.0749
S15,88,0.85,0.85,1.0853
S15,89,0.95,0.85,1.0644
S15,90,0.05,0.95,1.0449
S15,91,0.15,0.95,1.1152
S15,92,0.25,0.95,1.0652
S15,93,0.35,0.95,1.1415
S15,94,0.45,0.95,1.0411
S15,95,0.55,0.95,1.117
S15,96,0.65,0.95,1.0863
S15,97,0.75,0.95,1.0775
S15,98,0.85,0.95,1.1455
S15,99,0.95,0.95,1.0559
S16,0,0.05,0.05,1.05
S16,1,0.15,0.05,1.0308
S16,2,0.25,0.05,1.1446
S16,3,0.35,0.05,1.0277
S16,4,0.45,0.05,1.0974
S16,5,0.55,0.05,1.0749
S16,6,0.65,0.05,1.1526
S16,7,0.75,0.05,1.0506
S16,8,0.85,0.05,1.0151
S16,9,0.95,0.05,1.0385
S16,10,0.05,0.15,1.0462
S16,11,0.15,0.15,1.0149
S16,12,0.25,0.15,1.0302
S16,13,0.35,0.15,1.0875
S16,14,0.45,0.15,1.1016
S16,15,0.55,0.15,1.0889
S16,16,0.65,0.15,1.1468
S16,17,0.75,0.15,1.1234
S16,18,0.85,0.15,1.0962
S16,19,0.95,0.15,1.07
S16,20,0.05,0.25,1.0822
S16,21,0.15,0.25,1.0755
S16,22,0.25,0.25,1.1393
S16,23,0.35,0.25,1.0621
S16,24,0.45,0.25,1.1179
S16,25,0.55,0.25,1.1466
S16,26,0.65,0.25,1.1142
S16,27,0.75,0.25,1.0707
S16,28,0.85,0.25,1.1287
S16,29,0.95,0.25,1.1585
S16,30,0.05,0.35,1.129
S16,31,0.15,0.35,1.0754
S16,32,0.25,0.35,1.0612
S16,33,0.35,0.35,1.2185
S16,34,0.45,0.35,1.2029
S16,35,0.55,0.35,1.2986
S16,36,0.65,0.35,1.2036
S16,37,0.75,0.35,1.1222
S16,38,0.85,0.35,1.1444
S16,39,0.95,0.35,1.0481
S16,40,0.05,0.45,1.1086
S16,41,0.15,0.45,1.1735
S16,42,0.25,0.45,1.2056
S16,43,0.35,0.45,1.2691
S16,44,0.45,0.45,1.2961
S16,45,0.55,0.45,1.4308
S16,46,0.65,0.45,1.1823
S16,47,0.75,0.45,1.2253
S16,48,0.85,0.45,1.1047
S16,49,0.95,0.45,1.1276
S16,50,0.05,0.55,1.1499
S16,51,0.15,0.55,1.1112
S16,52,0.25,0.55,1.0997
S16,53,0.35,0.55,1.1419
S16,54,0.45,0.55,1.3017
S16,55,0.55,0.55,1.3955
S16,56,0.65,0.55,1.2183
S16,57,0.75,0.55,1.2122
S16,58,0.85,0.55,1.1061
S16,59,0.95,0.55,1.1196
S16,60,0.05,0.65,1.0291
S16,61,0.15,0.65,1.0336
S16,62,0.25,0.65,1.0995
S16,63,0.35,0.65,1.1562
S16,64,0.45,0.65,1.2703
S16,65,0.55,0.65,1.1629
S16,66,0.65,0.65,1.216
S16,67,0.75,0.65,1.1873
S16,68,0.85,0.65,1.0826
S16,69,0.95,0.65,1.0594
S16,70,0.05,0.75,1.0358
S16,71,0.15,0.75,1.0374
S16,72,0.25,0.75,1.1084
S16,73,0.35,0.75,1.1548
S16,74,0.45,0.75,1.1516
S16,75,0.55,0.75,1.1046
S16,76,0.65,0.75,1.0931
S16,77,0.75,0.75,1.056
S16,78,0.85,0.75,1.0294
S16,79,0.95,0.75,1.1255
S16,80,0.05,0.85,1.1195
S16,81,0.15,0.85,1.0148
S16,82,0.25,0.85,1.1132
S16,83,0.35,0.85,1.1735
S16,84,0.45,0.85,1.0711
S16,85,0.55,0.85,1.0395
S16,86,0.65,0.85,1.0419
S16,87,0.75,0.85,1.0908
S16,88,0.85,0.85,1.1569
S16,89,0.95,0.85,1.0946
S16,90,0.05,0.95,1.0063
S16,91,0.15,0.95,1.0301
S16,92,0.25,0.95,1.1129
S16,93,0.35,0.95,1.1109
S16,94,0.45,0.95,1.056
S16,95,0.55,0.95,1.0181
S16,96,0.65,0.95,1.1062
S16,97,0.75,0.95,1.1503
S16,98,0.85,0.95,1.1197
S16,99,0.95,0.95,1.0307
S17,0,0.05,0.05,1.1034
S17,1,0.15,0.05,1.1149
S17,2,0.25,0.05,1.1169
S17,3,0.35,0.05,1.1064
S17,4,0.45,0.05,1.0915
S17,5,0.55,0.05,1.1516
S17,6,0.65,0.05,1.0607
S17,7,0.75,0.05,1.0857
S17,8,0.85,0.05,1.086
S17,9,0.95,0.05,1.0212
S17,10,0.05,0.15,1.0546
S17,11,0.15,0.15,1.0641
S17,12,0.25,0.15,1.0773
S17,13,0.35,0.15,1.0783
S17,14,0.45,0.15,1.1682
S17,15,0.55,0.15,1.0871
S17,16,0.65,0.15,1.0978
S17,17,0.75,0.15,1.0257
S17,18,0.85,0.15,1.1421
S17,19,0.95,0.15,1.1541
S17,20,0.05,0.25,1.0307
S17,21,0.15,0.25,1.1177
S17,22,0.25,0.25,1.1706
S17,23,0.35,0.25,1.1573
S17,24,0.45,0.25,1.2141
S17,25,0.55,0.25,1.112
S17,26,0.65,0.25,1.1982
S17,27,0.75,0.25,1.0818
S17,28,0.85,0.25,1.133
S17,29,0.95,0.25,1.0552
S17,30,0.05,0.35,1.0974
S17,31,0.15,0.35,1.0234
S17,32,0.25,0.35,1.0969
S17,33,0.35,0.35,1.2355
S17,34,0.45,0.35,1.2925
S17,35,0.55,0.35,1.1699
S17,36,0.65,0.35,1.1412
S17,37,0.75,0.35,1.1697
S17,38,0.85,0.35,1.125
S17,39,0.95,0.35,1.1136
S17,40,0.05,0.45,1.1578
S17,41,0.15,0.45,1.0512
S17,42,0.25,0.45,1.138
S17,43,0.35,0.45,1.1644
S17,44,0.45,0.45,1.3418
S17,45,0.55,0.45,1.4461
S17,46,0.65,0.45,1.2859
S17,47,0.75,0.45,1.1509
S17,48,0.85,0.45,1.0938
S17,49,0.95,0.45,1.1068
S17,50,0.05,0.55,1.1067
S17,51,0.15,0.55,1.0958
S17,52,0.25,0.55,1.166
S17,53,0.35,0.55,1.1508
S17,54,0.45,0.55,1.3084
S17,55,0.55,0.55,1.3987
S17,56,0.65,0.55,1.199
S17,57,0.75,0.55,1.0895
S17,58,0.85,0.55,1.1718
S17,59,0.95,0.55,1.1407
S17,60,0.05,0.65,1.0637
S17,61,0.15,0.65,1.0802
S17,62,0.25,0.65,1.0851
S17,63,0.35,0.65,1.1852
S17,64,0.45,0.65,1.184
S17,65,0.55,0.65,1.1775
S17,66,0.65,0.65,1.1617
S17,67,0.75,0.65,1.1377
S17,68,0.85,0.65,1.1612
S17,69,0.95,0.65,1.1057
S17,70,0.05,0.75,1.0554
S17,71,0.15,0.75,1.0988
S17,72,0.25,0.75,1.1454
S17,73,0.35,0.75,1.1218
S17,74,0.45,0.75,1.1196
S17,75,0.55,0.75,1.1414
S17,76,0.65,0.75,1.0839
S17,77,0.75,0.75,1.1546
S17,78,0.85,0.75,1.1486
S17,79,0.95,0.75,1.1141
S17,80,0.05,0.85,1.047
S17,81,0.15,0.85,1.0797
S17,82,0.25,0.85,1.0922
S17,83,0.35,0.85,1.1588
S17,84,0.45,0.85,1.0488
S17,85,0.55,0.85,1.0418
S17,86,0.65,0.85,1.1455
S17,87,0.75,0.85,1.0547
S17,88,0.85,0.85,1.0302
S17,89,0.95,0.85,1.0491
S17,90,0.05,0.95,1.1006
S17,91,0.15,0.95,1.0512
S17,92,0.25,0.95,1.1294
S17,93,0.35,0.95,1.0485
S17,94,0.45,0.95,1.1195
S17,95,0.55,0.95,1.0785
S17,96,0.65,0.95,1.1101
S17,97,0.75,0.95,1.1456
S17,98,0.85,0.95,1.1112
S17,99,0.95,0.95,1.0493
S18,0,0.05,0.05,1.0052
S18,1,0.15,0.05,1.0135
S18,2,0.25,0.05,1.1481
S18,3,0.35,0.05,1.0214
S18,4,0.45,0.05,1.1093
S18,5,0.55,0.05,1.1
S18,6,0.65,0.05,1.0952
S18,7,0.75,0.05,1.0594
S18,8,0.85,0.05,1.0065
S18,9,0.95,0.05,1.0969
S18,10,0.05,0.15,1.061
S18,11,0.15,0.15,1.0315
S18,12,0.25,0.15,1.102
S18,13,0.35,0.15,1.0444
S18,14,0.45,0.15,1.0905
S18,15,0.55,0.15,1.1531
S18,16,0.65,0.15,1.1682
S18,17,0.75,0.15,1.0598
S18,18,0.85,0.15,1.0179
S18,19,0.95,0.15,1.0548
S18,20,0.05,0.25,1.0469
S18,21,0.15,0.25,1.1192
S18,22,0.25,0.25,1.1449
S18,23,0.35,0.25,1.1649
S18,24,0.45,0.25,1.1048
S18,25,0.55,0.25,1.1264
S18,26,0.65,0.25,1.1404
S18,27,0.75,0.25,1.1566
S18,28,0.85,0.25,1.1267
S18,29,0.95,0.25,1.0588
S18,30,0.05,0.35,1.0282
S18,31,0.15,0.35,1.1433
S18,32,0.25,0.35,1.0986
S18,33,0.35,0.35,1.1376
S18,34,0.45,0.35,1.217
S18,35,0.55,0.35,1.1875
S18,36,0.65,0.35,1.2236
S18,37,0.75,0.35,1.1662
S18,38,0.85,0.35,1.0498
S18,39,0.95,0.35,1.073
S18,40,0.05,0.45,1.0268
S18,41,0.15,0.45,1.0363
S18,42,0.25,0.45,1.1637
S18,43,0.35,0.45,1.146
S18,44,0.45,0.45,1.2801
S18,45,0.55,0.45,1.4709
S18,46,0.65,0.45,1.2541
S18,47,0.75,0.45,1.1533
S18,48,0.85,0.45,1.177
S18,49,0.95,0.45,1.1583
S18,50,0.05,0.55,1.0906
S18,51,0.15,0.55,1.1068
S18,52,0.25,0.55,1.0764
S18,53,0.35,0.55,1.2607
S18,54,0.45,0.55,1.3162
S18,55,0.55,0.55,1.4175
S18,56,0.65,0.55,1.3262
S18,57,0.75,0.55,1.213
S18,58,0.85,0.55,1.0441
S18,59,0.95,0.55,1.089
S18,60,0.05,0.65,1.111
S18,61,0.15,0.65,1.1466
S18,62,0.25,0.65,1.1531
S18,63,0.35,0.65,1.2014
S18,64,0.45,0.65,1.1639
S18,65,0.55,0.65,1.2143
S18,66,0.65,0.65,1.1751
S18,67,0.75,0.65,1.1197
S18,68,0.85,0.65,1.082
S18,69,0.95,0.65,1.0971
S18,70,0.05,0.75,1.0167
S18,71,0.15,0.75,1.0595
S18,72,0.25,0.75,1.0616
S18,73,0.35,0.75,1.0672
S18,74,0.45,0.75,1.1137
S18,75,0.55,0.75,1.1727
S18,76,0.65,0.75,1.0695
S18,77,0.75,0.75,1.069
S18,78,0.85,0.75,1.1288
S18,79,0.95,0.75,1.0514
S18,80,0.05,0.85,1.0753
S18,81,0.15,0.85,1.1264
S18,82,0.25,0.85,1.0474
S18,83,0.35,0.85,1.0475
S18,84,0.45,0.85,1.1163
S18,85,0.55,0.85,1.1702
S18,86,0.65,0.85,1.1048
S18,87,0.75,0.85,1.1147
S18,88,0.85,0.85,1.1535
S18,89,0.95,0.85,1.0279
S18,90,0.05,0.95,1.1466
S18,91,0.15,0.95,1.0988
S18,92,0.25,0.95,1.056
S18,93,0.35,0.95,1.1382
S18,94,0.45,0.95,1.0399
S18,95,0.55,0.95,1.0348
S18,96,0.65,0.95,1.1145
S18,97,0.75,0.95,1.018
S18,98,0.85,0.95,1.1271
S18,99,0.95,0.95,1.1
S19,0,0.05,0.05,1.143
S19,1,0.15,0.05,1.0183
S19,2,0.25,0.05,1.1246
S19,3,0.35,0.05,1.1369
S19,4,0.45,0.05,1.0391
S19,5,0.55,0.05,1.1424
S19,6,0.65,0.05,1.0471
S19,7,0.75,0.05,1.0844
S19,8,0.85,0.05,1.1482
S19,9,0.95,0.05,1.058
S19,10,0.05,0.15,1.0228
S19,11,0.15,0.15,1.0563
S19,12,0.25,0.15,1.0923
S19,13,0.35,0.15,1.1682
S19,14,0.45,0.15,1.1573
S19,15,0.55,0.15,1.1458
S19,16,0.65,0.15,1.0776
S19,17,0.75,0.15,1.1498
S19,18,0.85,0.15,1.0503
S19,19,0.95,0.15,1.118
S19,20,0.05,0.25,1.0626
S19,21,0.15,0.25,1.1083
S19,22,0.25,0.25,1.0716
S19,23,0.35,0.25,1.0919
S19,24,0.45,0.25,1.1803
S19,25,0.55,0.25,1.1168
S19,26,0.65,0.25,1.0607
S19,27,0.75,0.25,1.0605
S19,28,0.85,0.25,1.124
S19,29,0.95,0.25,1.1291
S19,30,0.05,0.35,1.075
S19,31,0.15,0.35,1.1507
S19,32,0.25,0.35,1.0536
S19,33,0.35,0.35,1.2259
S19,34,0.45,0.35,1.1825
S19,35,0.55,0.35,1.2772
S19,36,0.65,0.35,1.228
S19,37,0.75,0.35,1.0831
S19,38,0.85,0.35,1.0927
S19,39,0.95,0.35,1.1414
S19,40,0.05,0.45,1.0197
S19,41,0.15,0.45,1.1313
S19,42,0.25,0.45,1.0641
S19,43,0.35,0.45,1.2661
S19,44,0.45,0.45,1.3436
S19,45,0.55,0.45,1.4326
S19,46,0.65,0.45,1.2782
S19,47,0.75,0.45,1.1777
S19,48,0.85,0.45,1.1557
S19,49,0.95,0.45,1.0655
S19,50,0.05,0.55,1.1347
S19,51,0.15,0.55,1.1045
S19,52,0.25,0.55,1.1321
S19,53,0.35,0.55,1.2825
S19,54,0.45,0.55,1.2893
S19,55,0.55,0.55,1.4897
S19,56,0.65,0.55,1.3191
S19,57,0.75,0.55,1.2067
S19,58,0.85,0.55,1.0476
S19,59,0.95,0.55,1.1617
S19,60,0.05,0.65,1.0421
S19,61,0.15,0.65,1.1107
S19,62,0.25,0.65,1.1356
S19,63,0.35,0.65,1.2051
S19,64,0.45,0.65,1.2731
S19,65,0.55,0.65,1.1754
S19,66,0.65,0.65,1.2104
S19,67,0.75,0.65,1.0946
S19,68,0.85,0.65,1.1673
S19,69,0.95,0.65,1.0601
S19,70,0.05,0.75,1.078
S19,71,0.15,0.75,1.0502
S19,72,0.25,0.75,1.0939
S19,73,0.35,0.75,1.1726
S19,74,0.45,0.75,1.2002
S19,75,0.55,0.75,1.1978
S19,76,0.65,0.75,1.09
S19,77,0.75,0.75,1.13
S19,78,0.85,0.75,1.0403
S19,79,0.95,0.75,1.0663
S19,80,0.05,0.85,1.1258
S19,81,0.15,0.85,1.1211
S19,82,0.25,0.85,1.1576
S19,83,0.35,0.85,1.0801
S19,84,0.45,0.85,1.174
S19,85,0.55,0.85,1.1545
S19,86,0.65,0.85,1.0958
S19,87,0.75,0.85,1.056
S19,88,0.85,0.85,1.1476
S19,89,0.95,0.85,1.0645
S19,90,0.05,0.95,1.0199
S19,91,0.15,0.95,1.0819
S19,92,0.25,0.95,1.0784
S19,93,0.35,0.95,1.0797
S19,94,0.45,0.95,1.0699
S19,95,0.55,0.95,1.1415
S19,96,0.65,0.95,1.0162
S19,97,0.75,0.95,1.0916
S19,98,0.85,0.95,1.0545
S19,99,0.95,0.95,1.0172
S20,0,0.05,0.05,1.1137
S20,1,0.15,0.05,1.0305
S20,2,0.25,0.05,1.1478
S20,3,0.35,0.05,1.1388
S20,4,0.45,0.05,1.1238
S20,5,0.55,0.05,1.1376
S20,6,0.65,0.05,1.018
S20,7,0.75,0.05,1.0545
S20,8,0.85,0.05,1.1503
S20,9,0.95,0.05,1.1257
S20,10,0.05,0.15,1.1001
S20,11,0.15,0.15,1.0611
S20,12,0.25,0.15,1.1447
S20,13,0.35,0.15,1.0317
S20,14,0.45,0.15,1.1754
S20,15,0.55,0.15,1.1799
S20,16,0.65,0.15,1.0809
S20,17,0.75,0.15,1.1118
S20,18,0.85,0.15,1.0139
S20,19,0.95,0.15,1.1193
S20,20,0.05,0.25,1.1499
S20,21,0.15,0.25,1.0372
S20,22,0.25,0.25,1.0803
S20,23,0.35,0.25,1.0901
S20,24,0.45,0.25,1.1578
S20,25,0.55,0.25,1.119
S20,26,0.65,0.25,1.0833
S20,27,0.75,0.25,1.0542
S20,28,0.85,0.25,1.0694
S20,29,0.95,0.25,1.0382
S20,30,0.05,0.35,1.156
S20,31,0.15,0.35,1.1668
S20,32,0.25,0.35,1.1492
S20,33,0.35,0.35,1.2134
S20,34,0.45,0.35,1.1968
S20,35,0.55,0.35,1.1801
S20,36,0.65,0.35,1.1816
S20,37,0.75,0.35,1.1169
S20,38,0.85,0.35,1.135
S20,39,0.95,0.35,1.1606
S20,40,0.05,0.45,1.137
S20,41,0.15,0.45,1.0309
S20,42,0.25,0.45,1.1056
S20,43,0.35,0.45,1.2385
S20,44,0.45,0.45,1.3082
S20,45,0.55,0.45,1.4827
S20,46,0.65,0.45,1.2005
S20,47,0.75,0.45,1.1653
S20,48,0.85,0.45,1.0427
S20,49,0.95,0.45,1.0613
S20,50,0.05,0.55,1.0293
S20,51,0.15,0.55,1.1005
S20,52,0.25,0.55,1.0942
S20,53,0.35,0.55,1.2795
S20,54,0.45,0.55,1.3049
S20,55,0.55,0.55,1.3942
S20,56,0.65,0.55,1.2513
S20,57,0.75,0.55,1.2163
S20,58,0.85,0.55,1.056
S20,59,0.95,0.55,1.0683
S20,60,0.05,0.65,1.1361
S20,61,0.15,0.65,1.0819
S20,62,0.25,0.65,1.084
S20,63,0.35,0.65,1.1683
S20,64,0.45,0.65,1.2028
S20,65,0.55,0.65,1.1942
S20,66,0.65,0.65,1.147
S20,67,0.75,0.65,1.1621
S20,68,0.85,0.65,1.1673
S20,69,0.95,0.65,1.0162
S20,70,0.05,0.75,1.0283
S20,71,0.15,0.75,1.0905
S20,72,0.25,0.75,1.1274
S20,73,0.35,0.75,1.1783
S20,74,0.45,0.75,1.2091
S20,75,0.55,0.75,1.0872
S20,76,0.65,0.75,1.1724
S20,77,0.75,0.75,1.1651
S20,78,0.85,0.75,1.0886
S20,79,0.95,0.75,1.0384
S20,80,0.05,0.85,1.1291
S20,81,0.15,0.85,1.0938
S20,82,0.25,0.85,1.0206
S20,83,0.35,0.85,1.1162
S20,84,0.45,0.85,1.0503
S20,85,0.55,0.85,1.1461
S20,86,0.65,0.85,1.09
S20,87,0.75,0.85,1.1187
S20,88,0.85,0.85,1.013
S20,89,0.95,0.85,1.1301
S20,90,0.05,0.95,1.1529
S20,91,0.15,0.95,1.1533
S20,92,0.25,0.95,1.0189
S20,93,0.35,0.95,1.1611
S20,94,0.45,0.95,1.0305
S20,95,0.55,0.95,1.0669
S20,96,0.65,0.95,1.0333
S20,97,0.75,0.95,1.0918
S20,98,0.85,0.95,1.0332
S20,99,0.95,0.95,1.1228
S21,0,0.05,0.05,1.0625
S21,1,0.15,0.05,1.0457
S21,2,0.25,0.05,1.1157
S21,3,0.35,0.05,1.1341
S21,4,0.45,0.05,1.044
S21,5,0.55,0.05,1.1589
S21,6,0.65,0.05,1.1622
S21,7,0.75,0.05,1.0868
S21,8,0.85,0.05,1.0485
S21,9,0.95,0.05,1.0905
S21,10,0.05,0.15,1.1547
S21,11,0.15,0.15,1.1413
S21,12,0.25,0.15,1.1121
S21,13,0.35,0.15,1.0876
S21,14,0.45,0.15,1.068
S21,15,0.55,0.15,1.1231
S21,16,0.65,0.15,1.0769
S21,17,0.75,0.15,1.1366
S21,18,0.85,0.15,1.1507
S21,19,0.95,0.15,1.024
S21,20,0.05,0.25,1.1534
S21,21,0.15,0.25,1.0901
S21,22,0.25,0.25,1.1428
S21,23,0.35,0.25,1.1069
S21,24,0.45,0.25,1.1834
S21,25,0.55,0.25,1.0926
S21,26,0.65,0.25,1.1241
S21,27,0.75,0.25,1.0366
S21,28,0.85,0.25,1.0703
S21,29,0.95,0.25,1.112
S21,30,0.05,0.35,1.1203
S21,31,0.15,0.35,1.1679
S21,32,0.25,0.35,1.1008
S21,33,0.35,0.35,1.2008
S21,34,0.45,0.35,1.1855
S21,35,0.55,0.35,1.1696
S21,36,0.65,0.35,1.1625
S21,37,0.75,0.35,1.0918
S21,38,0.85,0.35,1.1268
S21,39,0.95,0.35,1.1454
S21,40,0.05,0.45,1.144
S21,41,0.15,0.45,1.0393
S21,42,0.25,0.45,1.2048
S21,43,0.35,0.45,1.2297
S21,44,0.45,0.45,1.3863
S21,45,0.55,0.45,1.3749
S21,46,0.65,0.45,1.249
S21,47,0.75,0.45,1.2025
S21,48,0.85,0.45,1.1806
S21,49,0.95,0.45,1.0617
S21,50,0.05,0.55,1.0988
S21,51,0.15,0.55,1.1033
S21,52,0.25,0.55,1.075
S21,53,0.35,0.55,1.2606
S21,54,0.45,0.55,1.293
S21,55,0.55,0.55,1.3612
S21,56,0.65,0.55,1.2559
S21,57,0.75,0.55,1.1009
S21,58,0.85,0.55,1.1335
S21,59,0.95,0.55,1.1357
S21,60,0.05,0.65,1.086
S21,61,0.15,0.65,1.0906
S21,62,0.25,0.65,1.1094
S21,63,0.35,0.65,1.2295
S21,64,0.45,0.65,1.2231
S21,65,0.55,0.65,1.1769
S21,66,0.65,0.65,1.2409
S21,67,0.75,0.65,1.1166
S21,68,0.85,0.65,1.1684
S21,69,0.95,0.65,1.0484
S21,70,0.05,0.75,1.0679
S21,71,0.15,0.75,1.1527
S21,72,0.25,0.75,1.0729
S21,73,0.35,0.75,1.1199
S21,74,0.45,0.75,1.0965
S21,75,0.55,0.75,1.2077
S21,76,0.65,0.75,1.0829
S21,77,0.75,0.75,1.1472
S21,78,0.85,0.75,1.1241
S21,79,0.95,0.75,1.0442
S21,80,0.05,0.85,1.1476
S21,81,0.15,0.85,1.0441
S21,82,0.25,0.85,1.1454
S21,83,0.35,0.85,1.1327
S21,84,0.45,0.85,1.0572
S21,85,0.55,0.85,1.0577
S21,86,0.65,0.85,1.1161
S21,87,0.75,0.85,1.039
S21,88,0.85,0.85,1.0162
S21,89,0.95,0.85,1.0717
S21,90,0.05,0.95,1.0728
S21,91,0.15,0.95,1.034
S21,92,0.25,0.95,1.1044
S21,93,0.35,0.95,1.0971
S21,94,0.45,0.95,1.1336
S21,95,0.55,0.95,1.041
S21,96,0.65,0.95,1.0486
S21,97,0.75,0.95,1.0799
S21,98,0.85,0.95,1.0723
S21,99,0.95,0.95,1.0264
S22,0,0.05,0.05,1.0438
S22,1,0.15,0.05,1.0212
S22,2,0.25,0.05,1.0309
S22,3,0.35,0.05,1.0628
S22,4,0.45,0.05,1.0537
S22,5,0.55,0.05,1.0879
S22,6,0.65,0.05,1.1223
S22,7,0.75,0.05,1.0904
S22,8,0.85,0.05,1.0624
S22,9,0.95,0.05,1.0066
S22,10,0.05,0.15,1.0879
S22,11,0.15,0.15,1.0899
S22,12,0.25,0.15,1.1647
S22,13,0.35,0.15,1.0298
S22,14,0.45,0.15,1.0782
S22,15,0.55,0.15,1.1673
S22,16,0.65,0.15,1.1568
S22,17,0.75,0.15,1.038
S22,18,0.85,0.15,1.0438
S22,19,0.95,0.15,1.0667
S22,20,0.05,0.25,1.0431
S22,21,0.15,0.25,1.0404
S22,22,0.25,0.25,1.0908
S22,23,0.35,0.25,1.1197
S22,24,0.45,0.25,1.1036
S22,25,0.55,0.25,1.1922
S22,26,0.65,0.25,1.0717
S22,27,0.75,0.25,1.1562
S22,28,0.85,0.25,1.13
S22,29,0.95,0.25,1.0202
S22,30,0.05,0.35,1.0269
S22,31,0.15,0.35,1.1078
S22,32,0.25,0.35,1.1388
S22,33,0.35,0.35,1.1786
S22,34,0.45,0.35,1.209
S22,35,0.55,0.35,1.2863
S22,36,0.65,0.35,1.187
S22,37,0.75,0.35,1.0715
S22,38,0.85,0.35,1.1181
S22,39,0.95,0.35,1.0667
S22,40,0.05,0.45,1.0781
S22,41,0.15,0.45,1.1674
S22,42,0.25,0.45,1.1411
S22,43,0.35,0.45,1.1679
S22,44,0.45,0.45,1.3099
S22,45,0.55,0.45,1.4942
S22,46,0.65,0.45,1.2133
S22,47,0.75,0.45,1.1501
S22,48,0.85,0.45,1.1391
S22,49,0.95,0.45,1.1665
S22,50,0.05,0.55,1.1533
S22,51,0.15,0.55,1.1465
S22,52,0.25,0.55,1.2057
S22,53,0.35,0.55,1.2762
S22,54,0.45,0.55,1.3968
S22,55,0.55,0.55,1.4697
S22,56,0.65,0.55,1.2041
S22,57,0.75,0.55,1.2031
S22,58,0.85,0.55,1.0484
S22,59,0.95,0.55,1.1022
S22,60,0.05,0.65,1.0798
S22,61,0.15,0.65,1.164
S22,62,0.25,0.65,1.0637
S22,63,0.35,0.65,1.1618
S22,64,0.45,0.65,1.1705
S22,65,0.55,0.65,1.1904
S22,66,0.65,0.65,1.1305
S22,67,0.75,0.65,1.0899
S22,68,0.85,0.65,1.1318
S22,69,0.95,0.65,1.0577
S22,70,0.05,0.75,1.0321
S22,71,0.15,0.75,1.0674
S22,72,0.25,0.75,1.0844
S22,73,0.35,0.75,1.0726
S22,74,0.45,0.75,1.1201
S22,75,0.55,0.75,1.2068
S22,76,0.65,0.75,1.1802
S22,77,0.75,0.75,1.0507
S22,78,0.85,0.75,1.0903
S22,79,0.95,0.75,1.0417
S22,80,0.05,0.85,1.0684
S22,81,0.15,0.85,1.1395
S22,82,0.25,0.85,1.0482
S22,83,0.35,0.85,1.0627
S22,84,0.45,0.85,1.0933
S22,85,0.55,0.85,1.0508
S22,86,0.65,0.85,1.1501
S22,87,0.75,0.85,1.0605
S22,88,0.85,0.85,1.1561
S22,89,0.95,0.85,1.1129
S22,90,0.05,0.95,1.1174
S22,91,0.15,0.95,1.1165
S22,92,0.25,0.95,1.0246
S22,93,0.35,0.95,1.0262
S22,94,0.45,0.95,1.1622
S22,95,0.55,0.95,1.1507
S22,96,0.65,0.95,1.1193
S22,97,0.75,0.95,1.1201
S22,98,0.85,0.95,1.0193
S22,99,0.95,0.95,1.1172
S23,0,0.05,0.05,1.1347
S23,1,0.15,0.05,1.0794
S23,2,0.25,0.05,1.0657
S23,3,0.35,0.05,1.1263
S23,4,0.45,0.05,1.0862
S23,5,0.55,0.05,1.089
S23,6,0.65,0.05,1.027
S23,7,0.75,0.05,1.0908
S23,8,0.85,0.05,1.1371
S23,9,0.95,0.05,1.0483
S23,10,0.05,0.15,1.1542
S23,11,0.15,0.15,1.1404
S23,12,0.25,0.15,1.0687
S23,13,0.35,0.15,1.1653
S23,14,0.45,0.15,1.0627
S23,15,0.55,0.15,1.0996
S23,16,0.65,0.15,1.1192
S23,17,0.75,0.15,1.1264
S23,18,0.85,0.15,1.1076
S23,19,0.95,0.15,1.112
S23,20,0.05,0.25,1.1467
S23,21,0.15,0.25,1.0375
S23,22,0.25,0.25,1.1474
S23,23,0.35,0.25,1.0537
S23,24,0.45,0.25,1.1926
S23,25,0.55,0.25,1.2057
S23,26,0.65,0.25,1.1847
S23,27,0.75,0.25,1.1318
S23,28,0.85,0.25,1.1145
S23,29,0.95,0.25,1.0537
S23,30,0.05,0.35,1.0153
S23,31,0.15,0.35,1.0382
S23,32,0.25,0.35,1.1014
S23,33,0.35,0.35,1.1355
S23,34,0.45,0.35,1.1915
S23,35,0.55,0.35,1.2384
S23,36,0.65,0.35,1.1167
S23,37,0.75,0.35,1.1882
S23,38,0.85,0.35,1.1352
S23,39,0.95,0.35,1.0392
S23,40,0.05,0.45,1.0349
S23,41,0.15,0.45,1.1244
S23,42,0.25,0.45,1.1151
S23,43,0.35,0.45,1.2439
S23,44,0.45,0.45,1.2977
S23,45,0.55,0.45,1.3491
S23,46,0.65,0.45,1.3149
S23,47,0.75,0.45,1.215
S23,48,0.85,0.45,1.1118
S23,49,0.95,0.45,1.1636
S23,50,0.05,0.55,1.0479
S23,51,0.15,0.55,1.1133
S23,52,0.25,0.55,1.1363
S23,53,0.35,0.55,1.2662
S23,54,0.45,0.55,1.3758
S23,55,0.55,0.55,1.467
S23,56,0.65,0.55,1.2066
S23,57,0.75,0.55,1.1458
S23,58,0.85,0.55,1.1322
S23,59,0.95,0.55,1.1581
S23,60,0.05,0.65,1.0512
S23,61,0.15,0.65,1.0322
S23,62,0.25,0.65,1.1316
S23,63,0.35,0.65,1.2319
S23,64,0.45,0.65,1.2689
S23,65,0.55,0.65,1.263
S23,66,0.65,0.65,1.1186
S23,67,0.75,0.65,1.1872
S23,68,0.85,0.65,1.0895
S23,69,0.95,0.65,1.0365
S23,70,0.05,0.75,1.0294
S23,71,0.15,0.75,1.0277
S23,72,0.25,0.75,1.0755
S23,73,0.35,0.75,1.1708
S23,74,0.45,0.75,1.1235
S23,75,0.55,0.75,1.2092
S23,76,0.65,0.75,1.1472
S23,77,0.75,0.75,1.1792
S23,78,0.85,0.75,1.1574
S23,79,0.95,0.75,1.12
S23,80,0.05,0.85,1.0601
S23,81,0.15,0.85,1.0605
S23,82,0.25,0.85,1.113
S23,83,0.35,0.85,1.1434
S23,84,0.45,0.85,1.0514
S23,85,0.55,0.85,1.0916
S23,86,0.65,0.85,1.0822
S23,87,0.75,0.85,1.1503
S23,88,0.85,0.85,1.0448
S23,89,0.95,0.85,1.1538
S23,90,0.05,0.95,1.0069
S23,91,0.15,0.95,1.0522
S23,92,0.25,0.95,1.0128
S23,93,0.35,0.95,1.0819
S23,94,0.45,0.95,1.0352
S23,95,0.55,0.95,1.1431
S23,96,0.65,0.95,1.1125
S23,97,0.75,0.95,1.1321
S23,98,0.85,0.95,1.0305
S23,99,0.95,0.95,1.1059
S24,0,0.05,0.05,1.1172
S24,1,0.15,0.05,1.0213
S24,2,0.25,0.05,1.0509
S24,3,0.35,0.05,1.1145
S24,4,0.45,0.05,1.0206
S24,5,0.55,0.05,1.16
S24,6,0.65,0.05,1.066
S24,7,0.75,0.05,1.0158
S24,8,0.85,0.05,1.031
S24,9,0.95,0.05,1.0485
S24,10,0.05,0.15,1.1296
S24,11,0.15,0.15,1.0804
S24,12,0.25,0.15,1.1553
S24,13,0.35,0.15,1.1385
S24,14,0.45,0.15,1.1364
S24,15,0.55,0.15,1.1361
S24,16,0.65,0.15,1.0897
S24,17,0.75,0.15,1.0433
S24,18,0.85,0.15,1.0688
S24,19,0.95,0.15,1.1033
S24,20,0.05,0.25,1.1381
S24,21,0.15,0.25,1.0381
S24,22,0.25,0.25,1.1587
S24,23,0.35,0.25,1.1802
S24,24,0.45,0.25,1.1554
S24,25,0.55,0.25,1.0746
S24,26,0.65,0.25,1.0948
S24,27,0.75,0.25,1.1782
S24,28,0.85,0.25,1.0292
S24,29,0.95,0.25,1.0245
S24,30,0.05,0.35,1.0129
S24,31,0.15,0.35,1.0388
S24,32,0.25,0.35,1.0911
S24,33,0.35,0.35,1.1418
S24,34,0.45,0.35,1.234
S24,35,0.55,0.35,1.1739
S24,36,0.65,0.35,1.178
S24,37,0.75,0.35,1.1605
S24,38,0.85,0.35,1.1726
S24,39,0.95,0.35,1.1277
S24,40,0.05,0.45,1.1445
S24,41,0.15,0.45,1.1413
S24,42,0.25,0.45,1.1039
S24,43,0.35,0.45,1.2436
S24,44,0.45,0.45,1.2848
S24,45,0.55,0.45,1.4728
S24,46,0.65,0.45,1.2691
S24,47,0.75,0.45,1.2025
S24,48,0.85,0.45,1.0759
S24,49,0.95,0.45,1.029
S24,50,0.05,0.55,1.1152
S24,51,0.15,0.55,1.085
S24,52,0.25,0.55,1.1073
S24,53,0.35,0.55,1.2251
S24,54,0.45,0.55,1.3428
S24,55,0.55,0.55,1.4528
S24,56,0.65,0.55,1.2286
S24,57,0.75,0.55,1.2116
S24,58,0.85,0.55,1.1333
S24,59,0.95,0.55,1.0561
S24,60,0.05,0.65,1.0406
S24,61,0.15,0.65,1.025
S24,62,0.25,0.65,1.1436
S24,63,0.35,0.65,1.2099
S24,64,0.45,0.65,1.2557
S24,65,0.55,0.65,1.2049
S24,66,0.65,0.65,1.1125
S24,67,0.75,0.65,1.1937
S24,68,0.85,0.65,1.0522
S24,69,0.95,0.65,1.0613
S24,70,0.05,0.75,1.1073
S24,71,0.15,0.75,1.1416
S24,72,0.25,0.75,1.0958
S24,73,0.35,0.75,1.0558
S24,74,0.45,0.75,1.1677
S24,75,0.55,0.75,1.1313
S24,76,0.65,0.75,1.1108
S24,77,0.75,0.75,1.0762
S24,78,0.85,0.75,1.0812
S24,79,0.95,0.75,1.0171
S24,80,0.05,0.85,1.0147
S24,81,0.15,0.85,1.0214
S24,82,0.25,0.85,1.0484
S24,83,0.35,0.85,1.0597
S24,84,0.45,0.85,1.0602
S24,85,0.55,0.85,1.1601
S24,86,0.65,0.85,1.1537
S24,87,0.75,0.85,1.0459
S24,88,0.85,0.85,1.1524
S24,89,0.95,0.85,1.0455
S24,90,0.05,0.95,1.077
S24,91,0.15,0.95,1.108
S24,92,0.25,0.95,1.1417
S24,93,0.35,0.95,1.1343
S24,94,0.45,0.95,1.0257
S24,95,0.55,0.95,1.1625
S24,96,0.65,0.95,1.1114
S24,97,0.75,0.95,1.0309
S24,98,0.85,0.95,1.0704
S24,99,0.95,0.95,1.0398
S25,0,0.05,0.05,1.1119
S25,1,0.15,0.05,1.0156
S25,2,0.25,0.05,1.0868
S25,3,0.35,0.05,1.0359
S25,4,0.45,0.05,1.039
S25,5,0.55,0.05,1.1147
S25,6,0.65,0.05,1.1233
S25,7,0.75,0.05,1.035
S25,8,0.85,0.05,1.022
S25,9,0.95,0.05,1.0861
S25,10,0.05,0.15,1.0516
S25,11,0.15,0.15,1.0569
S25,12,0.25,0.15,1.0229
S25,13,0.35,0.15,1.1473
S25,14,0.45,0.15,1.0883
S25,15,0.55,0.15,1.1211
S25,16,0.65,0.15,1.1532
S25,17,0.75,0.15,1.0398
S25,18,0.85,0.15,1.0649
S25,19,0.95,0.15,1.1156
S25,20,0.05,0.25,1.0702
S25,21,0.15,0.25,1.0449
S25,22,0.25,0.25,1.1555
S25,23,0.35,0.25,1.1109
S25,24,0.45,0.25,1.1828
S25,25,0.55,0.25,1.1529
S25,26,0.65,0.25,1.0617
S25,27,0.75,0.25,1.1678
S25,28,0.85,0.25,1.1476
S25,29,0.95,0.25,1.0444
S25,30,0.05,0.35,1.073
S25,31,0.15,0.35,1.1164
S25,32,0.25,0.35,1.1182
S25,33,0.35,0.35,1.1325
S25,34,0.45,0.35,1.2867
S25,35,0.55,0.35,1.2875
S25,36,0.65,0.35,1.2022
S25,37,0.75,0.35,1.1632
S25,38,0.85,0.35,1.0601
S25,39,0.95,0.35,1.0861
S25,40,0.05,0.45,1.1113
S25,41,0.15,0.45,1.1705
S25,42,0.25,0.45,1.0912
S25,43,0.35,0.45,1.2341
S25,44,0.45,0.45,1.3438
S25,45,0.55,0.45,1.3673
S25,46,0.65,0.45,1.217
S25,47,0.75,0.45,1.0908
S25,48,0.85,0.45,1.1308
S25,49,0.95,0.45,1.0416
S25,50,0.05,0.55,1.1536
S25,51,0.15,0.55,1.1609
S25,52,0.25,0.55,1.1779
S25,53,0.35,0.55,1.2169
S25,54,0.45,0.55,1.4211
S25,55,0.55,0.55,1.4698
S25,56,0.65,0.55,1.2639
S25,57,0.75,0.55,1.0937
S25,58,0.85,0.55,1.17
S25,59,0.95,0.55,1.0905
S25,60,0.05,0.65,1.0129
S25,61,0.15,0.65,1.1451
S25,62,0.25,0.65,1.123
S25,63,0.35,0.65,1.2288
S25,64,0.45,0.65,1.2223
S25,65,0.55,0.65,1.2394
S25,66,0.65,0.65,1.1398
S25,67,0.75,0.65,1.2017
S25,68,0.85,0.65,1.1756
S25,69,0.95,0.65,1.1011
S25,70,0.05,0.75,1.0141
S25,71,0.15,0.75,1.1429
S25,72,0.25,0.75,1.1343
S25,73,0.35,0.75,1.1944
S25,74,0.45,0.75,1.0727
S25,75,0.55,0.75,1.1149
S25,76,0.65,0.75,1.1529
S25,77,0.75,0.75,1.1726
S25,78,0.85,0.75,1.0846
S25,79,0.95,0.75,1.1199
S25,80,0.05,0.85,1.112
S25,81,0.15,0.85,1.1269
S25,82,0.25,0.85,1.1276
S25,83,0.35,0.85,1.0839
S25,84,0.45,0.85,1.0867
S25,85,0.55,0.85,1.0776
S25,86,0.65,0.85,1.1363
S25,87,0.75,0.85,1.1286
S25,88,0.85,0.85,1.1133
S25,89,0.95,0.85,1.0908
S25,90,0.05,0.95,1.0032
S25,91,0.15,0.95,1.0103
S25,92,0.25,0.95,1.0985
S25,93,0.35,0.95,1.0245
S25,94,0.45,0.95,1.0423
S25,95,0.55,0.95,1.0666
S25,96,0.65,0.95,1.1593
S25,97,0.75,0.95,1.0824
S25,98,0.85,0.95,1.0818
S25,99,0.95,0.95,1.1047
S26,0,0.05,0.05,1.0047
S26,1,0.15,0.05,1.1229
S26,2,0.25,0.05,1.1349
S26,3,0.35,0.05,1.0887
S26,4,0.45,0.05,1.045
S26,5,0.55,0.05,1.0825
S26,6,0.65,0.05,1.0466
S26,7,0.75,0.05,1.129
S26,8,0.85,0.05,1.0413
S26,9,0.95,0.05,1.1524
S26,10,0.05,0.15,1.1133
S26,11,0.15,0.15,1.0881
S26,12,0.25,0.15,1.1257
S26,13,0.35,0.15,1.0688
S26,14,0.45,0.15,1.1738
S26,15,0.55,0.15,1.0773
S26,16,0.65,0.15,1.0657
S26,17,0.75,0.15,1.0328
S26,18,0.85,0.15,1.1055
S26,19,0.95,0.15,1.1327
S26,20,0.05,0.25,1.0842
S26,21,0.15,0.25,1.0377
S26,22,0.25,0.25,1.098
S26,23,0.35,0.25,1.1322
S26,24,0.45,0.25,1.0786
S26,25,0.55,0.25,1.0958
S26,26,0.65,0.25,1.0844
S26,27,0.75,0.25,1.1048
S26,28,0.85,0.25,1.1057
S26,29,0.95,0.25,1.0516
S26,30,0.05,0.35,1.0721
S26,31,0.15,0.35,1.1592
S26,32,0.25,0.35,1.1669
S26,33,0.35,0.35,1.2024
S26,34,0.45,0.35,1.1798
S26,35,0.55,0.35,1.2622
S26,36,0.65,0.35,1.1704
S26,37,0.75,0.35,1.1856
S26,38,0.85,0.35,1.1672
S26,39,0.95,0.35,1.0668
S26,40,0.05,0.45,1.1285
S26,41,0.15,0.45,1.0648
S26,42,0.25,0.45,1.1401
S26,43,0.35,0.45,1.2321
S26,44,0.45,0.45,1.3298
S26,45,0.55,0.45,1.4478
S26,46,0.65,0.45,1.2407
S26,47,0.75,0.45,1.141
S26,48,0.85,0.45,1.1163
S26,49,0.95,0.45,1.1502
S26,50,0.05,0.55,1.0546
S26,51,0.15,0.55,1.1007
S26,52,0.25,0.55,1.1349
S26,53,0.35,0.55,1.1494
S26,54,0.45,0.55,1.3202
S26,55,0.55,0.55,1.4785
S26,56,0.65,0.55,1.218
S26,57,0.75,0.55,1.1852
S26,58,0.85,0.55,1.1774
S26,59,0.95,0.55,1.133
S26,60,0.05,0.65,1.0214
S26,61,0.15,0.65,1.0964
S26,62,0.25,0.65,1.0591
S26,63,0.35,0.65,1.2032
S26,64,0.45,0.65,1.2007
S26,65,0.55,0.65,1.2663
S26,66,0.65,0.65,1.2369
S26,67,0.75,0.65,1.1539
S26,68,0.85,0.65,1.0352
S26,69,0.95,0.65,1.066
S26,70,0.05,0.75,1.093
S26,71,0.15,0.75,1.1137
S26,72,0.25,0.75,1.1247
S26,73,0.35,0.75,1.1813
S26,74,0.45,0.75,1.2041
S26,75,0.55,0.75,1.0983
S26,76,0.65,0.75,1.1724
S26,77,0.75,0.75,1.0431
S26,78,0.85,0.75,1.0342
S26,79,0.95,0.75,1.138
S26,80,0.05,0.85,1.1334
S26,81,0.15,0.85,1.0339
S26,82,0.25,0.85,1.1087
S26,83,0.35,0.85,1.0554
S26,84,0.45,0.85,1.1233
S26,85,0.55,0.85,1.1244
S26,86,0.65,0.85,1.103
S26,87,0.75,0.85,1.1143
S26,88,0.85,0.85,1.0174
S26,89,0.95,0.85,1.0127
S26,90,0.05,0.95,1.0949
S26,91,0.15,0.95,1.0904
S26,92,0.25,0.95,1.1063
S26,93,0.35,0.95,1.08
S26,94,0.45,0.95,1.0884
S26,95,0.55,0.95,1.1198
S26,96,0.65,0.95,1.1038
S26,97,0.75,0.95,1.0529
S26,98,0.85,0.95,1.0679
S26,99,0.95,0.95,1.0699
S27,0,0.05,0.05,1.071
S27,1,0.15,0.05,1.072
S27,2,0.25,0.05,1.0783
S27,3,0.35,0.05,1.0838
S27,4,0.45,0.05,1.0876
S27,5,0.55,0.05,1.0694
S27,6,0.65,0.05,1.0809
S27,7,0.75,0.05,1.0153
S27,8,0.85,0.05,1.1388
S27,9,0.95,0.05,1.1129
S27,10,0.05,0.15,1.0725
S27,11,0.15,0.15,1.0999
S27,12,0.25,0.15,1.0845
S27,13,0.35,0.15,1.0308
S27,14,0.45,0.15,1.0669
S27,15,0.55,0.15,1.1109
S27,16,0.65,0.15,1.0874
S27,17,0.75,0.15,1.0887
S27,18,0.85,0.15,1.0134
S27,19,0.95,0.15,1.0204
S27,20,0.05,0.25,1.0619
S27,21,0.15,0.25,1.0947
S27,22,0.25,0.25,1.0769
S27,23,0.35,0.25,1.1111
S27,24,0.45,0.25,1.2012
S27,25,0.55,0.25,1.1274
S27,26,0.65,0.25,1.0792
S27,27,0.75,0.25,1.0746
S27,28,0.85,0.25,1.1228
S27,29,0.95,0.25,1.0641
S27,30,0.05,0.35,1.1261
S27,31,0.15,0.35,1.0904
S27,32,0.25,0.35,1.0878
S27,33,0.35,0.35,1.2204
S27,34,0.45,0.35,1.2632
S27,35,0.55,0.35,1.1947
S27,36,0.65,0.35,1.1311
S27,37,0.75,0.35,1.1841
S27,38,0.85,0.35,1.0425
S27,39,0.95,0.35,1.0572
S27,40,0.05,0.45,1.0197
S27,41,0.15,0.45,1.124
S27,42,0.25,0.45,1.1247
S27,43,0.35,0.45,1.171
S27,44,0.45,0.45,1.4125
S27,45,0.55,0.45,1.3526
S27,46,0.65,0.45,1.3062
S27,47,0.75,0.45,1.2017
S27,48,0.85,0.45,1.1279
S27,49,0.95,0.45,1.0956
S27,50,0.05,0.55,1.0388
S27,51,0.15,0.55,1.1669
S27,52,0.25,0.55,1.1847
S27,53,0.35,0.55,1.2383
S27,54,0.45,0.55,1.4193
S27,55,0.55,0.55,1.3589
S27,56,0.65,0.55,1.1913
S27,57,0.75,0.55,1.1657
S27,58,0.85,0.55,1.1025
S27,59,0.95,0.55,1.1237
S27,60,0.05,0.65,1.0774
S27,61,0.15,0.65,1.1497
S27,62,0.25,0.65,1.1638
S27,63,0.35,0.65,1.1194
S27,64,0.45,0.65,1.2028
S27,65,0.55,0.65,1.1844
S27,66,0.65,0.65,1.2121
S27,67,0.75,0.65,1.1884
S27,68,0.85,0.65,1.0497
S27,69,0.95,0.65,1.1434
S27,70,0.05,0.75,1.0144
S27,71,0.15,0.75,1.0232
S27,72,0.25,0.75,1.1778
S27,73,0.35,0.75,1.1846
S27,74,0.45,0.75,1.105
S27,75,0.55,0.75,1.1052
S27,76,0.65,0.75,1.1403
S27,77,0.75,0.75,1.129
S27,78,0.85,0.75,1.074
S27,79,0.95,0.75,1.1422
S27,80,0.05,0.85,1.0639
S27,81,0.15,0.85,1.1166
S27,82,0.25,0.85,1.0635
S27,83,0.35,0.85,1.0356
S27,84,0.45,0.85,1.0957
S27,85,0.55,0.85,1.0989
S27,86,0.65,0.85,1.1376
S27,87,0.75,0.85,1.1528
S27,88,0.85,0.85,1.0171
S27,89,0.95,0.85,1.0341
S27,90,0.05,0.95,1.1278
S27,91,0.15,0.95,1.0355
S27,92,0.25,0.95,1.1054
S27,93,0.35,0.95,1.139
S27,94,0.45,0.95,1.048
S27,95,0.55,0.95,1.0321
S27,96,0.65,0.95,1.1225
S27,97,0.75,0.95,1.0195
S27,98,0.85,0.95,1.0748
S27,99,0.95,0.95,1.1256
S28,0,0.05,0.05,1.0492
S28,1,0.15,0.05,1.0737
S28,2,0.25,0.05,1.0234
S28,3,0.35,0.05,1.0357
S28,4,0.45,0.05,1.1609
S28,5,0.55,0.05,1.0893
S28,6,0.65,0.05,1.0221
S28,7,0.75,0.05,1.0193
S28,8,0.85,0.05,1.0298
S28,9,0.95,0.05,1.0653
S28,10,0.05,0.15,1.1117
S28,11,0.15,0.15,1.0649
S28,12,0.25,0.15,1.1324
S28,13,0.35,0.15,1.0401
S28,14,0.45,0.15,1.1333
S28,15,0.55,0.15,1.0851
S28,16,0.65,0.15,1.0556
S28,17,0.75,0.15,1.0882
S28,18,0.85,0.15,1.0746
S28,19,0.95,0.15,1.0946
S28,20,0.05,0.25,1.0811
S28,21,0.15,0.25,1.0302
S28,22,0.25,0.25,1.1373
S28,23,0.35,0.25,1.0577
S28,24,0.45,0.25,1.1543
S28,25,0.55,0.25,1.0932
S28,26,0.65,0.25,1.0675
S28,27,0.75,0.25,1.1843
S28,28,0.85,0.25,1.1666
S28,29,0.95,0.25,1.0958
S28,30,0.05,0.35,1.0402
S28,31,0.15,0.35,1.0671
S28,32,0.25,0.35,1.0637
S28,33,0.35,0.35,1.1947
S28,34,0.45,0.35,1.2238
S28,35,0.55,0.35,1.2819
S28,36,0.65,0.35,1.208
S28,37,0.75,0.35,1.1301
S28,38,0.85,0.35,1.108
S28,39,0.95,0.35,1.1241
S28,40,0.05,0.45,1.109
S28,41,0.15,0.45,1.1753
S28,42,0.25,0.45,1.1797
S28,43,0.35,0.45,1.184
S28,44,0.45,0.45,1.3498
S28,45,0.55,0.45,1.4641
S28,46,0.65,0.45,1.2182
S28,47,0.75,0.45,1.1583
S28,48,0.85,0.45,1.0609
S28,49,0.95,0.45,1.0518
S28,50,0.05,0.55,1.0584
S28,51,0.15,0.55,1.0962
S28,52,0.25,0.55,1.1943
S28,53,0.35,0.55,1.2548
S28,54,0.45,0.55,1.3801
S28,55,0.55,0.55,1.4405
S28,56,0.65,0.55,1.2249
S28,57,0.75,0.55,1.1837
S28,58,0.85,0.55,1.0781
S28,59,0.95,0.55,1.107
S28,60,0.05,0.65,1.129
S28,61,0.15,0.65,1.1247
S28,62,0.25,0.65,1.0779
S28,63,0.35,0.65,1.0923
S28,64,0.45,0.65,1.2686
S28,65,0.55,0.65,1.3022
S28,66,0.65,0.65,1.2614
S28,67,0.75,0.65,1.1563
S28,68,0.85,0.65,1.069
S28,69,0.95,0.65,1.1414
S28,70,0.05,0.75,1.0088
S28,71,0.15,0.75,1.156
S28,72,0.25,0.75,1.1443
S28,73,0.35,0.75,1.1751
S28,74,0.45,0.75,1.1422
S28,75,0.55,0.75,1.1647
S28,76,0.65,0.75,1.0997
S28,77,0.75,0.75,1.1101
S28,78,0.85,0.75,1.1279
S28,79,0.95,0.75,1.0343
S28,80,0.05,0.85,1.0673
S28,81,0.15,0.85,1.1585
S28,82,0.25,0.85,1.0587
S28,83,0.35,0.85,1.0344
S28,84,0.45,0.85,1.0924
S28,85,0.55,0.85,1.0387
S28,86,0.65,0.85,1.1033
S28,87,0.75,0.85,1.1142
S28,88,0.85,0.85,1.1559
S28,89,0.95,0.85,1.0869
S28,90,0.05,0.95,1.0527
S28,91,0.15,0.95,1.0445
S28,92,0.25,0.95,1.0934
S28,93,0.35,0.95,1.054
S28,94,0.45,0.95,1.1179
S28,95,0.55,0.95,1.079
S28,96,0.65,0.95,1.0289
S28,97,0.75,0.95,1.1255
S28,98,0.85,0.95,1.0274
S28,99,0.95,0.95,1.1137
S29,0,0.05,0.05,1.0105
S29,1,0.15,0.05,1.077
S29,2,0.25,0.05,1.0263
S29,3,0.35,0.05,1.1044
S29,4,0.45,0.05,1.0526
S29,5,0.55,0.05,1.0734
S29,6,0.65,0.05,1.0554
S29,7,0.75,0.05,1.1286
S29,8,0.85,0.05,1.0675
S29,9,0.95,0.05,1.1522
S29,10,0.05,0.15,1.1375
S29,11,0.15,0.15,1.0158
S29,12,0.25,0.15,1.0536
S29,13,0.35,0.15,1.1404
S29,14,0.45,0.15,1.1521
S29,15,0.55,0.15,1.0548
S29,16,0.65,0.15,1.1675
S29,17,0.75,0.15,1.0501
S29,18,0.85,0.15,1.0192
S29,19,0.95,0.15,1.144
S29,20,0.05,0.25,1.1207
S29,21,0.15,0.25,1.0281
S29,22,0.25,0.25,1.1026
S29,23,0.35,0.25,1.0983
S29,24,0.45,0.25,1.2118
S29,25,0.55,0.25,1.1043
S29,26,0.65,0.25,1.1012
S29,27,0.75,0.25,1.041
S29,28,0.85,0.25,1.0518
S29,29,0.95,0.25,1.1474
S29,30,0.05,0.35,1.085
S29,31,0.15,0.35,1.0517
S29,32,0.25,0.35,1.0515
S29,33,0.35,0.35,1.1103
S29,34,0.45,0.35,1.1921
S29,35,0.55,0.35,1.2368
S29,36,0.65,0.35,1.2097
S29,37,0.75,0.35,1.1112
S29,38,0.85,0.35,1.0356
S29,39,0.95,0.35,1.122
S29,40,0.05,0.45,1.0794
S29,41,0.15,0.45,1.1332
S29,42,0.25,0.45,1.0879
S29,43,0.35,0.45,1.141
S29,44,0.45,0.45,1.2898
S29,45,0.55,0.45,1.4192
S29,46,0.65,0.45,1.2097
S29,47,0.75,0.45,1.2002
S29,48,0.85,0.45,1.1783
S29,49,0.95,0.45,1.0399
S29,50,0.05,0.55,1.1088
S29,51,0.15,0.55,1.1639
S29,52,0.25,0.55,1.1032
S29,53,0.35,0.55,1.1368
S29,54,0.45,0.55,1.3474
S29,55,0.55,0.55,1.371
S29,56,0.65,0.55,1.1906
S29,57,0.75,0.55,1.1687
S29,58,0.85,0.55,1.145
S29,59,0.95,0.55,1.1195
S29,60,0.05,0.65,1.0978
S29,61,0.15,0.65,1.1596
S29,62,0.25,0.65,1.1007
S29,63,0.35,0.65,1.1211
S29,64,0.45,0.65,1.1797
S29,65,0.55,0.65,1.2843
S29,66,0.65,0.65,1.2529
S29,67,0.75,0.65,1.2008
S29,68,0.85,0.65,1.1395
S29,69,0.95,0.65,1.1472
S29,70,0.05,0.75,1.1202
S29,71,0.15,0.75,1.1218
S29,72,0.25,0.75,1.1188
S29,73,0.35,0.75,1.1539
S29,74,0.45,0.75,1.1831
S29,75,0.55,0.75,1.1521
S29,76,0.65,0.75,1.0865
S29,77,0.75,0.75,1.0869
S29,78,0.85,0.75,1.1699
S29,79,0.95,0.75,1.0523
S29,80,0.05,0.85,1.1297
S29,81,0.15,0.85,1.0583
S29,82,0.25,0.85,1.083
S29,83,0.35,0.85,1.094
S29,84,0.45,0.85,1.1349
S29,85,0.55,0.85,1.1033
S29,86,0.65,0.85,1.1192
S29,87,0.75,0.85,1.1603
S29,88,0.85,0.85,1.0166
S29,89,0.95,0.85,1.1077
S29,90,0.05,0.95,1.0984
S29,91,0.15,0.95,1.0964
S29,92,0.25,0.95,1.1537
S29,93,0.35,0.95,1.0271
S29,94,0.45,0.95,1.0945
S29,95,0.55,0.95,1.1314
S29,96,0.65,0.95,1.0832
S29,97,0.75,0.95,1.0434
S29,98,0.85,0.95,1.0404
S29,99,0.95,0.95,1.1357
S30,0,0.05,0.05,1.0038
S30,1,0.15,0.05,1.0269
S30,2,0.25,0.05,1.116
S30,3,0.35,0.05,1.0941
S30,4,0.45,0.05,1.1154
S30,5,0.55,0.05,1.0947
S30,6,0.65,0.05,1.0173
S30,7,0.75,0.05,1.0605
S30,8,0.85,0.05,1.048
S30,9,0.95,0.05,1.018
S30,10,0.05,0.15,1.1295
S30,11,0.15,0.15,1.0466
S30,12,0.25,0.15,1.0219
S30,13,0.35,0.15,1.0319
S30,14,0.45,0.15,1.0954
S30,15,0.55,0.15,1.0611
S30,16,0.65,0.15,1.1138
S30,17,0.75,0.15,1.0499
S30,18,0.85,0.15,1.1343
S30,19,0.95,0.15,1.1511
S30,20,0.05,0.25,1.1438
S30,21,0.15,0.25,1.0566
S30,22,0.25,0.25,1.0656
S30,23,0.35,0.25,1.1871
S30,24,0.45,0.25,1.1285
S30,25,0.55,0.25,1.1898
S30,26,0.65,0.25,1.1344
S30,27,0.75,0.25,1.0816
S30,28,0.85,0.25,1.0447
S30,29,0.95,0.25,1.1152
S30,30,0.05,0.35,1.1166
S30,31,0.15,0.35,1.113
S30,32,0.25,0.35,1.1903
S30,33,0.35,0.35,1.2018
S30,34,0.45,0.35,1.1487
S30,35,0.55,0.35,1.3082
S30,36,0.65,0.35,1.1775
S30,37,0.75,0.35,1.0829
S30,38,0.85,0.35,1.0889
S30,39,0.95,0.35,1.0281
S30,40,0.05,0.45,1.1088
S30,41,0.15,0.45,1.0733
S30,42,0.25,0.45,1.0923
S30,43,0.35,0.45,1.1865
S30,44,0.45,0.45,1.4112
S30,45,0.55,0.45,1.4378
S30,46,0.65,0.45,1.2861
S30,47,0.75,0.45,1.1556
S30,48,0.85,0.45,1.1431
S30,49,0.95,0.45,1.0776
S30,50,0.05,0.55,1.0393
S30,51,0.15,0.55,1.1654
S30,52,0.25,0.55,1.1492
S30,53,0.35,0.55,1.1724
S30,54,0.45,0.55,1.3864
S30,55,0.55,0.55,1.4759
S30,56,0.65,0.55,1.2217
S30,57,0.75,0.55,1.1927
S30,58,0.85,0.55,1.0486
S30,59,0.95,0.55,1.051
S30,60,0.05,0.65,1.0266
S30,61,0.15,0.65,1.0675
S30,62,0.25,0.65,1.0631
S30,63,0.35,0.65,1.0898
S30,64,0.45,0.65,1.1647
S30,65,0.55,0.65,1.2133
S30,66,0.65,0.65,1.2388
S30,67,0.75,0.65,1.1443
S30,68,0.85,0.65,1.1781
S30,69,0.95,0.65,1.107
S30,70,0.05,0.75,1.1151
S30,71,0.15,0.75,1.0857
S30,72,0.25,0.75,1.1299
S30,73,0.35,0.75,1.1114
S30,74,0.45,0.75,1.1278
S30,75,0.55,0.75,1.1775
S30,76,0.65,0.75,1.2066
S30,77,0.75,0.75,1.1366
S30,78,0.85,0.75,1.1212
S30,79,0.95,0.75,1.0224
S30,80,0.05,0.85,1.0787
S30,81,0.15,0.85,1.0717
S30,82,0.25,0.85,1.1082
S30,83,0.35,0.85,1.1157
S30,84,0.45,0.85,1.13
S30,85,0.55,0.85,1.1649
S30,86,0.65,0.85,1.0305
S30,87,0.75,0.85,1.1378
S30,88,0.85,0.85,1.1031
S30,89,0.95,0.85,1.1213
S30,90,0.05,0.95,1.1301
S30,91,0.15,0.95,1.0931
S30,92,0.25,0.95,1.0587
S30,93,0.35,0.95,1.1435
S30,94,0.45,0.95,1.1201
S30,95,0.55,0.95,1.0995
S30,96,0.65,0.95,1.0731
S30,97,0.75,0.95,1.1397
S30,98,0.85,0.95,1.0398
S30,99,0.95,0.95,1.1339
S31,0,0.05,0.05,1.1452
S31,1,0.15,0.05,1.0135
S31,2,0.25,0.05,1.1205
S31,3,0.35,0.05,1.1542
S31,4,0.45,0.05,1.0599
S31,5,0.55,0.05,1.0402
S31,6,0.65,0.05,1.0483
S31,7,0.75,0.05,1.13
S31,8,0.85,0.05,1.0452
S31,9,0.95,0.05,1.015
S31,10,0.05,0.15,1.0741
S31,11,0.15,0.15,1.0811
S31,12,0.25,0.15,1.0749
S31,13,0.35,0.15,1.1402
S31,14,0.45,0.15,1.1433
S31,15,0.55,0.15,1.0824
S31,16,0.65,0.15,1.0489
S31,17,0.75,0.15,1.0458
S31,18,0.85,0.15,1.0677
S31,19,0.95,0.15,1.0342
S31,20,0.05,0.25,1.0729
S31,21,0.15,0.25,1.0401
S31,22,0.25,0.25,1.13
S31,23,0.35,0.25,1.0796
S31,24,0.45,0.25,1.1686
S31,25,0.55,0.25,1.1112
S31,26,0.65,0.25,1.0915
S31,27,0.75,0.25,1.1593
S31,28,0.85,0.25,1.1244
S31,29,0.95,0.25,1.083
S31,30,0.05,0.35,1.0986
S31,31,0.15,0.35,1.059
S31,32,0.25,0.35,1.1102
S31,33,0.35,0.35,1.1118
S31,34,0.45,0.35,1.148
S31,35,0.55,0.35,1.2928
S31,36,0.65,0.35,1.1286
S31,37,0.75,0.35,1.2053
S31,38,0.85,0.35,1.1793
S31,39,0.95,0.35,1.1256
S31,40,0.05,0.45,1.0644
S31,41,0.15,0.45,1.0904
S31,42,0.25,0.45,1.1716
S31,43,0.35,0.45,1.2609
S31,44,0.45,0.45,1.3071
S31,45,0.55,0.45,1.4032
S31,46,0.65,0.45,1.2467
S31,47,0.75,0.45,1.115
S31,48,0.85,0.45,1.1329
S31,49,0.95,0.45,1.1451
S31,50,0.05,0.55,1.1101
S31,51,0.15,0.55,1.1093
S31,52,0.25,0.55,1.1758
S31,53,0.35,0.55,1.144
S31,54,0.45,0.55,1.4038
S31,55,0.55,0.55,1.3775
S31,56,0.65,0.55,1.203
S31,57,0.75,0.55,1.1978
S31,58,0.85,0.55,1.0725
S31,59,0.95,0.55,1.092
S31,60,0.05,0.65,1.072
S31,61,0.15,0.65,1.1652
S31,62,0.25,0.65,1.0707
S31,63,0.35,0.65,1.1344
S31,64,0.45,0.65,1.1739
S31,65,0.55,0.65,1.2744
S31,66,0.65,0.65,1.1555
S31,67,0.75,0.65,1.0632
S31,68,0.85,0.65,1.1423
S31,69,0.95,0.65,1.1434
S31,70,0.05,0.75,1.1499
S31,71,0.15,0.75,1.1539
S31,72,0.25,0.75,1.1665
S31,73,0.35,0.75,1.1547
S31,74,0.45,0.75,1.196
S31,75,0.55,0.75,1.0995
S31,76,0.65,0.75,1.2045
S31,77,0.75,0.75,1.0404
S31,78,0.85,0.75,1.1379
S31,79,0.95,0.75,1.158
S31,80,0.05,0.85,1.0178
S31,81,0.15,0.85,1.0183
S31,82,0.25,0.85,1.0741
S31,83,0.35,0.85,1.1072
S31,84,0.45,0.85,1.0628
S31,85,0.55,0.85,1.0922
S31,86,0.65,0.85,1.0845
S31,87,0.75,0.85,1.1136
S31,88,0.85,0.85,1.119
S31,89,0.95,0.85,1.1174
S31,90,0.05,0.95,1.0116
S31,91,0.15,0.95,1.0572
S31,92,0.25,0.95,1.0163
S31,93,0.35,0.95,1.1191
S31,94,0.45,0.95,1.0154
S31,95,0.55,0.95,1.0447
S31,96,0.65,0.95,1.1598
S31,97,0.75,0.95,1.0574
S31,98,0.85,0.95,1.1148
S31,99,0.95,0.95,1.05
S32,0,0.05,0.05,1.0739
S32,1,0.15,0.05,1.1391
S32,2,0.25,0.05,1.086
S32,3,0.35,0.05,1.0795
S32,4,0.45,0.05,1.0818
S32,5,0.55,0.05,1.1346
S32,6,0.65,0.05,1.0715
S32,7,0.75,0.05,1.071
S32,8,0.85,0.05,1.0535
S32,9,0.95,0.05,1.0608
S32,10,0.05,0.15,1.0685
S32,11,0.15,0.15,1.1508
S32,12,0.25,0.15,1.0785
S32,13,0.35,0.15,1.1392
S32,14,0.45,0.15,1.1658
S32,15,0.55,0.15,1.1116
S32,16,0.65,0.15,1.0332
S32,17,0.75,0.15,1.1527
S32,18,0.85,0.15,1.1437
S32,19,0.95,0.15,1.0137
S32,20,0.05,0.25,1.1388
S32,21,0.15,0.25,1.1084
S32,22,0.25,0.25,1.1566
S32,23,0.35,0.25,1.1423
S32,24,0.45,0.25,1.175
S32,25,0.55,0.25,1.1259
S32,26,0.65,0.25,1.1833
S32,27,0.75,0.25,1.1363
S32,28,0.85,0.25,1.0869
S32,29,0.95,0.25,1.0237
S32,30,0.05,0.35,1.0646
S32,31,0.15,0.35,1.1704
S32,32,0.25,0.35,1.1002
S32,33,0.35,0.35,1.1503
S32,34,0.45,0.35,1.2316
S32,35,0.55,0.35,1.2655
S32,36,0.65,0.35,1.188
S32,37,0.75,0.35,1.1663
S32,38,0.85,0.35,1.1759
S32,39,0.95,0.35,1.0343
S32,40,0.05,0.45,1.1424
S32,41,0.15,0.45,1.1631
S32,42,0.25,0.45,1.0883
S32,43,0.35,0.45,1.161
S32,44,0.45,0.45,1.3176
S32,45,0.55,0.45,1.397
S32,46,0.65,0.45,1.2713
S32,47,0.75,0.45,1.1217
S32,48,0.85,0.45,1.117
S32,49,0.95,0.45,1.1021
S32,50,0.05,0.55,1.1608
S32,51,0.15,0.55,1.0288
S32,52,0.25,0.55,1.1846
S32,53,0.35,0.55,1.2784
S32,54,0.45,0.55,1.3529
S32,55,0.55,0.55,1.366
S32,56,0.65,0.55,1.2361
S32,57,0.75,0.55,1.0973
S32,58,0.85,0.55,1.0599
S32,59,0.95,0.55,1.0694
S32,60,0.05,0.65,1.0736
S32,61,0.15,0.65,1.1585
S32,62,0.25,0.65,1.126
S32,63,0.35,0.65,1.1979
S32,64,0.45,0.65,1.266
S32,65,0.55,0.65,1.1728
S32,66,0.65,0.65,1.2233
S32,67,0.75,0.65,1.0777
S32,68,0.85,0.65,1.1311
S32,69,0.95,0.65,1.0295
S32,70,0.05,0.75,1.1041
S32,71,0.15,0.75,1.0342
S32,72,0.25,0.75,1.1075
S32,73,0.35,0.75,1.0839
S32,74,0.45,0.75,1.076
S32,75,0.55,0.75,1.1561
S32,76,0.65,0.75,1.0954
S32,77,0.75,0.75,1.1306
S32,78,0.85,0.75,1.1318
S32,79,0.95,0.75,1.0946
S32,80,0.05,0.85,1.1094
S32,81,0.15,0.85,1.1217
S32,82,0.25,0.85,1.0254
S32,83,0.35,0.85,1.1479
S32,84,0.45,0.85,1.17
S32,85,0.55,0.85,1.0358
S32,86,0.65,0.85,1.1005
S32,87,0.75,0.85,1.1027
S32,88,0.85,0.85,1.1253
S32,89,0.95,0.85,1.0486
S32,90,0.05,0.95,1.0288
S32,91,0.15,0.95,1.0343
S32,92,0.25,0.95,1.1532
S32,93,0.35,0.95,1.1439
S32,94,0.45,0.95,1.0466
S32,95,0.55,0.95,1.069
S32,96,0.65,0.95,1.1549
S32,97,0.75,0.95,1.1014
S32,98,0.85,0.95,1.0689
S32,99,0.95,0.95,1.0464
S33,0,0.05,0.05,1.1023
S33,1,0.15,0.05,1.1196
S33,2,0.25,0.05,1.0843
S33,3,0.35,0.05,1.085
S33,4,0.45,0.05,1.1413
S33,5,0.55,0.05,1.1347
S33,6,0.65,0.05,1.0701
S33,7,0.75,0.05,1.0372
S33,8,0.85,0.05,1.0641
S33,9,0.95,0.05,1.0492
S33,10,0.05,0.15,1.0415
S33,11,0.15,0.15,1.1353
S33,12,0.25,0.15,1.0461
S33,13,0.35,0.15,1.1722
S33,14,0.45,0.15,1.0582
S33,15,0.55,0.15,1.0846
S33,16,0.65,0.15,1.0909
S33,17,0.75,0.15,1.1537
S33,18,0.85,0.15,1.1169
S33,19,0.95,0.15,1.0291
S33,20,0.05,0.25,1.045
S33,21,0.15,0.25,1.032
S33,22,0.25,0.25,1.1037
S33,23,0.35,0.25,1.1422
S33,24,0.45,0.25,1.072
S33,25,0.55,0.25,1.2015
S33,26,0.65,0.25,1.1192
S33,27,0.75,0.25,1.1355
S33,28,0.85,0.25,1.1239
S33,29,0.95,0.25,1.1216
S33,30,0.05,0.35,1.0739
S33,31,0.15,0.35,1.0835
S33,32,0.25,0.35,1.1131
S33,33,0.35,0.35,1.2199
S33,34,0.45,0.35,1.185
S33,35,0.55,0.35,1.1769
S33,36,0.65,0.35,1.1405
S33,37,0.75,0.35,1.1418
S33,38,0.85,0.35,1.1277
S33,39,0.95,0.35,1.1019
S33,40,0.05,0.45,1.031
S33,41,0.15,0.45,1.1304
S33,42,0.25,0.45,1.1786
S33,43,0.35,0.45,1.2533
S33,44,0.45,0.45,1.3667
S33,45,0.55,0.45,1.454
S33,46,0.65,0.45,1.2929
S33,47,0.75,0.45,1.1389
S33,48,0.85,0.45,1.0727
S33,49,0.95,0.45,1.1299
S33,50,0.05,0.55,1.1584
S33,51,0.15,0.55,1.0893
S33,52,0.25,0.55,1.1946
S33,53,0.35,0.55,1.1471
S33,54,0.45,0.55,1.2927
S33,55,0.55,0.55,1.3793
S33,56,0.65,0.55,1.2197
S33,57,0.75,0.55,1.2189
S33,58,0.85,0.55,1.1381
S33,59,0.95,0.55,1.114
S33,60,0.05,0.65,1.0419
S33,61,0.15,0.65,1.0411
S33,62,0.25,0.65,1.1213
S33,63,0.35,0.65,1.0931
S33,64,0.45,0.65,1.2666
S33,65,0.55,0.65,1.2991
S33,66,0.65,0.65,1.1434
S33,67,0.75,0.65,1.078
S33,68,0.85,0.65,1.0564
S33,69,0.95,0.65,1.0865
S33,70,0.05,0.75,1.0865
S33,71,0.15,0.75,1.1466
S33,72,0.25,0.75,1.1587
S33,73,0.35,0.75,1.116
S33,74,0.45,0.75,1.0848
S33,75,0.55,0.75,1.1576
S33,76,0.65,0.75,1.086
S33,77,0.75,0.75,1.1635
S33,78,0.85,0.75,1.0261
S33,79,0.95,0.75,1.1182
S33,80,0.05,0.85,1.088
S33,81,0.15,0.85,1.1554
S33,82,0.25,0.85,1.0674
S33,83,0.35,0.85,1.0573
S33,84,0.45,0.85,1.0761
S33,85,0.55,0.85,1.1544
S33,86,0.65,0.85,1.1028
S33,87,0.75,0.85,1.1261
S33,88,0.85,0.85,1.015
S33,89,0.95,0.85,1.1479
S33,90,0.05,0.95,1.026
S33,91,0.15,0.95,1.0877
S33,92,0.25,0.95,1.0652
S33,93,0.35,0.95,1.1071
S33,94,0.45,0.95,1.0905
S33,95,0.55,0.95,1.1163
S33,96,0.65,0.95,1.0248
S33,97,0.75,0.95,1.1378
S33,98,0.85,0.95,1.1506
S33,99,0.95,0.95,1.0367
S34,0,0.05,0.05,1.103
S34,1,0.15,0.05,1.0756
S34,2,0.25,0.05,1.0594
S34,3,0.35,0.05,1.0202
S34,4,0.45,0.05,1.0556
S34,5,0.55,0.05,1.0477
S34,6,0.65,0.05,1.1154
S34,7,0.75,0.05,1.0747
S34,8,0.85,0.05,1.0376
S34,9,0.95,0.05,1.0442
S34,10,0.05,0.15,1.1543
S34,11,0.15,0.15,1.1248
S34,12,0.25,0.15,1.0746
S34,13,0.35,0.15,1.1233
S34,14,0.45,0.15,1.1688
S34,15,0.55,0.15,1.0336
S34,16,0.65,0.15,1.158
S34,17,0.75,0.15,1.0428
S34,18,0.85,0.15,1.1217
S34,19,0.95,0.15,1.0351
S34,20,0.05,0.25,1.0246
S34,21,0.15,0.25,1.159
S34,22,0.25,0.25,1.1091
S34,23,0.35,0.25,1.081
S34,24,0.45,0.25,1.0932
S34,25,0.55,0.25,1.2229
S34,26,0.65,0.25,1.1666
S34,27,0.75,0.25,1.1673
S34,28,0.85,0.25,1.1318
S34,29,0.95,0.25,1.1009
S34,30,0.05,0.35,1.1318
S34,31,0.15,0.35,1.0776
S34,32,0.25,0.35,1.1133
S34,33,0.35,0.35,1.2354
S34,34,0.45,0.35,1.2104
S34,35,0.55,0.35,1.2963
S34,36,0.65,0.35,1.1997
S34,37,0.75,0.35,1.078
S34,38,0.85,0.35,1.0738
S34,39,0.95,0.35,1.1533
S34,40,0.05,0.45,1.0458
S34,41,0.15,0.45,1.157
S34,42,0.25,0.45,1.2102
S34,43,0.35,0.45,1.276
S34,44,0.45,0.45,1.2866
S34,45,0.55,0.45,1.3724
S34,46,0.65,0.45,1.2476
S34,47,0.75,0.45,1.2122
S34,48,0.85,0.45,1.1065
S34,49,0.95,0.45,1.1349
S34,50,0.05,0.55,1.0757
S34,51,0.15,0.55,1.1663
S34,52,0.25,0.55,1.1458
S34,53,0.35,0.55,1.2131
S34,54,0.45,0.55,1.3377
S34,55,0.55,0.55,1.4025
S34,56,0.65,0.55,1.3028
S34,57,0.75,0.55,1.1547
S34,58,0.85,0.55,1.0898
S34,59,0.95,0.55,1.0198
S34,60,0.05,0.65,1.1375
S34,61,0.15,0.65,1.1007
S34,62,0.25,0.65,1.1087
S34,63,0.35,0.65,1.1212
S34,64,0.45,0.65,1.1473
S34,65,0.55,0.65,1.3111
S34,66,0.65,0.65,1.2215
S34,67,0.75,0.65,1.1669
S34,68,0.85,0.65,1.1497
S34,69,0.95,0.65,1.1137
S34,70,0.05,0.75,1.0164
S34,71,0.15,0.75,1.1654
S34,72,0.25,0.75,1.0552
S34,73,0.35,0.75,1.0602
S34,74,0.45,0.75,1.0974
S34,75,0.55,0.75,1.1141
S34,76,0.65,0.75,1.0903
S34,77,0.75,0.75,1.1273
S34,78,0.85,0.75,1.0672
S34,79,0.95,0.75,1.0543
S34,80,0.05,0.85,1.0491
S34,81,0.15,0.85,1.1139
S34,82,0.25,0.85,1.1055
S34,83,0.35,0.85,1.1194
S34,84,0.45,0.85,1.1195
S34,85,0.55,0.85,1.1151
S34,86,0.65,0.85,1.046
S34,87,0.75,0.85,1.103
S34,88,0.85,0.85,1.0406
S34,89,0.95,0.85,1.1356
S34,90,0.05,0.95,1.0798
S34,91,0.15,0.95,1.0115
S34,92,0.25,0.95,1.1465
S34,93,0.35,0.95,1.0621
S34,94,0.45,0.95,1.0605
S34,95,0.55,0.95,1.1354
S34,96,0.65,0.95,1.0475
S34,97,0.75,0.95,1.094
S34,98,0.85,0.95,1.0449
S34,99,0.95,0.95,1.0109
S35,0,0.05,0.05,1.0844
S35,1,0.15,0.05,1.0589
S35,2,0.25,0.05,1.0978
S35,3,0.35,0.05,1.1507
S35,4,0.45,0.05,1.1541
S35,5,0.55,0.05,1.1121
S35,6,0.65,0.05,1.1101
S35,7,0.75,0.05,1.135
S35,8,0.85,0.05,1.154
S35,9,0.95,0.05,1.1043
S35,10,0.05,0.15,1.0468
S35,11,0.15,0.15,1.0375
S35,12,0.25,0.15,1.0413
S35,13,0.35,0.15,1.0487
S35,14,0.45,0.15,1.1071
S35,15,0.55,0.15,1.1642
S35,16,0.65,0.15,1.1306
S35,17,0.75,0.15,1.1675
S35,18,0.85,0.15,1.0478
S35,19,0.95,0.15,1.1124
S35,20,0.05,0.25,1.1288
S35,21,0.15,0.25,1.0689
S35,22,0.25,0.25,1.145
S35,23,0.35,0.25,1.1858
S35,24,0.45,0.25,1.1767
S35,25,0.55,0.25,1.1266
S35,26,0.65,0.25,1.2025
S35,27,0.75,0.25,1.0776
S35,28,0.85,0.25,1.0655
S35,29,0.95,0.25,1.1005
S35,30,0.05,0.35,1.1543
S35,31,0.15,0.35,1.1184
S35,32,0.25,0.35,1.0669
S35,33,0.35,0.35,1.1617
S35,34,0.45,0.35,1.1917
S35,35,0.55,0.35,1.2141
S35,36,0.65,0.35,1.1301
S35,37,0.75,0.35,1.2002
S35,38,0.85,0.35,1.0972
S35,39,0.95,0.35,1.1269
S35,40,0.05,0.45,1.1296
S35,41,0.15,0.45,1.1696
S35,42,0.25,0.45,1.0883
S35,43,0.35,0.45,1.2513
S35,44,0.45,0.45,1.3224
S35,45,0.55,0.45,1.4277
S35,46,0.65,0.45,1.2727
S35,47,0.75,0.45,1.1604
S35,48,0.85,0.45,1.0555
S35,49,0.95,0.45,1.0271
S35,50,0.05,0.55,1.1103
S35,51,0.15,0.55,1.1512
S35,52,0.25,0.55,1.2082
S35,53,0.35,0.55,1.2613
S35,54,0.45,0.55,1.3494
S35,55,0.55,0.55,1.3784
S35,56,0.65,0.55,1.2284
S35,57,0.75,0.55,1.1181
S35,58,0.85,0.55,1.1139
S35,59,0.95,0.55,1.037
S35,60,0.05,0.65,1.1166
S35,61,0.15,0.65,1.1189
S35,62,0.25,0.65,1.1114
S35,63,0.35,0.65,1.0969
S35,64,0.45,0.65,1.2523
S35,65,0.55,0.65,1.3004
S35,66,0.65,0.65,1.2259
S35,67,0.75,0.65,1.0743
S35,68,0.85,0.65,1.0419
S35,69,0.95,0.65,1.035
S35,70,0.05,0.75,1.1137
S35,71,0.15,0.75,1.1492
S35,72,0.25,0.75,1.0518
S35,73,0.35,0.75,1.0862
S35,74,0.45,0.75,1.155
S35,75,0.55,0.75,1.1343
S35,76,0.65,0.75,1.0985
S35,77,0.75,0.75,1.07
S35,78,0.85,0.75,1.1444
S35,79,0.95,0.75,1.0415
S35,80,0.05,0.85,1.0162
S35,81,0.15,0.85,1.1179
S35,82,0.25,0.85,1.1127
S35,83,0.35,0.85,1.0328
S35,84,0.45,0.85,1.093
S35,85,0.55,0.85,1.1183
S35,86,0.65,0.85,1.0576
S35,87,0.75,0.85,1.0301
S35,88,0.85,0.85,1.1575
S35,89,0.95,0.85,1.1207
S35,90,0.05,0.95,1.1041
S35,91,0.15,0.95,1.1293
S35,92,0.25,0.95,1.0295
S35,93,0.35,0.95,1.1207
S35,94,0.45,0.95,1.0744
S35,95,0.55,0.95,1.1301
S35,96,0.65,0.95,1.0698
S35,97,0.75,0.95,1.0252
S35,98,0.85,0.95,1.1431
S35,99,0.95,0.95,1.1115
S36,0,0.05,0.05,1.0905
S36,1,0.15,0.05,1.1217
S36,2,0.25,0.05,1.037
S36,3,0.35,0.05,1.1234
S36,4,0.45,0.05,1.0554
S36,5,0.55,0.05,1.1642
S36,6,0.65,0.05,1.0493
S36,7,0.75,0.05,1.1394
S36,8,0.85,0.05,1.1186
S36,9,0.95,0.05,1.1268
S36,10,0.05,0.15,1.1299
S36,11,0.15,0.15,1.0347
S36,12,0.25,0.15,1.1396
S36,13,0.35,0.15,1.1592
S36,14,0.45,0.15,1.1261
S36,15,0.55,0.15,1.1337
S36,16,0.65,0.15,1.1353
S36,17,0.75,0.15,1.0956
S36,18,0.85,0.15,1.0309
S36,19,0.95,0.15,1.1412
S36,20,0.05,0.25,1.0907
S36,21,0.15,0.25,1.0737
S36,22,0.25,0.25,1.1784
S36,23,0.35,0.25,1.0782
S36,24,0.45,0.25,1.1001
S36,25,0.55,0.25,1.1202
S36,26,0.65,0.25,1.1814
S36,27,0.75,0.25,1.1465
S36,28,0.85,0.25,1.1189
S36,29,0.95,0.25,1.1358
S36,30,0.05,0.35,1.0963
S36,31,0.15,0.35,1.1282
S36,32,0.25,0.35,1.0493
S36,33,0.35,0.35,1.1296
S36,34,0.45,0.35,1.1769
S36,35,0.55,0.35,1.2531
S36,36,0.65,0.35,1.2583
S36,37,0.75,0.35,1.0661
S36,38,0.85,0.35,1.1357
S36,39,0.95,0.35,1.1603
S36,40,0.05,0.45,1.0498
S36,41,0.15,0.45,1.0797
S36,42,0.25,0.45,1.1383
S36,43,0.35,0.45,1.2643
S36,44,0.45,0.45,1.3441
S36,45,0.55,0.45,1.399
S36,46,0.65,0.45,1.2215
S36,47,0.75,0.45,1.1489
S36,48,0.85,0.45,1.1452
S36,49,0.95,0.45,1.1159
S36,50,0.05,0.55,1.161
S36,51,0.15,0.55,1.1549
S36,52,0.25,0.55,1.1518
S36,53,0.35,0.55,1.2589
S36,54,0.45,0.55,1.4253
S36,55,0.55,0.55,1.4518
S36,56,0.65,0.55,1.2014
S36,57,0.75,0.55,1.0862
S36,58,0.85,0.55,1.1876
S36,59,0.95,0.55,1.0372
S36,60,0.05,0.65,1.0856
S36,61,0.15,0.65,1.1349
S36,62,0.25,0.65,1.1053
S36,63,0.35,0.65,1.1589
S36,64,0.45,0.65,1.2545
S36,65,0.55,0.65,1.2691
S36,66,0.65,0.65,1.2457
S36,67,0.75,0.65,1.1201
S36,68,0.85,0.65,1.0693
S36,69,0.95,0.65,1.0276
S36,70,0.05,0.75,1.0484
S36,71,0.15,0.75,1.0385
S36,72,0.25,0.75,1.12
S36,73,0.35,0.75,1.1787
S36,74,0.45,0.75,1.1457
S36,75,0.55,0.75,1.0899
S36,76,0.65,0.75,1.0809
S36,77,0.75,0.75,1.0981
S36,78,0.85,0.75,1.1493
S36,79,0.95,0.75,1.1451
S36,80,0.05,0.85,1.1031
S36,81,0.15,0.85,1.0153
S36,82,0.25,0.85,1.1507
S36,83,0.35,0.85,1.1253
S36,84,0.45,0.85,1.0436
S36,85,0.55,0.85,1.0931
S36,86,0.65,0.85,1.0405
S36,87,0.75,0.85,1.0952
S36,88,0.85,0.85,1.1239
S36,89,0.95,0.85,1.05
S36,90,0.05,0.95,1.1051
S36,91,0.15,0.95,1.0596
S36,92,0.25,0.95,1.0563
S36,93,0.35,0.95,1.0121
S36,94,0.45,0.95,1.0948
S36,95,0.55,0.95,1.0241
S36,96,0.65,0.95,1.1253
S36,97,0.75,0.95,1.0418
S36,98,0.85,0.95,1.1235
S36,99,0.95,0.95,1.0806
S37,0,0.05,0.05,1.0491
S37,1,0.15,0.05,1.0233
S37,2,0.25,0.05,1.0765
S37,3,0.35,0.05,1.0269
S37,4,0.45,0.05,1.0497
S37,5,0.55,0.05,1.0775
S37,6,0.65,0.05,1.1288
S37,7,0.75,0.05,1.0849
S37,8,0.85,0.05,1.1334
S37,9,0.95,0.05,1.1402
S37,10,0.05,0.15,1.0176
S37,11,0.15,0.15,1.1422
S37,12,0.25,0.15,1.0412
S37,13,0.35,0.15,1.128
S37,14,0.45,0.15,1.1166
S37,15,0.55,0.15,1.0531
S37,16,0.65,0.15,1.12
S37,17,0.75,0.15,1.0418
S37,18,0.85,0.15,1.1062
S37,19,0.95,0.15,1.0548
S37,20,0.05,0.25,1.1131
S37,21,0.15,0.25,1.0768
S37,22,0.25,0.25,1.1531
S37,23,0.35,0.25,1.1818
S37,24,0.45,0.25,1.0753
S37,25,0.55,0.25,1.2019
S37,26,0.65,0.25,1.0782
S37,27,0.75,0.25,1.169
S37,28,0.85,0.25,1.03
S37,29,0.95,0.25,1.1126
S37,30,0.05,0.35,1.1147
S37,31,0.15,0.35,1.1314
S37,32,0.25,0.35,1.0687
S37,33,0.35,0.35,1.1726
S37,34,0.45,0.35,1.2428
S37,35,0.55,0.35,1.3042
S37,36,0.65,0.35,1.2331
S37,37,0.75,0.35,1.088
S37,38,0.85,0.35,1.1355
S37,39,0.95,0.35,1.1405
S37,40,0.05,0.45,1.0261
S37,41,0.15,0.45,1.1492
S37,42,0.25,0.45,1.1483
S37,43,0.35,0.45,1.2178
S37,44,0.45,0.45,1.3252
S37,45,0.55,0.45,1.3554
S37,46,0.65,0.45,1.2311
S37,47,0.75,0.45,1.1018
S37,48,0.85,0.45,1.0423
S37,49,0.95,0.45,1.0195
S37,50,0.05,0.55,1.0402
S37,51,0.15,0.55,1.0713
S37,52,0.25,0.55,1.0721
S37,53,0.35,0.55,1.179
S37,54,0.45,0.55,1.3915
S37,55,0.55,0.55,1.3529
S37,56,0.65,0.55,1.262
S37,57,0.75,0.55,1.1449
S37,58,0.85,0.55,1.0478
S37,59,0.95,0.55,1.0996
S37,60,0.05,0.65,1.1477
S37,61,0.15,0.65,1.0572
S37,62,0.25,0.65,1.0881
S37,63,0.35,0.65,1.2254
S37,64,0.45,0.65,1.1913
S37,65,0.55,0.65,1.2384
S37,66,0.65,0.65,1.1639
S37,67,0.75,0.65,1.2035
S37,68,0.85,0.65,1.0312
S37,69,0.95,0.65,1.0971
S37,70,0.05,0.75,1.0843
S37,71,0.15,0.75,1.0943
S37,72,0.25,0.75,1.0332
S37,73,0.35,0.75,1.0863
S37,74,0.45,0.75,1.0866
S37,75,0.55,0.75,1.195
S37,76,0.65,0.75,1.1394
S37,77,0.75,0.75,1.046
S37,78,0.85,0.75,1.0506
S37,79,0.95,0.75,1.0314
S37,80,0.05,0.85,1.1366
S37,81,0.15,0.85,1.0488
S37,82,0.25,0.85,1.0931
S37,83,0.35,0.85,1.1491
S37,84,0.45,0.85,1.0978
S37,85,0.55,0.85,1.0343
S37,86,0.65,0.85,1.0768
S37,87,0.75,0.85,1.0292
S37,88,0.85,0.85,1.0373
S37,89,0.95,0.85,1.1008
S37,90,0.05,0.95,1.093
S37,91,0.15,0.95,1.0137
S37,92,0.25,0.95,1.0909
S37,93,0.35,0.95,1.0375
S37,94,0.45,0.95,1.0302
S37,95,0.55,0.95,1.0812
S37,96,0.65,0.95,1.0707
S37,97,0.75,0.95,1.0986
S37,98,0.85,0.95,1.1332
S37,99,0.95,0.95,1.1032
S38,0,0.05,0.05,1.0424
S38,1,0.15,0.05,1.1023
S38,2,0.25,0.05,1.0727
S38,3,0.35,0.05,1.0564
S38,4,0.45,0.05,1.1132
S38,5,0.55,0.05,1.0218
S38,6,0.65,0.05,1.0618
S38,7,0.75,0.05,1.08
S38,8,0.85,0.05,1.1472
S38,9,0.95,0.05,1.1059
S38,10,0.05,0.15,1.0938
S38,11,0.15,0.15,1.1309
S38,12,0.25,0.15,1.1159
S38,13,0.35,0.15,1.0969
S38,14,0.45,0.15,1.0876
S38,15,0.55,0.15,1.1085
S38,16,0.65,0.15,1.0773
S38,17,0.75,0.15,1.0226
S38,18,0.85,0.15,1.0328
S38,19,0.95,0.15,1.1527
S38,20,0.05,0.25,1.1101
S38,21,0.15,0.25,1.1385
S38,22,0.25,0.25,1.1482
S38,23,0.35,0.25,1.0727
S38,24,0.45,0.25,1.2111
S38,25,0.55,0.25,1.1274
S38,26,0.65,0.25,1.2024
S38,27,0.75,0.25,1.1319
S38,28,0.85,0.25,1.1542
S38,29,0.95,0.25,1.0449
S38,30,0.05,0.35,1.097
S38,31,0.15,0.35,1.1363
S38,32,0.25,0.35,1.061
S38,33,0.35,0.35,1.1513
S38,34,0.45,0.35,1.1474
S38,35,0.55,0.35,1.2586
S38,36,0.65,0.35,1.1454
S38,37,0.75,0.35,1.1657
S38,38,0.85,0.35,1.0761
S38,39,0.95,0.35,1.0926
S38,40,0.05,0.45,1.0561
S38,41,0.15,0.45,1.0335
S38,42,0.25,0.45,1.1392
S38,43,0.35,0.45,1.2233
S38,44,0.45,0.45,1.3719
S38,45,0.55,0.45,1.471
S38,46,0.65,0.45,1.2164
S38,47,0.75,0.45,1.1864
S38,48,0.85,0.45,1.1149
S38,49,0.95,0.45,1.1101
S38,50,0.05,0.55,1.0348
S38,51,0.15,0.55,1.0321
S38,52,0.25,0.55,1.0619
S38,53,0.35,0.55,1.194
S38,54,0.45,0.55,1.2993
S38,55,0.55,0.55,1.422
S38,56,0.65,0.55,1.2012
S38,57,0.75,0.55,1.0999
S38,58,0.85,0.55,1.1702
S38,59,0.95,0.55,1.031
S38,60,0.05,0.65,1.0334
S38,61,0.15,0.65,1.1199
S38,62,0.25,0.65,1.0998
S38,63,0.35,0.65,1.1295
S38,64,0.45,0.65,1.1535
S38,65,0.55,0.65,1.2499
S38,66,0.65,0.65,1.1177
S38,67,0.75,0.65,1.0992
S38,68,0.85,0.65,1.059
S38,69,0.95,0.65,1.0892
S38,70,0.05,0.75,1.0733
S38,71,0.15,0.75,1.0618
S38,72,0.25,0.75,1.1656
S38,73,0.35,0.75,1.1015
S38,74,0.45,0.75,1.1983
S38,75,0.55,0.75,1.1103
S38,76,0.65,0.75,1.0792
S38,77,0.75,0.75,1.0679
S38,78,0.85,0.75,1.0998
S38,79,0.95,0.75,1.1222
S38,80,0.05,0.85,1.057
S38,81,0.15,0.85,1.0764
S38,82,0.25,0.85,1.1212
S38,83,0.35,0.85,1.0475
S38,84,0.45,0.85,1.1653
S38,85,0.55,0.85,1.1771
S38,86,0.65,0.85,1.0434
S38,87,0.75,0.85,1.0488
S38,88,0.85,0.85,1.126
S38,89,0.95,0.85,1.0668
S38,90,0.05,0.95,1.1482
S38,91,0.15,0.95,1.036
S38,92,0.25,0.95,1.0211
S38,93,0.35,0.95,1.0319
S38,94,0.45,0.95,1.0557
S38,95,0.55,0.95,1.1055
S38,96,0.65,0.95,1.155
S38,97,0.75,0.95,1.0525
S38,98,0.85,0.95,1.1023
S38,99,0.95,0.95,1.0048
S39,0,0.05,0.05,1.1074
S39,1,0.15,0.05,1.0579
S39,2,0.25,0.05,1.1561
S39,3,0.35,0.05,1.0978
S39,4,0.45,0.05,1.0811
S39,5,0.55,0.05,1.1614
S39,6,0.65,0.05,1.0395
S39,7,0.75,0.05,1.025
S39,8,0.85,0.05,1.0554
S39,9,0.95,0.05,1.062
S39,10,0.05,0.15,1.0293
S39,11,0.15,0.15,1.0094
S39,12,0.25,0.15,1.1375
S39,13,0.35,0.15,1.0442
S39,14,0.45,0.15,1.1354
S39,15,0.55,0.15,1.0725
S39,16,0.65,0.15,1.0427
S39,17,0.75,0.15,1.067
S39,18,0.85,0.15,1.1272
S39,19,0.95,0.15,1.0325
S39,20,0.05,0.25,1.0381
S39,21,0.15,0.25,1.0305
S39,22,0.25,0.25,1.0897
S39,23,0.35,0.25,1.0648
S39,24,0.45,0.25,1.1727
S39,25,0.55,0.25,1.2114
S39,26,0.65,0.25,1.0657
S39,27,0.75,0.25,1.0837
S39,28,0.85,0.25,1.0608
S39,29,0.95,0.25,1.0613
S39,30,0.05,0.35,1.1061
S39,31,0.15,0.35,1.034
S39,32,0.25,0.35,1.1961
S39,33,0.35,0.35,1.1211
S39,34,0.45,0.35,1.2743
S39,35,0.55,0.35,1.2545
S39,36,0.65,0.35,1.1379
S39,37,0.75,0.35,1.1502
S39,38,0.85,0.35,1.0695
S39,39,0.95,0.35,1.1098
S39,40,0.05,0.45,1.1235
S39,41,0.15,0.45,1.1746
S39,42,0.25,0.45,1.1117
S39,43,0.35,0.45,1.2179
S39,44,0.45,0.45,1.3113
S39,45,0.55,0.45,1.462
S39,46,0.65,0.45,1.2983
S39,47,0.75,0.45,1.2249
S39,48,0.85,0.45,1.0622
S39,49,0.95,0.45,1.0254
S39,50,0.05,0.55,1.1114
S39,51,0.15,0.55,1.1426
S39,52,0.25,0.55,1.0763
S39,53,0.35,0.55,1.2808
S39,54,0.45,0.55,1.3339
S39,55,0.55,0.55,1.3473
S39,56,0.65,0.55,1.2373
S39,57,0.75,0.55,1.1626
S39,58,0.85,0.55,1.1747
S39,59,0.95,0.55,1.0571
S39,60,0.05,0.65,1.0115
S39,61,0.15,0.65,1.0813
S39,62,0.25,0.65,1.1895
S39,63,0.35,0.65,1.0902
S39,64,0.45,0.65,1.2174
S39,65,0.55,0.65,1.2617
S39,66,0.65,0.65,1.2297
S39,67,0.75,0.65,1.1223
S39,68,0.85,0.65,1.0641
S39,69,0.95,0.65,1.1226
S39,70,0.05,0.75,1.0954
S39,71,0.15,0.75,1.07
S39,72,0.25,0.75,1.0536
S39,73,0.35,0.75,1.1581
S39,74,0.45,0.75,1.0904
S39,75,0.55,0.75,1.092
S39,76,0.65,0.75,1.1714
S39,77,0.75,0.75,1.1421
S39,78,0.85,0.75,1.1645
S39,79,0.95,0.75,1.0298
S39,80,0.05,0.85,1.0775
S39,81,0.15,0.85,1.1569
S39,82,0.25,0.85,1.1448
S39,83,0.35,0.85,1.1059
S39,84,0.45,0.85,1.0522
S39,85,0.55,0.85,1.0431
S39,86,0.65,0.85,1.1596
S39,87,0.75,0.85,1.0197
S39,88,0.85,0.85,1.0678
S39,89,0.95,0.85,1.0345
S39,90,0.05,0.95,1.0955
S39,91,0.15,0.95,1.0775
S39,92,0.25,0.95,1.1057
S39,93,0.35,0.95,1.1279
S39,94,0.45,0.95,1.1148
S39,95,0.55,0.95,1.1093
S39,96,0.65,0.95,1.1543
S39,97,0.75,0.95,1.0637
S39,98,0.85,0.95,1.1025
S39,99,0.95,0.95,1.14
S40,0,0.05,0.05,1.1233
S40,1,0.15,0.05,1.0285
S40,2,0.25,0.05,1.0385
S40,3,0.35,0.05,1.1384
S40,4,0.45,0.05,1.0689
S40,5,0.55,0.05,1.1441
S40,6,0.65,0.05,1.1021
S40,7,0.75,0.05,1.1187
S40,8,0.85,0.05,1.0948
S40,9,0.95,0.05,1.092
S40,10,0.05,0.15,1.0563
S40,11,0.15,0.15,1.1071
S40,12,0.25,0.15,1.017
S40,13,0.35,0.15,1.0737
S40,14,0.45,0.15,1.172
S40,15,0.55,0.15,1.0467
S40,16,0.65,0.15,1.0854
S40,17,0.75,0.15,1.0795
S40,18,0.85,0.15,1.1497
S40,19,0.95,0.15,1.0526
S40,20,0.05,0.25,1.1362
S40,21,0.15,0.25,1.0465
S40,22,0.25,0.25,1.0933
S40,23,0.35,0.25,1.1173
S40,24,0.45,0.25,1.1967
S40,25,0.55,0.25,1.1328
S40,26,0.65,0.25,1.1633
S40,27,0.75,0.25,1.0489
S40,28,0.85,0.25,1.0737
S40,29,0.95,0.25,1.0308
S40,30,0.05,0.35,1.1124
S40,31,0.15,0.35,1.0364
S40,32,0.25,0.35,1.1332
S40,33,0.35,0.35,1.2214
S40,34,0.45,0.35,1.2277
S40,35,0.55,0.35,1.2949
S40,36,0.65,0.35,1.1952
S40,37,0.75,0.35,1.0823
S40,38,0.85,0.35,1.0373
S40,39,0.95,0.35,1.091
S40,40,0.05,0.45,1.0415
S40,41,0.15,0.45,1.0543
S40,42,0.25,0.45,1.1431
S40,43,0.35,0.45,1.2018
S40,44,0.45,0.45,1.2916
S40,45,0.55,0.45,1.402
S40,46,0.65,0.45,1.3264
S40,47,0.75,0.45,1.1633
S40,48,0.85,0.45,1.0431
S40,49,0.95,0.45,1.1581
S40,50,0.05,0.55,1.0647
S40,51,0.15,0.55,1.0569
S40,52,0.25,0.55,1.0975
S40,53,0.35,0.55,1.2008
S40,54,0.45,0.55,1.3643
S40,55,0.55,0.55,1.4316
S40,56,0.65,0.55,1.2687
S40,57,0.75,0.55,1.0985
S40,58,0.85,0.55,1.1643
S40,59,0.95,0.55,1.0786
S40,60,0.05,0.65,1.1178
S40,61,0.15,0.65,1.0536
S40,62,0.25,0.65,1.1493
S40,63,0.35,0.65,1.2379
S40,64,0.45,0.65,1.2128
S40,65,0.55,0.65,1.2884
S40,66,0.65,0.65,1.1423
S40,67,0.75,0.65,1.2039
S40,68,0.85,0.65,1.0936
S40,69,0.95,0.65,1.1453
S40,70,0.05,0.75,1.1075
S40,71,0.15,0.75,1.0758
S40,72,0.25,0.75,1.0463
S40,73,0.35,0.75,1.1225
S40,74,0.45,0.75,1.2114
S40,75,0.55,0.75,1.1071
S40,76,0.65,0.75,1.1455
S40,77,0.75,0.75,1.0383
S40,78,0.85,0.75,1.096
S40,79,0.95,0.75,1.0128
S40,80,0.05,0.85,1.0597
S40,81,0.15,0.85,1.0187
S40,82,0.25,0.85,1.1381
S40,83,0.35,0.85,1.0411
S40,84,0.45,0.85,1.0693
S40,85,0.55,0.85,1.0717
S40,86,0.65,0.85,1.0568
S40,87,0.75,0.85,1.0236
S40,88,0.85,0.85,1.1163
S40,89,0.95,0.85,1.067
S40,90,0.05,0.95,1.0616
S40,91,0.15,0.95,1.04
S40,92,0.25,0.95,1.0728
S40,93,0.35,0.95,1.0954
S40,94,0.45,0.95,1.0402
S40,95,0.55,0.95,1.0482
S40,96,0.65,0.95,1.0812
S40,97,0.75,0.95,1.1343
S40,98,0.85,0.95,1.0748
S40,99,0.95,0.95,1.1183
S41,0,0.05,0.05,1.1076
S41,1,0.15,0.05,1.142
S41,2,0.25,0.05,1.0945
S41,3,0.35,0.05,1.028
S41,4,0.45,0.05,1.1524
S41,5,0.55,0.05,1.1421
S41,6,0.65,0.05,1.0255
S41,7,0.75,0.05,1.1581
S41,8,0.85,0.05,1.1149
S41,9,0.95,0.05,1.042
S41,10,0.05,0.15,1.0577
S41,11,0.15,0.15,1.0917
S41,12,0.25,0.15,1.0441
S41,13,0.35,0.15,1.0695
S41,14,0.45,0.15,1.1106
S41,15,0.55,0.15,1.1478
S41,16,0.65,0.15,1.0936
S41,17,0.75,0.15,1.1054
S41,18,0.85,0.15,1.021
S41,19,0.95,0.15,1.0791
S41,20,0.05,0.25,1.1378
S41,21,0.15,0.25,1.1194
S41,22,0.25,0.25,1.1023
S41,23,0.35,0.25,1.0541
S41,24,0.45,0.25,1.1941
S41,25,0.55,0.25,1.0826
S41,26,0.65,0.25,1.0852
S41,27,0.75,0.25,1.124
S41,28,0.85,0.25,1.0504
S41,29,0.95,0.25,1.1582
S41,30,0.05,0.35,1.1417
S41,31,0.15,0.35,1.0271
S41,32,0.25,0.35,1.1032
S41,33,0.35,0.35,1.153
S41,34,0.45,0.35,1.2242
S41,35,0.55,0.35,1.3049
S41,36,0.65,0.35,1.1394
S41,37,0.75,0.35,1.0859
S41,38,0.85,0.35,1.0581
S41,39,0.95,0.35,1.0432
S41,40,0.05,0.45,1.06
S41,41,0.15,0.45,1.1351
S41,42,0.25,0.45,1.2101
S41,43,0.35,0.45,1.1944
S41,44,0.45,0.45,1.385
S41,45,0.55,0.45,1.4413
S41,46,0.65,0.45,1.246
S41,47,0.75,0.45,1.1085
S41,48,0.85,0.45,1.0921
S41,49,0.95,0.45,1.1331
S41,50,0.05,0.55,1.0339
S41,51,0.15,0.55,1.1164
S41,52,0.25,0.55,1.0695
S41,53,0.35,0.55,1.2392
S41,54,0.45,0.55,1.3636
S41,55,0.55,0.55,1.4169
S41,56,0.65,0.55,1.2852
S41,57,0.75,0.55,1.1666
S41,58,0.85,0.55,1.1099
S41,59,0.95,0.55,1.0784
S41,60,0.05,0.65,1.0526
S41,61,0.15,0.65,1.133
S41,62,0.25,0.65,1.0645
S41,63,0.35,0.65,1.0993
S41,64,0.45,0.65,1.2013
S41,65,0.55,0.65,1.178
S41,66,0.65,0.65,1.2375
S41,67,0.75,0.65,1.0649
S41,68,0.85,0.65,1.1216
S41,69,0.95,0.65,1.0962
S41,70,0.05,0.75,1.1287
S41,71,0.15,0.75,1.1141
S41,72,0.25,0.75,1.0433
S41,73,0.35,0.75,1.1818
S41,74,0.45,0.75,1.0808
S41,75,0.55,0.75,1.1035
S41,76,0.65,0.75,1.1344
S41,77,0.75,0.75,1.0766
S41,78,0.85,0.75,1.0932
S41,79,0.95,0.75,1.0131
S41,80,0.05,0.85,1.0108
S41,81,0.15,0.85,1.1289
S41,82,0.25,0.85,1.0576
S41,83,0.35,0.85,1.0844
S41,84,0.45,0.85,1.0982
S41,85,0.55,0.85,1.0966
S41,86,0.65,0.85,1.0927
S41,87,0.75,0.85,1.1201
S41,88,0.85,0.85,1.023
S41,89,0.95,0.85,1.0425
S41,90,0.05,0.95,1.0636
S41,91,0.15,0.95,1.0283
S41,92,0.25,0.95,1.144
S41,93,0.35,0.95,1.1546
S41,94,0.45,0.95,1.1081
S41,95,0.55,0.95,1.0301
S41,96,0.65,0.95,1.1211
S41,97,0.75,0.95,1.0111
S41,98,0.85,0.95,1.0707
S41,99,0.95,0.95,1.0785
S42,0,0.05,0.05,1.0478
S42,1,0.15,0.05,1.1097
S42,2,0.25,0.05,1.1121
S42,3,0.35,0.05,1.0371
S42,4,0.45,0.05,1.1145
S42,5,0.55,0.05,1.0199
S42,6,0.65,0.05,1.1606
S42,7,0.75,0.05,1.0451
S42,8,0.85,0.05,1.0432
S42,9,0.95,0.05,1.0781
S42,10,0.05,0.15,1.0858
S42,11,0.15,0.15,1.0223
S42,12,0.25,0.15,1.0949
S42,13,0.35,0.15,1.1157
S42,14,0.45,0.15,1.0852
S42,15,0.55,0.15,1.1263
S42,16,0.65,0.15,1.0814
S42,17,0.75,0.15,1.074
S42,18,0.85,0.15,1.0178
S42,19,0.95,0.15,1.0546
S42,20,0.05,0.25,1.0688
S42,21,0.15,0.25,1.0327
S42,22,0.25,0.25,1.1526
S42,23,0.35,0.25,1.0504
S42,24,0.45,0.25,1.093
S42,25,0.55,0.25,1.1429
S42,26,0.65,0.25,1.08
S42,27,0.75,0.25,1.1258
S42,28,0.85,0.25,1.1475
S42,29,0.95,0.25,1.1183
S42,30,0.05,0.35,1.1232
S42,31,0.15,0.35,1.059
S42,32,0.25,0.35,1.0773
S42,33,0.35,0.35,1.1178
S42,34,0.45,0.35,1.251
S42,35,0.55,0.35,1.249
S42,36,0.65,0.35,1.1531
S42,37,0.75,0.35,1.19
S42,38,0.85,0.35,1.0478
S42,39,0.95,0.35,1.085
S42,40,0.05,0.45,1.0602
S42,41,0.15,0.45,1.0317
S42,42,0.25,0.45,1.117
S42,43,0.35,0.45,1.1791
S42,44,0.45,0.45,1.3131
S42,45,0.55,0.45,1.3572
S42,46,0.65,0.45,1.2322
S42,47,0.75,0.45,1.1445
S42,48,0.85,0.45,1.0731
S42,49,0.95,0.45,1.1018
S42,50,0.05,0.55,1.1334
S42,51,0.15,0.55,1.0777
S42,52,0.25,0.55,1.1521
S42,53,0.35,0.55,1.1666
S42,54,0.45,0.55,1.3358
S42,55,0.55,0.55,1.4651
S42,56,0.65,0.55,1.3212
S42,57,0.75,0.55,1.1751
S42,58,0.85,0.55,1.0966
S42,59,0.95,0.55,1.1667
S42,60,0.05,0.65,1.0366
S42,61,0.15,0.65,1.1324
S42,62,0.25,0.65,1.0866
S42,63,0.35,0.65,1.103
S42,64,0.45,0.65,1.2063
S42,65,0.55,0.65,1.1995
S42,66,0.65,0.65,1.1488
S42,67,0.75,0.65,1.168
S42,68,0.85,0.65,1.0708
S42,69,0.95,0.65,1.0874
S42,70,0.05,0.75,1.1477
S42,71,0.15,0.75,1.1361
S42,72,0.25,0.75,1.1238
S42,73,0.35,0.75,1.0722
S42,74,0.45,0.75,1.1726
S42,75,0.55,0.75,1.1775
S42,76,0.65,0.75,1.0758
S42,77,0.75,0.75,1.1144
S42,78,0.85,0.75,1.1085
S42,79,0.95,0.75,1.0292
S42,80,0.05,0.85,1.1286
S42,81,0.15,0.85,1.0281
S42,82,0.25,0.85,1.0933
S42,83,0.35,0.85,1.1015
S42,84,0.45,0.85,1.0566
S42,85,0.55,0.85,1.1582
S42,86,0.65,0.85,1.0441
S42,87,0.75,0.85,1.1001
S42,88,0.85,0.85,1.057
S42,89,0.95,0.85,1.0828
S42,90,0.05,0.95,1.0826
S42,91,0.15,0.95,1.0898
S42,92,0.25,0.95,1.0984
S42,93,0.35,0.95,1.0804
S42,94,0.45,0.95,1.1134
S42,95,0.55,0.95,1.074
S42,96,0.65,0.95,1.1315
S42,97,0.75,0.95,1.1158
S42,98,0.85,0.95,1.0885
S42,99,0.95,0.95,1.0998
S43,0,0.05,0.05,1.0905
S43,1,0.15,0.05,1.0178
S43,2,0.25,0.05,1.1104
S43,3,0.35,0.05,1.0547
S43,4,0.45,0.05,1.0764
S43,5,0.55,0.05,1.0992
S43,6,0.65,0.05,1.02
S43,7,0.75,0.05,1.1522
S43,8,0.85,0.05,1.1332
S43,9,0.95,0.05,1.0714
S43,10,0.05,0.15,1.0298
S43,11,0.15,0.15,1.1304
S43,12,0.25,0.15,1.1633
S43,13,0.35,0.15,1.0636
S43,14,0.45,0.15,1.0932
S43,15,0.55,0.15,1.118
S43,16,0.65,0.15,1.043
S43,17,0.75,0.15,1.1635
S43,18,0.85,0.15,1.018
S43,19,0.95,0.15,1.0952
S43,20,0.05,0.25,1.051
S43,21,0.15,0.25,1.1645
S43,22,0.25,0.25,1.0772
S43,23,0.35,0.25,1.1961
S43,24,0.45,0.25,1.0974
S43,25,0.55,0.25,1.1855
S43,26,0.65,0.25,1.1243
S43,27,0.75,0.25,1.0856
S43,28,0.85,0.25,1.1526
S43,29,0.95,0.25,1.0784
S43,30,0.05,0.35,1.0775
S43,31,0.15,0.35,1.168
S43,32,0.25,0.35,1.1612
S43,33,0.35,0.35,1.1336
S43,34,0.45,0.35,1.1475
S43,35,0.55,0.35,1.2787
S43,36,0.65,0.35,1.1803
S43,37,0.75,0.35,1.1048
S43,38,0.85,0.35,1.1002
S43,39,0.95,0.35,1.016
S43,40,0.05,0.45,1.1574
S43,41,0.15,0.45,1.0472
S43,42,0.25,0.45,1.1493
S43,43,0.35,0.45,1.2286
S43,44,0.45,0.45,1.3122
S43,45,0.55,0.45,1.3799
S43,46,0.65,0.45,1.1974
S43,47,0.75,0.45,1.2148
S43,48,0.85,0.45,1.1403
S43,49,0.95,0.45,1.1125
S43,50,0.05,0.55,1.0819
S43,51,0.15,0.55,1.1417
S43,52,0.25,0.55,1.1222
S43,53,0.35,0.55,1.2345
S43,54,0.45,0.55,1.3847
S43,55,0.55,0.55,1.3943
S43,56,0.65,0.55,1.3164
S43,57,0.75,0.55,1.1462
S43,58,0.85,0.55,1.1089
S43,59,0.95,0.55,1.0826
S43,60,0.05,0.65,1.0344
S43,61,0.15,0.65,1.1445
S43,62,0.25,0.65,1.1537
S43,63,0.35,0.65,1.152
S43,64,0.45,0.65,1.26
S43,65,0.55,0.65,1.2532
S43,66,0.65,0.65,1.1348
S43,67,0.75,0.65,1.1018
S43,68,0.85,0.65,1.0506
S43,69,0.95,0.65,1.0338
S43,70,0.05,0.75,1.0346
S43,71,0.15,0.75,1.1628
S43,72,0.25,0.75,1.0511
S43,73,0.35,0.75,1.0927
S43,74,0.45,0.75,1.1802
S43,75,0.55,0.75,1.2046
S43,76,0.65,0.75,1.1149
S43,77,0.75,0.75,1.0375
S43,78,0.85,0.75,1.0612
S43,79,0.95,0.75,1.1442
S43,80,0.05,0.85,1.0766
S43,81,0.15,0.85,1.1066
S43,82,0.25,0.85,1.0226
S43,83,0.35,0.85,1.1048
S43,84,0.45,0.85,1.0728
S43,85,0.55,0.85,1.1254
S43,86,0.65,0.85,1.1373
S43,87,0.75,0.85,1.0247
S43,88,0.85,0.85,1.0457
S43,89,0.95,0.85,1.0447
S43,90,0.05,0.95,1.1201
S43,91,0.15,0.95,1.0332
S43,92,0.25,0.95,1.1175
S43,93,0.35,0.95,1.1437
S43,94,0.45,0.95,1.0487
S43,95,0.55,0.95,1.128
S43,96,0.65,0.95,1.0854
S43,97,0.75,0.95,1.1334
S43,98,0.85,0.95,1.145
S43,99,0.95,0.95,1.0899
S44,0,0.05,0.05,1.116
S44,1,0.15,0.05,1.0127
S44,2,0.25,0.05,1.0733
S44,3,0.35,0.05,1.0923
S44,4,0.45,0.05,1.0817
S44,5,0.55,0.05,1.044
S44,6,0.65,0.05,1.154
S44,7,0.75,0.05,1.0613
S44,8,0.85,0.05,1.03
S44,9,0.95,0.05,1.1105
S44,10,0.05,0.15,1.0302
S44,11,0.15,0.15,1.1134
S44,12,0.25,0.15,1.0692
S44,13,0.35,0.15,1.0734
S44,14,0.45,0.15,1.1296
S44,15,0.55,0.15,1.1792
S44,16,0.65,0.15,1.1025
S44,17,0.75,0.15,1.0631
S44,18,0.85,0.15,1.1509
S44,19,0.95,0.15,1.1478
S44,20,0.05,0.25,1.1458
S44,21,0.15,0.25,1.1543
S44,22,0.25,0.25,1.161
S44,23,0.35,0.25,1.1865
S44,24,0.45,0.25,1.1591
S44,25,0.55,0.25,1.0986
S44,26,0.65,0.25,1.1697
S44,27,0.75,0.25,1.0861
S44,28,0.85,0.25,1.0302
S44,29,0.95,0.25,1.1353
S44,30,0.05,0.35,1.025
S44,31,0.15,0.35,1.0271
S44,32,0.25,0.35,1.18
S44,33,0.35,0.35,1.1278
S44,34,0.45,0.35,1.2857
S44,35,0.55,0.35,1.203
S44,36,0.65,0.35,1.1191
S44,37,0.75,0.35,1.1813
S44,38,0.85,0.35,1.1244
S44,39,0.95,0.35,1.097
S44,40,0.05,0.45,1.1372
S44,41,0.15,0.45,1.147
S44,42,0.25,0.45,1.1774
S44,43,0.35,0.45,1.2809
S44,44,0.45,0.45,1.3367
S44,45,0.55,0.45,1.3924
S44,46,0.65,0.45,1.3258
S44,47,0.75,0.45,1.1485
S44,48,0.85,0.45,1.0548
S44,49,0.95,0.45,1.0563
S44,50,0.05,0.55,1.12
S44,51,0.15,0.55,1.155
S44,52,0.25,0.55,1.1263
S44,53,0.35,0.55,1.1873
S44,54,0.45,0.55,1.4215
S44,55,0.55,0.55,1.36
S44,56,0.65,0.55,1.252
S44,57,0.75,0.55,1.173
S44,58,0.85,0.55,1.0986
S44,59,0.95,0.55,1.1535
S44,60,0.05,0.65,1.0278
S44,61,0.15,0.65,1.1326
S44,62,0.25,0.65,1.1843
S44,63,0.35,0.65,1.1834
S44,64,0.45,0.65,1.2026
S44,65,0.55,0.65,1.1692
S44,66,0.65,0.65,1.2288
S44,67,0.75,0.65,1.1268
S44,68,0.85,0.65,1.122
S44,69,0.95,0.65,1.1315
S44,70,0.05,0.75,1.0493
S44,71,0.15,0.75,1.0761
S44,72,0.25,0.75,1.1158
S44,73,0.35,0.75,1.1739
S44,74,0.45,0.75,1.082
S44,75,0.55,0.75,1.1819
S44,76,0.65,0.75,1.1647
S44,77,0.75,0.75,1.1809
S44,78,0.85,0.75,1.0762
S44,79,0.95,0.75,1.0904
S44,80,0.05,0.85,1.1175
S44,81,0.15,0.85,1.0285
S44,82,0.25,0.85,1.0862
S44,83,0.35,0.85,1.1209
S44,84,0.45,0.85,1.1076
S44,85,0.55,0.85,1.0887
S44,86,0.65,0.85,1.1774
S44,87,0.75,0.85,1.0872
S44,88,0.85,0.85,1.0447
S44,89,0.95,0.85,1.156
S44,90,0.05,0.95,1.0833
S44,91,0.15,0.95,1.0942
S44,92,0.25,0.95,1.0481
S44,93,0.35,0.95,1.0754
S44,94,0.45,0.95,1.0889
S44,95,0.55,0.95,1.0866
S44,96,0.65,0.95,1.1625
S44,97,0.75,0.95,1.0356
S44,98,0.85,0.95,1.1185
S44,99,0.95,0.95,1.0248
S45,0,0.05,0.05,1.0855
S45,1,0.15,0.05,1.1094
S45,2,0.25,0.05,1.0301
S45,3,0.35,0.05,1.1008
S45,4,0.45,0.05,1.1097
S45,5,0.55,0.05,1.139
S45,6,0.65,0.05,1.1433
S45,7,0.75,0.05,1.0361
S45,8,0.85,0.05,1.142
S45,9,0.95,0.05,1.0976
S45,10,0.05,0.15,1.0979
S45,11,0.15,0.15,1.1127
S45,12,0.25,0.15,1.0471
S45,13,0.35,0.15,1.1115
S45,14,0.45,0.15,1.1727
S45,15,0.55,0.15,1.165
S45,16,0.65,0.15,1.0442
S45,17,0.75,0.15,1.1097
S45,18,0.85,0.15,1.0472
S45,19,0.95,0.15,1.1349
S45,20,0.05,0.25,1.1179
S45,21,0.15,0.25,1.122
S45,22,0.25,0.25,1.0735
S45,23,0.35,0.25,1.1688
S45,24,0.45,0.25,1.0883
S45,25,0.55,0.25,1.1445
S45,26,0.65,0.25,1.0918
S45,27,0.75,0.25,1.0971
S45,28,0.85,0.25,1.1501
S45,29,0.95,0.25,1.0597
S45,30,0.05,0.35,1.1474
S45,31,0.15,0.35,1.0418
S45,32,0.25,0.35,1.0672
S45,33,0.35,0.35,1.2248
S45,34,0.45,0.35,1.2235
S45,35,0.55,0.35,1.2022
S45,36,0.65,0.35,1.2209
S45,37,0.75,0.35,1.0844
S45,38,0.85,0.35,1.0463
S45,39,0.95,0.35,1.0636
S45,40,0.05,0.45,1.0888
S45,41,0.15,0.45,1.0842
S45,42,0.25,0.45,1.1354
S45,43,0.35,0.45,1.2246
S45,44,0.45,0.45,1.417
S45,45,0.55,0.45,1.4492
S45,46,0.65,0.45,1.2591
S45,47,0.75,0.45,1.1225
S45,48,0.85,0.45,1.0648
S45,49,0.95,0.45,1.1627
S45,50,0.05,0.55,1.0244
S45,51,0.15,0.55,1.0421
S45,52,0.25,0.55,1.0854
S45,53,0.35,0.55,1.2466
S45,54,0.45,0.55,1.411
S45,55,0.55,0.55,1.4005
S45,56,0.65,0.55,1.2921
S45,57,0.75,0.55,1.2285
S45,58,0.85,0.55,1.0853
S45,59,0.95,0.55,1.1178
S45,60,0.05,0.65,1.0791
S45,61,0.15,0.65,1.0717
S45,62,0.25,0.65,1.1158
S45,63,0.35,0.65,1.1282
S45,64,0.45,0.65,1.1816
S45,65,0.55,0.65,1.2092
S45,66,0.65,0.65,1.1812
S45,67,0.75,0.65,1.1647
S45,68,0.85,0.65,1.0619
S45,69,0.95,0.65,1.1079
S45,70,0.05,0.75,1.0832
S45,71,0.15,0.75,1.1398
S45,72,0.25,0.75,1.0475
S45,73,0.35,0.75,1.1293
S45,74,0.45,0.75,1.0948
S45,75,0.55,0.75,1.1057
S45,76,0.65,0.75,1.064
S45,77,0.75,0.75,1.0385
S45,78,0.85,0.75,1.0633
S45,79,0.95,0.75,1.0592
S45,80,0.05,0.85,1.1249
S45,81,0.15,0.85,1.1111
S45,82,0.25,0.85,1.0239
S45,83,0.35,0.85,1.0664
S45,84,0.45,0.85,1.0782
S45,85,0.55,0.85,1.117
S45,86,0.65,0.85,1.0705
S45,87,0.75,0.85,1.0453
S45,88,0.85,0.85,1.1212
S45,89,0.95,0.85,1.1103
S45,90,0.05,0.95,1.0268
S45,91,0.15,0.95,1.0208
S45,92,0.25,0.95,1.0734
S45,93,0.35,0.95,1.13
S45,94,0.45,0.95,1.142
S45,95,0.55,0.95,1.0312
S45,96,0.65,0.95,1.1265
S45,97,0.75,0.95,1.1594
S45,98,0.85,0.95,1.0674
S45,99,0.95,0.95,1.0235
S46,0,0.05,0.05,1.1223
S46,1,0.15,0.05,1.1455
S46,2,0.25,0.05,1.1215
S46,3,0.35,0.05,1.0401
S46,4,0.45,0.05,1.0736
S46,5,0.55,0.05,1.1214
S46,6,0.65,0.05,1.0259
S46,7,0.75,0.05,1.1576
S46,8,0.85,0.05,1.1445
S46,9,0.95,0.05,1.0294
S46,10,0.05,0.15,1.1037
S46,11,0.15,0.15,1.0943
S46,12,0.25,0.15,1.0406
S46,13,0.35,0.15,1.1578
S46,14,0.45,0.15,1.0523
S46,15,0.55,0.15,1.0691
S46,16,0.65,0.15,1.0483
S46,17,0.75,0.15,1.1575
S46,18,0.85,0.15,1.0813
S46,19,0.95,0.15,1.0789
S46,20,0.05,0.25,1.0656
S46,21,0.15,0.25,1.0851
S46,22,0.25,0.25,1.138
S46,23,0.35,0.25,1.1822
S46,24,0.45,0.25,1.165
S46,25,0.55,0.25,1.0804
S46,26,0.65,0.25,1.0583
S46,27,0.75,0.25,1.0371
S46,28,0.85,0.25,1.0352
S46,29,0.95,0.25,1.0341
S46,30,0.05,0.35,1.1537
S46,31,0.15,0.35,1.1663
S46,32,0.25,0.35,1.0662
S46,33,0.35,0.35,1.1187
S46,34,0.45,0.35,1.271
S46,35,0.55,0.35,1.2274
S46,36,0.65,0.35,1.2537
S46,37,0.75,0.35,1.1388
S46,38,0.85,0.35,1.1316
S46,39,0.95,0.35,1.0454
S46,40,0.05,0.45,1.0414
S46,41,0.15,0.45,1.1714
S46,42,0.25,0.45,1.1471
S46,43,0.35,0.45,1.1652
S46,44,0.45,0.45,1.3775
S46,45,0.55,0.45,1.4499
S46,46,0.65,0.45,1.2485
S46,47,0.75,0.45,1.1337
S46,48,0.85,0.45,1.1793
S46,49,0.95,0.45,1.1341
S46,50,0.05,0.55,1.1162
S46,51,0.15,0.55,1.1256
S46,52,0.25,0.55,1.141
S46,53,0.35,0.55,1.2284
S46,54,0.45,0.55,1.332
S46,55,0.55,0.55,1.479
S46,56,0.65,0.55,1.2031
S46,57,0.75,0.55,1.1889
S46,58,0.85,0.55,1.0929
S46,59,0.95,0.55,1.0293
S46,60,0.05,0.65,1.0149
S46,61,0.15,0.65,1.0351
S46,62,0.25,0.65,1.0857
S46,63,0.35,0.65,1.2137
S46,64,0.45,0.65,1.1836
S46,65,0.55,0.65,1.1842
S46,66,0.65,0.65,1.1815
S46,67,0.75,0.65,1.125
S46,68,0.85,0.65,1.1378
S46,69,0.95,0.65,1.0974
S46,70,0.05,0.75,1.0662
S46,71,0.15,0.75,1.0399
S46,72,0.25,0.75,1.1491
S46,73,0.35,0.75,1.1158
S46,74,0.45,0.75,1.1136
S46,75,0.55,0.75,1.0876
S46,76,0.65,0.75,1.1378
S46,77,0.75,0.75,1.1344
S46,78,0.85,0.75,1.1253
S46,79,0.95,0.75,1.1573
S46,80,0.05,0.85,1.0633
S46,81,0.15,0.85,1.1063
S46,82,0.25,0.85,1.1462
S46,83,0.35,0.85,1.0288
S46,84,0.45,0.85,1.1625
S46,85,0.55,0.85,1.0548
S46,86,0.65,0.85,1.0337
S46,87,0.75,0.85,1.121
S46,88,0.85,0.85,1.0248
S46,89,0.95,0.85,1.0747
S46,90,0.05,0.95,1.0319
S46,91,0.15,0.95,1.0567
S46,92,0.25,0.95,1.0779
S46,93,0.35,0.95,1.0311
S46,94,0.45,0.95,1.0198
S46,95,0.55,0.95,1.0478
S46,96,0.65,0.95,1.1539
S46,97,0.75,0.95,1.0102
S46,98,0.85,0.95,1.045
S46,99,0.95,0.95,1.0699
S47,0,0.05,0.05,1.0197
S47,1,0.15,0.05,1.0803
S47,2,0.25,0.05,1.1406
S47,3,0.35,0.05,1.1504
S47,4,0.45,0.05,1.105
S47,5,0.55,0.05,1.0543
S47,6,0.65,0.05,1.0263
S47,7,0.75,0.05,1.1583
S47,8,0.85,0.05,1.104
S47,9,0.95,0.05,1.1104
S47,10,0.05,0.15,1.0557
S47,11,0.15,0.15,1.0875
S47,12,0.25,0.15,1.0398
S47,13,0.35,0.15,1.0943
S47,14,0.45,0.15,1.0618
S47,15,0.55,0.15,1.0731
S47,16,0.65,0.15,1.1264
S47,17,0.75,0.15,1.1387
S47,18,0.85,0.15,1.0832
S47,19,0.95,0.15,1.0861
S47,20,0.05,0.25,1.131
S47,21,0.15,0.25,1.0228
S47,22,0.25,0.25,1.0644
S47,23,0.35,0.25,1.1192
S47,24,0.45,0.25,1.1126
S47,25,0.55,0.25,1.2105
S47,26,0.65,0.25,1.1408
S47,27,0.75,0.25,1.0709
S47,28,0.85,0.25,1.0693
S47,29,0.95,0.25,1.092
S47,30,0.05,0.35,1.0484
S47,31,0.15,0.35,1.162
S47,32,0.25,0.35,1.0894
S47,33,0.35,0.35,1.2
S47,34,0.45,0.35,1.1615
S47,35,0.55,0.35,1.273
S47,36,0.65,0.35,1.1379
S47,37,0.75,0.35,1.1459
S47,38,0.85,0.35,1.1135
S47,39,0.95,0.35,1.0801
S47,40,0.05,0.45,1.0339
S47,41,0.15,0.45,1.0795
S47,42,0.25,0.45,1.0899
S47,43,0.35,0.45,1.1948
S47,44,0.45,0.45,1.3178
S47,45,0.55,0.45,1.3478
S47,46,0.65,0.45,1.2483
S47,47,0.75,0.45,1.1038
S47,48,0.85,0.45,1.173
S47,49,0.95,0.45,1.0484
S47,50,0.05,0.55,1.14
S47,51,0.15,0.55,1.0781
S47,52,0.25,0.55,1.1351
S47,53,0.35,0.55,1.2064
S47,54,0.45,0.55,1.3178
S47,55,0.55,0.55,1.3657
S47,56,0.65,0.55,1.2657
S47,57,0.75,0.55,1.1552
S47,58,0.85,0.55,1.0978
S47,59,0.95,0.55,1.0264
S47,60,0.05,0.65,1.0972
S47,61,0.15,0.65,1.0834
S47,62,0.25,0.65,1.0658
S47,63,0.35,0.65,1.2099
S47,64,0.45,0.65,1.2487
S47,65,0.55,0.65,1.2991
S47,66,0.65,0.65,1.2149
S47,67,0.75,0.65,1.067
S47,68,0.85,0.65,1.168
S47,69,0.95,0.65,1.1052
S47,70,0.05,0.75,1.0867
S47,71,0.15,0.75,1.1299
S47,72,0.25,0.75,1.0312
S47,73,0.35,0.75,1.1044
S47,74,0.45,0.75,1.1806
S47,75,0.55,0.75,1.1543
S47,76,0.65,0.75,1.1582
S47,77,0.75,0.75,1.0548
S47,78,0.85,0.75,1.1572
S47,79,0.95,0.75,1.1395
S47,80,0.05,0.85,1.0194
S47,81,0.15,0.85,1.108
S47,82,0.25,0.85,1.0523
S47,83,0.35,0.85,1.1048
S47,84,0.45,0.85,1.0456
S47,85,0.55,0.85,1.1744
S47,86,0.65,0.85,1.1218
S47,87,0.75,0.85,1.042
S47,88,0.85,0.85,1.1018
S47,89,0.95,0.85,1.0428
S47,90,0.05,0.95,1.1284
S47,91,0.15,0.95,1.1399
S47,92,0.25,0.95,1.0454
S47,93,0.35,0.95,1.1151
S47,94,0.45,0.95,1.1307
S47,95,0.55,0.95,1.1293
S47,96,0.65,0.95,1.0567
S47,97,0.75,0.95,1.118
S47,98,0.85,0.95,1.0931
S47,99,0.95,0.95,1.1408
S48,0,0.05,0.05,1.1408
S48,1,0.15,0.05,1.0893
S48,2,0.25,0.05,1.0302
S48,3,0.35,0.05,1.0641
S48,4,0.45,0.05,1.0203
S48,5,0.55,0.05,1.1018
S48,6,0.65,0.05,1.0836
S48,7,0.75,0.05,1.1413
S48,8,0.85,0.05,1.0165
S48,9,0.95,0.05,1.129
S48,10,0.05,0.15,1.0891
S48,11,0.15,0.15,1.0988
S48,12,0.25,0.15,1.1416
S48,13,0.35,0.15,1.1202
S48,14,0.45,0.15,1.1461
S48,15,0.55,0.15,1.0704
S48,16,0.65,0.15,1.1705
S48,17,0.75,0.15,1.1452
S48,18,0.85,0.15,1.1105
S48,19,0.95,0.15,1.0503
S48,20,0.05,0.25,1.0103
S48,21,0.15,0.25,1.0961
S48,22,0.25,0.25,1.0661
S48,23,0.35,0.25,1.0838
S48,24,0.45,0.25,1.1645
S48,25,0.55,0.25,1.1694
S48,26,0.65,0.25,1.1303
S48,27,0.75,0.25,1.136
S48,28,0.85,0.25,1.0899
S48,29,0.95,0.25,1.084
S48,30,0.05,0.35,1.0815
S48,31,0.15,0.35,1.0467
S48,32,0.25,0.35,1.1038
S48,33,0.35,0.35,1.1955
S48,34,0.45,0.35,1.2868
S48,35,0.55,0.35,1.2879
S48,36,0.65,0.35,1.2384
S48,37,0.75,0.35,1.0862
S48,38,0.85,0.35,1.0852
S48,39,0.95,0.35,1.1371
S48,40,0.05,0.45,1.1555
S48,41,0.15,0.45,1.1237
S48,42,0.25,0.45,1.066
S48,43,0.35,0.45,1.1978
S48,44,0.45,0.45,1.3862
S48,45,0.55,0.45,1.4586
S48,46,0.65,0.45,1.2406
S48,47,0.75,0.45,1.1325
S48,48,0.85,0.45,1.1863
S48,49,0.95,0.45,1.0291
S48,50,0.05,0.55,1.0227
S48,51,0.15,0.55,1.0616
S48,52,0.25,0.55,1.1559
S48,53,0.35,0.55,1.1904
S48,54,0.45,0.55,1.2784
S48,55,0.55,0.55,1.4653
S48,56,0.65,0.55,1.2895
S48,57,0.75,0.55,1.2271
S48,58,0.85,0.55,1.1846
S48,59,0.95,0.55,1.0606
S48,60,0.05,0.65,1.1429
S48,61,0.15,0.65,1.1461
S48,62,0.25,0.65,1.1502
S48,63,0.35,0.65,1.1486
S48,64,0.45,0.65,1.2842
S48,65,0.55,0.65,1.204
S48,66,0.65,0.65,1.1931
S48,67,0.75,0.65,1.0712
S48,68,0.85,0.65,1.1736
S48,69,0.95,0.65,1.0323
S48,70,0.05,0.75,1.1495
S48,71,0.15,0.75,1.1466
S48,72,0.25,0.75,1.1395
S48,73,0.35,0.75,1.124
S48,74,0.45,0.75,1.204
S48,75,0.55,0.75,1.0772
S48,76,0.65,0.75,1.1274
S48,77,0.75,0.75,1.1508
S48,78,0.85,0.75,1.0519
S48,79,0.95,0.75,1.0472
S48,80,0.05,0.85,1.0251
S48,81,0.15,0.85,1.1442
S48,82,0.25,0.85,1.1202
S48,83,0.35,0.85,1.1664
S48,84,0.45,0.85,1.1621
S48,85,0.55,0.85,1.0835
S48,86,0.65,0.85,1.0362
S48,87,0.75,0.85,1.093
S48,88,0.85,0.85,1.0777
S48,89,0.95,0.85,1.0234
S48,90,0.05,0.95,1.0444
S48,91,0.15,0.95,1.0398
S48,92,0.25,0.95,1.0474
S48,93,0.35,0.95,1.1577
S48,94,0.45,0.95,1.1355
S48,95,0.55,0.95,1.0983
S48,96,0.65,0.95,1.0535
S48,97,0.75,0.95,1.0389
S48,98,0.85,0.95,1.1242
S48,99,0.95,0.95,1.0431
S49,0,0.05,0.05,1.03
S49,1,0.15,0.05,1.0126
S49,2,0.25,0.05,1.0384
S49,3,0.35,0.05,1.0256
S49,4,0.45,0.05,1.0211
S49,5,0.55,0.05,1.1641
S49,6,0.65,0.05,1.0999
S49,7,0.75,0.05,1.1006
S49,8,0.85,0.05,1.0615
S49,9,0.95,0.05,1.1002
S49,10,0.05,0.15,1.1133
S49,11,0.15,0.15,1.065
S49,12,0.25,0.15,1.0842
S49,13,0.35,0.15,1.0706
S49,14,0.45,0.15,1.1687
S49,15,0.55,0.15,1.0826
S49,16,0.65,0.15,1.037
S49,17,0.75,0.15,1.0438
S49,18,0.85,0.15,1.0122
S49,19,0.95,0.15,1.0066
S49,20,0.05,0.25,1.0448
S49,21,0.15,0.25,1.1587
S49,22,0.25,0.25,1.1484
S49,23,0.35,0.25,1.1748
S49,24,0.45,0.25,1.1814
S49,25,0.55,0.25,1.0974
S49,26,0.65,0.25,1.1723
S49,27,0.75,0.25,1.1312
S49,28,0.85,0.25,1.0359
S49,29,0.95,0.25,1.0572
S49,30,0.05,0.35,1.0544
S49,31,0.15,0.35,1.0647
S49,32,0.25,0.35,1.1615
S49,33,0.35,0.35,1.1123
S49,34,0.45,0.35,1.2819
S49,35,0.55,0.35,1.1779
S49,36,0.65,0.35,1.1358
S49,37,0.75,0.35,1.1365
S49,38,0.85,0.35,1.1625
S49,39,0.95,0.35,1.1463
S49,40,0.05,0.45,1.1499
S49,41,0.15,0.45,1.1692
S49,42,0.25,0.45,1.2049
S49,43,0.35,0.45,1.2124
S49,44,0.45,0.45,1.3872
S49,45,0.55,0.45,1.3674
S49,46,0.65,0.45,1.1837
S49,47,0.75,0.45,1.1601
S49,48,0.85,0.45,1.1157
S49,49,0.95,0.45,1.0199
S49,50,0.05,0.55,1.0711
S49,51,0.15,0.55,1.0776
S49,52,0.25,0.55,1.0654
S49,53,0.35,0.55,1.2382
S49,54,0.45,0.55,1.4178
S49,55,0.55,0.55,1.4671
S49,56,0.65,0.55,1.199
S49,57,0.75,0.55,1.1543
S49,58,0.85,0.55,1.059
S49,59,0.95,0.55,1.1381
S49,60,0.05,0.65,1.0723
S49,61,0.15,0.65,1.1161
S49,62,0.25,0.65,1.177
S49,63,0.35,0.65,1.2228
S49,64,0.45,0.65,1.1879
S49,65,0.55,0.65,1.3102
S49,66,0.65,0.65,1.1442
S49,67,0.75,0.65,1.1813
S49,68,0.85,0.65,1.1079
S49,69,0.95,0.65,1.0343
S49,70,0.05,0.75,1.0852
S49,71,0.15,0.75,1.026
S49,72,0.25,0.75,1.0652
S49,73,0.35,0.75,1.0722
S49,74,0.45,0.75,1.089
S49,75,0.55,0.75,1.1351
S49,76,0.65,0.75,1.1531
S49,77,0.75,0.75,1.1537
S49,78,0.85,0.75,1.1458
S49,79,0.95,0.75,1.0666
S49,80,0.05,0.85,1.1141
S49,81,0.15,0.85,1.1185
S49,82,0.25,0.85,1.1361
S49,83,0.35,0.85,1.0653
S49,84,0.45,0.85,1.1754
S49,85,0.55,0.85,1.0381
S49,86,0.65,0.85,1.081
S49,87,0.75,0.85,1.0954
S49,88,0.85,0.85,1.1376
S49,89,0.95,0.85,1.1348
S49,90,0.05,0.95,1.0178
S49,91,0.15,0.95,1.0235
S49,92,0.25,0.95,1.1212
S49,93,0.35,0.95,1.0611
S49,94,0.45,0.95,1.1041
S49,95,0.55,0.95,1.0516
S49,96,0.65,0.95,1.0921
S49,97,0.75,0.95,1.1193
S49,98,0.85,0.95,1.0599
S49,99,0.95,0.95,1.0245
S50,0,0.05,0.05,1.1088
S50,1,0.15,0.05,1.0218
S50,2,0.25,0.05,1.0379
S50,3,0.35,0.05,1.057
S50,4,0.45,0.05,1.1584
S50,5,0.55,0.05,1.018
S50,6,0.65,0.05,1.0223
S50,7,0.75,0.05,1.1355
S50,8,0.85,0.05,1.1208
S50,9,0.95,0.05,1.1373
S50,10,0.05,0.15,1.0751
S50,11,0.15,0.15,1.0406
S50,12,0.25,0.15,1.1216
S50,13,0.35,0.15,1.0717
S50,14,0.45,0.15,1.1089
S50,15,0.55,0.15,1.0574
S50,16,0.65,0.15,1.1264
S50,17,0.75,0.15,1.0719
S50,18,0.85,0.15,1.0973
S50,19,0.95,0.15,1.0802
S50,20,0.05,0.25,1.1222
S50,21,0.15,0.25,1.0899
S50,22,0.25,0.25,1.1616
S50,23,0.35,0.25,1.1475
S50,24,0.45,0.25,1.1166
S50,25,0.55,0.25,1.217
S50,26,0.65,0.25,1.1387
S50,27,0.75,0.25,1.1529
S50,28,0.85,0.25,1.1479
S50,29,0.95,0.25,1.069
S50,30,0.05,0.35,1.0161
S50,31,0.15,0.35,1.0736
S50,32,0.25,0.35,1.0809
S50,33,0.35,0.35,1.1156
S50,34,0.45,0.35,1.2725
S50,35,0.55,0.35,1.2443
S50,36,0.65,0.35,1.1879
S50,37,0.75,0.35,1.1085
S50,38,0.85,0.35,1.1145
S50,39,0.95,0.35,1.0951
S50,40,0.05,0.45,1.0758
S50,41,0.15,0.45,1.1202
S50,42,0.25,0.45,1.1241
S50,43,0.35,0.45,1.2761
S50,44,0.45,0.45,1.4019
S50,45,0.55,0.45,1.4369
S50,46,0.65,0.45,1.2729
S50,47,0.75,0.45,1.1993
S50,48,0.85,0.45,1.0436
S50,49,0.95,0.45,1.0644
S50,50,0.05,0.55,1.1459
S50,51,0.15,0.55,1.0621
S50,52,0.25,0.55,1.0899
S50,53,0.35,0.55,1.1529
S50,54,0.45,0.55,1.3943
S50,55,0.55,0.55,1.3878
S50,56,0.65,0.55,1.213
S50,57,0.75,0.55,1.1995
S50,58,0.85,0.55,1.1612
S50,59,0.95,0.55,1.059
S50,60,0.05,0.65,1.1192
S50,61,0.15,0.65,1.0451
S50,62,0.25,0.65,1.1591
S50,63,0.35,0.65,1.202
S50,64,0.45,0.65,1.2242
S50,65,0.55,0.65,1.2865
S50,66,0.65,0.65,1.1585
S50,67,0.75,0.65,1.0807
S50,68,0.85,0.65,1.1675
S50,69,0.95,0.65,1.1034
S50,70,0.05,0.75,1.027
S50,71,0.15,0.75,1.0574
S50,72,0.25,0.75,1.1088
S50,73,0.35,0.75,1.1067
S50,74,0.45,0.75,1.1511
S50,75,0.55,0.75,1.1491
S50,76,0.65,0.75,1.1252
S50,77,0.75,0.75,1.0383
S50,78,0.85,0.75,1.1524
S50,79,0.95,0.75,1.0858
S50,80,0.05,0.85,1.0913
S50,81,0.15,0.85,1.027
S50,82,0.25,0.85,1.1298
S50,83,0.35,0.85,1.109
S50,84,0.45,0.85,1.0762
S50,85,0.55,0.85,1.0907
S50,86,0.65,0.85,1.0361
S50,87,0.75,0.85,1.0976
S50,88,0.85,0.85,1.112
S50,89,0.95,0.85,1.0283
S50,90,0.05,0.95,1.0261
S50,91,0.15,0.95,1.043
S50,92,0.25,0.95,1.0163
S50,93,0.35,0.95,1.1327
S50,94,0.45,0.95,1.0472
S50,95,0.55,0.95,1.0555
S50,96,0.65,0.95,1.1362
S50,97,0.75,0.95,1.0159
S50,98,0.85,0.95,1.1444
S50,99,0.95,0.95,1.0207
S51,0,0.05,0.05,1.0786
S51,1,0.15,0.05,1.1302
S51,2,0.25,0.05,1.1248
S51,3,0.35,0.05,1.0925
S51,4,0.45,0.05,1.0433
S51,5,0.55,0.05,1.0552
S51,6,0.65,0.05,1.1078
S51,7,0.75,0.05,1.0526
S51,8,0.85,0.05,1.0709
S51,9,0.95,0.05,1.0581
S51,10,0.05,0.15,1.1387
S51,11,0.15,0.15,1.0419
S51,12,0.25,0.15,1.1659
S51,13,0.35,0.15,1.1175
S51,14,0.45,0.15,1.058
S51,15,0.55,0.15,1.1776
S51,16,0.65,0.15,1.1343
S51,17,0.75,0.15,1.1581
S51,18,0.85,0.15,1.0872
S51,19,0.95,0.15,1.0817
S51,20,0.05,0.25,1.1412
S51,21,0.15,0.25,1.0338
S51,22,0.25,0.25,1.1778
S51,23,0.35,0.25,1.1483
S51,24,0.45,0.25,1.2102
S51,25,0.55,0.25,1.1217
S51,26,0.65,0.25,1.1566
S51,27,0.75,0.25,1.0761
S51,28,0.85,0.25,1.0957
S51,29,0.95,0.25,1.1603
S51,30,0.05,0.35,1.0741
S51,31,0.15,0.35,1.124
S51,32,0.25,0.35,1.0777
S51,33,0.35,0.35,1.2391
S51,34,0.45,0.35,1.1994
S51,35,0.55,0.35,1.3019
S51,36,0.65,0.35,1.1976
S51,37,0.75,0.35,1.1451
S51,38,0.85,0.35,1.0991
S51,39,0.95,0.35,1.1601
S51,40,0.05,0.45,1.0708
S51,41,0.15,0.45,1.0766
S51,42,0.25,0.45,1.0657
S51,43,0.35,0.45,1.1894
S51,44,0.45,0.45,1.348
S51,45,0.55,0.45,1.4827
S51,46,0.65,0.45,1.2072
S51,47,0.75,0.45,1.2314
S51,48,0.85,0.45,1.1875
S51,49,0.95,0.45,1.043
S51,50,0.05,0.55,1.0907
S51,51,0.15,0.55,1.143
S51,52,0.25,0.55,1.1811
S51,53,0.35,0.55,1.2663
S51,54,0.45,0.55,1.3977
S51,55,0.55,0.55,1.3707
S51,56,0.65,0.55,1.2907
S51,57,0.75,0.55,1.1722
S51,58,0.85,0.55,1.0579
S51,59,0.95,0.55,1.0934
S51,60,0.05,0.65,1.0506
S51,61,0.15,0.65,1.0389
S51,62,0.25,0.65,1.1334
S51,63,0.35,0.65,1.1316
S51,64,0.45,0.65,1.2708
S51,65,0.55,0.65,1.2057
S51,66,0.65,0.65,1.1168
S51,67,0.75,0.65,1.1807
S51,68,0.85,0.65,1.0999
S51,69,0.95,0.65,1.0494
S51,70,0.05,0.75,1.009
S51,71,0.15,0.75,1.042
S51,72,0.25,0.75,1.0344
S51,73,0.35,0.75,1.1839
S51,74,0.45,0.75,1.1731
S51,75,0.55,0.75,1.1253
S51,76,0.65,0.75,1.1661
S51,77,0.75,0.75,1.1296
S51,78,0.85,0.75,1.1138
S51,79,0.95,0.75,1.0991
S51,80,0.05,0.85,1.1462
S51,81,0.15,0.85,1.0582
S51,82,0.25,0.85,1.047
S51,83,0.35,0.85,1.0611
S51,84,0.45,0.85,1.1561
S51,85,0.55,0.85,1.1054
S51,86,0.65,0.85,1.177
S51,87,0.75,0.85,1.0972
S51,88,0.85,0.85,1.0271
S51,89,0.95,0.85,1.0567
S51,90,0.05,0.95,1.0867
S51,91,0.15,0.95,1.1272
S51,92,0.25,0.95,1.0732
S51,93,0.35,0.95,1.082
S51,94,0.45,0.95,1.1474
S51,95,0.55,0.95,1.0538
S51,96,0.65,0.95,1.1553
S51,97,0.75,0.95,1.1132
S51,98,0.85,0.95,1.1194
S51,99,0.95,0.95,1.1034
S52,0,0.05,0.05,1.0819
S52,1,0.15,0.05,1.1319
S52,2,0.25,0.05,1.133
S52,3,0.35,0.05,1.0758
S52,4,0.45,0.05,1.1248
S52,5,0.55,0.05,1.0651
S52,6,0.65,0.05,1.1379
S52,7,0.75,0.05,1.1003
S52,8,0.85,0.05,1.0873
S52,9,0.95,0.05,1.0774
S52,10,0.05,0.15,1.0237
S52,11,0.15,0.15,1.0416
S52,12,0.25,0.15,1.1411
S52,13,0.35,0.15,1.1663
S52,14,0.45,0.15,1.1641
S52,15,0.55,0.15,1.0857
S52,16,0.65,0.15,1.0387
S52,17,0.75,0.15,1.1507
S52,18,0.85,0.15,1.0937
S52,19,0.95,0.15,1.099
S52,20,0.05,0.25,1.0138
S52,21,0.15,0.25,1.0235
S52,22,0.25,0.25,1.1366
S52,23,0.35,0.25,1.1679
S52,24,0.45,0.25,1.1332
S52,25,0.55,0.25,1.1687
S52,26,0.65,0.25,1.1567
S52,27,0.75,0.25,1.0862
S52,28,0.85,0.25,1.1627
S52,29,0.95,0.25,1.0946
S52,30,0.05,0.35,1.0984
S52,31,0.15,0.35,1.1653
S52,32,0.25,0.35,1.0866
S52,33,0.35,0.35,1.1258
S52,34,0.45,0.35,1.1465
S52,35,0.55,0.35,1.2155
S52,36,0.65,0.35,1.131
S52,37,0.75,0.35,1.191
S52,38,0.85,0.35,1.121
S52,39,0.95,0.35,1.092
S52,40,0.05,0.45,1.0356
S52,41,0.15,0.45,1.1524
S52,42,0.25,0.45,1.1524
S52,43,0.35,0.45,1.1523
S52,44,0.45,0.45,1.3632
S52,45,0.55,0.45,1.3942
S52,46,0.65,0.45,1.1992
S52,47,0.75,0.45,1.096
S52,48,0.85,0.45,1.0395
S52,49,0.95,0.45,1.1207
S52,50,0.05,0.55,1.0663
S52,51,0.15,0.55,1.0626
S52,52,0.25,0.55,1.1038
S52,53,0.35,0.55,1.15
S52,54,0.45,0.55,1.3285
S52,55,0.55,0.55,1.4664
S52,56,0.65,0.55,1.2549
S52,57,0.75,0.55,1.2226
S52,58,0.85,0.55,1.0504
S52,59,0.95,0.55,1.0803
S52,60,0.05,0.65,1.0958
S52,61,0.15,0.65,1.1686
S52,62,0.25,0.65,1.0804
S52,63,0.35,0.65,1.2268
S52,64,0.45,0.65,1.2928
S52,65,0.55,0.65,1.2792
S52,66,0.65,0.65,1.1656
S52,67,0.75,0.65,1.0882
S52,68,0.85,0.65,1.0497
S52,69,0.95,0.65,1.1153
S52,70,0.05,0.75,1.1386
S52,71,0.15,0.75,1.1018
S52,72,0.25,0.75,1.1497
S52,73,0.35,0.75,1.0508
S52,74,0.45,0.75,1.1865
S52,75,0.55,0.75,1.0938
S52,76,0.65,0.75,1.1466
S52,77,0.75,0.75,1.1767
S52,78,0.85,0.75,1.042
S52,79,0.95,0.75,1.1389
S52,80,0.05,0.85,1.0591
S52,81,0.15,0.85,1.1238
S52,82,0.25,0.85,1.1287
S52,83,0.35,0.85,1.0309
S52,84,0.45,0.85,1.0744
S52,85,0.55,0.85,1.0607
S52,86,0.65,0.85,1.1356
S52,87,0.75,0.85,1.048
S52,88,0.85,0.85,1.1178
S52,89,0.95,0.85,1.0458
S52,90,0.05,0.95,1.0723
S52,91,0.15,0.95,1.1368
S52,92,0.25,0.95,1.0576
S52,93,0.35,0.95,1.0869
S52,94,0.45,0.95,1.1214
S52,95,0.55,0.95,1.0881
S52,96,0.65,0.95,1.1251
S52,97,0.75,0.95,1.0854
S52,98,0.85,0.95,1.138
S52,99,0.95,0.95,1.0655
S53,0,0.05,0.05,1.0847
S53,1,0.15,0.05,1.0806
S53,2,0.25,0.05,1.1439
S53,3,0.35,0.05,1.0854
S53,4,0.45,0.05,1.1175
S53,5,0.55,0.05,1.1351
S53,6,0.65,0.05,1.1015
S53,7,0.75,0.05,1.0352
S53,8,0.85,0.05,1.0501
S53,9,0.95,0.05,1.0439
S53,10,0.05,0.15,1.1121
S53,11,0.15,0.15,1.0145
S53,12,0.25,0.15,1.0464
S53,13,0.35,0.15,1.0638
S53,14,0.45,0.15,1.0708
S53,15,0.55,0.15,1.0751
S53,16,0.65,0.15,1.0509
S53,17,0.75,0.15,1.1455
S53,18,0.85,0.15,1.0294
S53,19,0.95,0.15,1.1215
S53,20,0.05,0.25,1.1386
S53,21,0.15,0.25,1.1005
S53,22,0.25,0.25,1.1504
S53,23,0.35,0.25,1.1469
S53,24,0.45,0.25,1.1686
S53,25,0.55,0.25,1.2164
S53,26,0.65,0.25,1.1181
S53,27,0.75,0.25,1.1252
S53,28,0.85,0.25,1.0995
S53,29,0.95,0.25,1.0201
S53,30,0.05,0.35,1.0261
S53,31,0.15,0.35,1.1017
S53,32,0.25,0.35,1.186
S53,33,0.35,0.35,1.1441
S53,34,0.45,0.35,1.2837
S53,35,0.55,0.35,1.1899
S53,36,0.65,0.35,1.1304
S53,37,0.75,0.35,1.1058
S53,38,0.85,0.35,1.0872
S53,39,0.95,0.35,1.058
S53,40,0.05,0.45,1.0558
S53,41,0.15,0.45,1.1485
S53,42,0.25,0.45,1.1755
S53,43,0.35,0.45,1.2587
S53,44,0.45,0.45,1.2813
S53,45,0.55,0.45,1.4897
S53,46,0.65,0.45,1.3289
S53,47,0.75,0.45,1.132
S53,48,0.85,0.45,1.1455
S53,49,0.95,0.45,1.1006
S53,50,0.05,0.55,1.1108
S53,51,0.15,0.55,1.0685
S53,52,0.25,0.55,1.152
S53,53,0.35,0.55,1.2083
S53,54,0.45,0.55,1.3438
S53,55,0.55,0.55,1.3896
S53,56,0.65,0.55,1.3241
S53,57,0.75,0.55,1.1078
S53,58,0.85,0.55,1.1088
S53,59,0.95,0.55,1.1144
S53,60,0.05,0.65,1.141
S53,61,0.15,0.65,1.1577
S53,62,0.25,0.65,1.1625
S53,63,0.35,0.65,1.2002
S53,64,0.45,0.65,1.1821
S53,65,0.55,0.65,1.2483
S53,66,0.65,0.65,1.1504
S53,67,0.75,0.65,1.2068
S53,68,0.85,0.65,1.1087
S53,69,0.95,0.65,1.0443
S53,70,0.05,0.75,1.0956
S53,71,0.15,0.75,1.1232
S53,72,0.25,0.75,1.034
S53,73,0.35,0.75,1.0553
S53,74,0.45,0.75,1.1858
S53,75,0.55,0.75,1.0931
S53,76,0.65,0.75,1.1752
S53,77,0.75,0.75,1.0647
S53,78,0.85,0.75,1.1396
S53,79,0.95,0.75,1.1558
S53,80,0.05,0.85,1.1424
S53,81,0.15,0.85,1.0248
S53,82,0.25,0.85,1.1199
S53,83,0.35,0.85,1.1389
S53,84,0.45,0.85,1.0764
S53,85,0.55,0.85,1.0742
S53,86,0.65,0.85,1.1446
S53,87,0.75,0.85,1.0686
S53,88,0.85,0.85,1.0683
S53,89,0.95,0.85,1.0487
S53,90,0.05,0.95,1.1447
S53,91,0.15,0.95,1.139
S53,92,0.25,0.95,1.0236
S53,93,0.35,0.95,1.0244
S53,94,0.45,0.95,1.0691
S53,95,0.55,0.95,1.1189
S53,96,0.65,0.95,1.1494
S53,97,0.75,0.95,1.1452
S53,98,0.85,0.95,1.0691
S53,99,0.95,0.95,1.0776
S54,0,0.05,0.05,1.1238
S54,1,0.15,0.05,1.0973
S54,2,0.25,0.05,1.1571
S54,3,0.35,0.05,1.1436
S54,4,0.45,0.05,1.0715
S54,5,0.55,0.05,1.0457
S54,6,0.65,0.05,1.0919
S54,7,0.75,0.05,1.0864
S54,8,0.85,0.05,1.0191
S54,9,0.95,0.05,1.1453
S54,10,0.05,0.15,1.0827
S54,11,0.15,0.15,1.0614
S54,12,0.25,0.15,1.1556
S54,13,0.35,0.15,1.1543
S54,14,0.45,0.15,1.1401
S54,15,0.55,0.15,1.1356
S54,16,0.65,0.15,1.1028
S54,17,0.75,0.15,1.1077
S54,18,0.85,0.15,1.0289
S54,19,0.95,0.15,1.0813
S54,20,0.05,0.25,1.1201
S54,21,0.15,0.25,1.0868
S54,22,0.25,0.25,1.149
S54,23,0.35,0.25,1.0827
S54,24,0.45,0.25,1.1809
S54,25,0.55,0.25,1.1074
S54,26,0.65,0.25,1.1237
S54,27,0.75,0.25,1.0611
S54,28,0.85,0.25,1.0939
S54,29,0.95,0.25,1.0106
S54,30,0.05,0.35,1.0355
S54,31,0.15,0.35,1.0766
S54,32,0.25,0.35,1.1099
S54,33,0.35,0.35,1.1311
S54,34,0.45,0.35,1.2712
S54,35,0.55,0.35,1.3011
S54,36,0.65,0.35,1.1371
S54,37,0.75,0.35,1.1498
S54,38,0.85,0.35,1.1249
S54,39,0.95,0.35,1.1566
S54,40,0.05,0.45,1.1037
S54,41,0.15,0.45,1.0732
S54,42,0.25,0.45,1.2007
S54,43,0.35,0.45,1.1977
S54,44,0.45,0.45,1.2813
S54,45,0.55,0.45,1.3594
S54,46,0.65,0.45,1.3073
S54,47,0.75,0.45,1.2313
S54,48,0.85,0.45,1.1768
S54,49,0.95,0.45,1.1368
S54,50,0.05,0.55,1.0727
S54,51,0.15,0.55,1.0592
S54,52,0.25,0.55,1.1093
S54,53,0.35,0.55,1.2114
S54,54,0.45,0.55,1.31
S54,55,0.55,0.55,1.4129
S54,56,0.65,0.55,1.2284
S54,57,0.75,0.55,1.1393
S54,58,0.85,0.55,1.0905
S54,59,0.95,0.55,1.0619
S54,60,0.05,0.65,1.1442
S54,61,0.15,0.65,1.0762
S54,62,0.25,0.65,1.1423
S54,63,0.35,0.65,1.2227
S54,64,0.45,0.65,1.2093
S54,65,0.55,0.65,1.208
S54,66,0.65,0.65,1.2038
S54,67,0.75,0.65,1.1938
S54,68,0.85,0.65,1.1536
S54,69,0.95,0.65,1.1599
S54,70,0.05,0.75,1.1324
S54,71,0.15,0.75,1.0906
S54,72,0.25,0.75,1.0504
S54,73,0.35,0.75,1.1252
S54,74,0.45,0.75,1.1857
S54,75,0.55,0.75,1.1547
S54,76,0.65,0.75,1.0707
S54,77,0.75,0.75,1.0999
S54,78,0.85,0.75,1.0654
S54,79,0.95,0.75,1.0294
S54,80,0.05,0.85,1.1228
S54,81,0.15,0.85,1.0801
S54,82,0.25,0.85,1.0614
S54,83,0.35,0.85,1.0918
S54,84,0.45,0.85,1.1697
S54,85,0.55,0.85,1.0803
S54,86,0.65,0.85,1.0388
S54,87,0.75,0.85,1.0428
S54,88,0.85,0.85,1.0469
S54,89,0.95,0.85,1.135
S54,90,0.05,0.95,1.026
S54,91,0.15,0.95,1.1432
S54,92,0.25,0.95,1.1202
S54,93,0.35,0.95,1.0198
S54,94,0.45,0.95,1.0683
S54,95,0.55,0.95,1.1272
S54,96,0.65,0.95,1.0414
S54,97,0.75,0.95,1.029
S54,98,0.85,0.95,1.1506
S54,99,0.95,0.95,1.1428
S55,0,0.05,0.05,1.1502
S55,1,0.15,0.05,1.0755
S55,2,0.25,0.05,1.075
S55,3,0.35,0.05,1.1084
S55,4,0.45,0.05,1.0628
S55,5,0.55,0.05,1.0748
S55,6,0.65,0.05,1.1021
S55,7,0.75,0.05,1.0606
S55,8,0.85,0.05,1.143
S55,9,0.95,0.05,1.0736
S55,10,0.05,0.15,1.1026
S55,11,0.15,0.15,1.0184
S55,12,0.25,0.15,1.06
S55,13,0.35,0.15,1.0348
S55,14,0.45,0.15,1.0621
S55,15,0.55,0.15,1.0658
S55,16,0.65,0.15,1.1337
S55,17,0.75,0.15,1.107
S55,18,0.85,0.15,1.1443
S55,19,0.95,0.15,1.0792
S55,20,0.05,0.25,1.0101
S55,21,0.15,0.25,1.1516
S55,22,0.25,0.25,1.1701
S55,23,0.35,0.25,1.1087
S55,24,0.45,0.25,1.173
S55,25,0.55,0.25,1.0742
S55,26,0.65,0.25,1.1436
S55,27,0.75,0.25,1.1521
S55,28,0.85,0.25,1.0355
S55,29,0.95,0.25,1.0578
S55,30,0.05,0.35,1.0442
S55,31,0.15,0.35,1.1458
S55,32,0.25,0.35,1.1283
S55,33,0.35,0.35,1.1126
S55,34,0.45,0.35,1.2463
S55,35,0.55,0.35,1.1647
S55,36,0.65,0.35,1.1378
S55,37,0.75,0.35,1.0935
S55,38,0.85,0.35,1.0875
S55,39,0.95,0.35,1.1389
S55,40,0.05,0.45,1.1517
S55,41,0.15,0.45,1.159
S55,42,0.25,0.45,1.1818
S55,43,0.35,0.45,1.2544
S55,44,0.45,0.45,1.3743
S55,45,0.55,0.45,1.3837
S55,46,0.65,0.45,1.2623
S55,47,0.75,0.45,1.1564
S55,48,0.85,0.45,1.1218
S55,49,0.95,0.45,1.0266
S55,50,0.05,0.55,1.0153
S55,51,0.15,0.55,1.059
S55,52,0.25,0.55,1.1154
S55,53,0.35,0.55,1.2534
S55,54,0.45,0.55,1.3868
S55,55,0.55,0.55,1.3659
S55,56,0.65,0.55,1.2711
S55,57,0.75,0.55,1.1934
S55,58,0.85,0.55,1.1017
S55,59,0.95,0.55,1.0828
S55,60,0.05,0.65,1.0799
S55,61,0.15,0.65,1.0848
S55,62,0.25,0.65,1.0471
S55,63,0.35,0.65,1.1561
S55,64,0.45,0.65,1.1652
S55,65,0.55,0.65,1.3048
S55,66,0.65,0.65,1.1576
S55,67,0.75,0.65,1.211
S55,68,0.85,0.65,1.1407
S55,69,0.95,0.65,1.0552
S55,70,0.05,0.75,1.0644
S55,71,0.15,0.75,1.0312
S55,72,0.25,0.75,1.0365
S55,73,0.35,0.75,1.1311
S55,74,0.45,0.75,1.1469
S55,75,0.55,0.75,1.1689
S55,76,0.65,0.75,1.0741
S55,77,0.75,0.75,1.0707
S55,78,0.85,0.75,1.0816
S55,79,0.95,0.75,1.1282
S55,80,0.05,0.85,1.1358
S55,81,0.15,0.85,1.0721
S55,82,0.25,0.85,1.1253
S55,83,0.35,0.85,1.1588
S55,84,0.45,0.85,1.1002
S55,85,0.55,0.85,1.131
S55,86,0.65,0.85,1.0885
S55,87,0.75,0.85,1.136
S55,88,0.85,0.85,1.0767
S55,89,0.95,0.85,1.0591
S55,90,0.05,0.95,1.0531
S55,91,0.15,0.95,1.0058
S55,92,0.25,0.95,1.1392
S55,93,0.35,0.95,1.0701
S55,94,0.45,0.95,1.1169
S55,95,0.55,0.95,1.1387
S55,96,0.65,0.95,1.1516
S55,97,0.75,0.95,1.159
S55,98,0.85,0.95,1.1288
S55,99,0.95,0.95,1.0244
S56,0,0.05,0.05,1.1334
S56,1,0.15,0.05,1.0726
S56,2,0.25,0.05,1.156
S56,3,0.35,0.05,1.0346
S56,4,0.45,0.05,1.1556
S56,5,0.55,0.05,1.1634
S56,6,0.65,0.05,1.0859
S56,7,0.75,0.05,1.0962
S56,8,0.85,0.05,1.0769
S56,9,0.95,0.05,1.1075
S56,10,0.05,0.15,1.0837
S56,11,0.15,0.15,1.0878
S56,12,0.25,0.15,1.1234
S56,13,0.35,0.15,1.1227
S56,14,0.45,0.15,1.0979
S56,15,0.55,0.15,1.1214
S56,16,0.65,0.15,1.1373
S56,17,0.75,0.15,1.0871
S56,18,0.85,0.15,1.1593
S56,19,0.95,0.15,1.0503
S56,20,0.05,0.25,1.1516
S56,21,0.15,0.25,1.1058
S56,22,0.25,0.25,1.0587
S56,23,0.35,0.25,1.1916
S56,24,0.45,0.25,1.0895
S56,25,0.55,0.25,1.2088
S56,26,0.65,0.25,1.1501
S56,27,0.75,0.25,1.176
S56,28,0.85,0.25,1.0854
S56,29,0.95,0.25,1.0498
S56,30,0.05,0.35,1.1285
S56,31,0.15,0.35,1.0671
S56,32,0.25,0.35,1.0997
S56,33,0.35,0.35,1.1788
S56,34,0.45,0.35,1.2286
S56,35,0.55,0.35,1.3053
S56,36,0.65,0.35,1.1254
S56,37,0.75,0.35,1.1795
S56,38,0.85,0.35,1.1171
S56,39,0.95,0.35,1.1149
S56,40,0.05,0.45,1.0255
S56,41,0.15,0.45,1.0836
S56,42,0.25,0.45,1.1995
S56,43,0.35,0.45,1.1707
S56,44,0.45,0.45,1.4259
S56,45,0.55,0.45,1.3906
S56,46,0.65,0.45,1.284
S56,47,0.75,0.45,1.1837
S56,48,0.85,0.45,1.1878
S56,49,0.95,0.45,1.1223
S56,50,0.05,0.55,1.12
S56,51,0.15,0.55,1.09
S56,52,0.25,0.55,1.1205
S56,53,0.35,0.55,1.1783
S56,54,0.45,0.55,1.3929
S56,55,0.55,0.55,1.4665
S56,56,0.65,0.55,1.3103
S56,57,0.75,0.55,1.1699
S56,58,0.85,0.55,1.1034
S56,59,0.95,0.55,1.0402
S56,60,0.05,0.65,1.1568
S56,61,0.15,0.65,1.1711
S56,62,0.25,0.65,1.1595
S56,63,0.35,0.65,1.1846
S56,64,0.45,0.65,1.2783
S56,65,0.55,0.65,1.1906
S56,66,0.65,0.65,1.2521
S56,67,0.75,0.65,1.1936
S56,68,0.85,0.65,1.1484
S56,69,0.95,0.65,1.0699
S56,70,0.05,0.75,1.1154
S56,71,0.15,0.75,1.0585
S56,72,0.25,0.75,1.153
S56,73,0.35,0.75,1.0996
S56,74,0.45,0.75,1.0879
S56,75,0.55,0.75,1.142
S56,76,0.65,0.75,1.1151
S56,77,0.75,0.75,1.1619
S56,78,0.85,0.75,1.1469
S56,79,0.95,0.75,1.0579
S56,80,0.05,0.85,1.0702
S56,81,0.15,0.85,1.1216
S56,82,0.25,0.85,1.1469
S56,83,0.35,0.85,1.1666
S56,84,0.45,0.85,1.045
S56,85,0.55,0.85,1.0523
S56,86,0.65,0.85,1.1288
S56,87,0.75,0.85,1.1547
S56,88,0.85,0.85,1.1449
S56,89,0.95,0.85,1.009
S56,90,0.05,0.95,1.1136
S56,91,0.15,0.95,1.0796
S56,92,0.25,0.95,1.026
S56,93,0.35,0.95,1.0716
S56,94,0.45,0.95,1.079
S56,95,0.55,0.95,1.121
S56,96,0.65,0.95,1.1034
S56,97,0.75,0.95,1.1354
S56,98,0.85,0.95,1.1337
S56,99,0.95,0.95,1.0386
S57,0,0.05,0.05,1.1173
S57,1,0.15,0.05,1.1481
S57,2,0.25,0.05,1.1318
S57,3,0.35,0.05,1.1084
S57,4,0.45,0.05,1.1
S57,5,0.55,0.05,1.1563
S57,6,0.65,0.05,1.0609
S57,7,0.75,0.05,1.0477
S57,8,0.85,0.05,1.1027
S57,9,0.95,0.05,1.1004
S57,10,0.05,0.15,1.0608
S57,11,0.15,0.15,1.1126
S57,12,0.25,0.15,1.0658
S57,13,0.35,0.15,1.1297
S57,14,0.45,0.15,1.0828
S57,15,0.55,0.15,1.1377
S57,16,0.65,0.15,1.0464
S57,17,0.75,0.15,1.0257
S57,18,0.85,0.15,1.0618
S57,19,0.95,0.15,1.1246
S57,20,0.05,0.25,1.0215
S57,21,0.15,0.25,1.0353
S57,22,0.25,0.25,1.0536
S57,23,0.35,0.25,1.1392
S57,24,0.45,0.25,1.1145
S57,25,0.55,0.25,1.1365
S57,26,0.65,0.25,1.1787
S57,27,0.75,0.25,1.0947
S57,28,0.85,0.25,1.0451
S57,29,0.95,0.25,1.0925
S57,30,0.05,0.35,1.138
S57,31,0.15,0.35,1.1089
S57,32,0.25,0.35,1.0888
S57,33,0.35,0.35,1.1929
S57,34,0.45,0.35,1.2202
S57,35,0.55,0.35,1.1825
S57,36,0.65,0.35,1.1232
S57,37,0.75,0.35,1.1319
S57,38,0.85,0.35,1.1621
S57,39,0.95,0.35,1.1177
S57,40,0.05,0.45,1.1353
S57,41,0.15,0.45,1.033
S57,42,0.25,0.45,1.167
S57,43,0.35,0.45,1.1832
S57,44,0.45,0.45,1.2948
S57,45,0.55,0.45,1.353
S57,46,0.65,0.45,1.2779
S57,47,0.75,0.45,1.1172
S57,48,0.85,0.45,1.0768
S57,49,0.95,0.45,1.1455
S57,50,0.05,0.55,1.1053
S57,51,0.15,0.55,1.0923
S57,52,0.25,0.55,1.0635
S57,53,0.35,0.55,1.2818
S57,54,0.45,0.55,1.3187
S57,55,0.55,0.55,1.3592
S57,56,0.65,0.55,1.184
S57,57,0.75,0.55,1.1168
S57,58,0.85,0.55,1.0833
S57,59,0.95,0.55,1.1388
S57,60,0.05,0.65,1.13
S57,61,0.15,0.65,1.0848
S57,62,0.25,0.65,1.0726
S57,63,0.35,0.65,1.2197
S57,64,0.45,0.65,1.2782
S57,65,0.55,0.65,1.2107
S57,66,0.65,0.65,1.1424
S57,67,0.75,0.65,1.108
S57,68,0.85,0.65,1.0835
S57,69,0.95,0.65,1.1003
S57,70,0.05,0.75,1.1343
S57,71,0.15,0.75,1.025
S57,72,0.25,0.75,1.0527
S57,73,0.35,0.75,1.0679
S57,74,0.45,0.75,1.14
S57,75,0.55,0.75,1.1617
S57,76,0.65,0.75,1.1992
S57,77,0.75,0.75,1.1335
S57,78,0.85,0.75,1.0376
S57,79,0.95,0.75,1.1081
S57,80,0.05,0.85,1.0956
S57,81,0.15,0.85,1.1016
S57,82,0.25,0.85,1.0364
S57,83,0.35,0.85,1.0889
S57,84,0.45,0.85,1.0558
S57,85,0.55,0.85,1.0982
S57,86,0.65,0.85,1.1184
S57,87,0.75,0.85,1.146
S57,88,0.85,0.85,1.153
S57,89,0.95,0.85,1.1433
S57,90,0.05,0.95,1.1089
S57,91,0.15,0.95,1.1456
S57,92,0.25,0.95,1.0825
S57,93,0.35,0.95,1.1449
S57,94,0.45,0.95,1.0801
S57,95,0.55,0.95,1.0821
S57,96,0.65,0.95,1.0425
S57,97,0.75,0.95,1.0578
S57,98,0.85,0.95,1.0197
S57,99,0.95,0.95,1.1266
S58,0,0.05,0.05,1.0482
S58,1,0.15,0.05,1.1014
S58,2,0.25,0.05,1.103
S58,3,0.35,0.05,1.0396
S58,4,0.45,0.05,1.1289
S58,5,0.55,0.05,1.135
S58,6,0.65,0.05,1.0242
S58,7,0.75,0.05,1.1135
S58,8,0.85,0.05,1.15
S58,9,0.95,0.05,1.1455
S58,10,0.05,0.15,1.102
S58,11,0.15,0.15,1.0916
S58,12,0.25,0.15,1.162
S58,13,0.35,0.15,1.0396
S58,14,0.45,0.15,1.051
S58,15,0.55,0.15,1.1339
S58,16,0.65,0.15,1.0432
S58,17,0.75,0.15,1.092
S58,18,0.85,0.15,1.1074
S58,19,0.95,0.15,1.0355
S58,20,0.05,0.25,1.0139
S58,21,0.15,0.25,1.1299
S58,22,0.25,0.25,1.1224
S58,23,0.35,0.25,1.1184
S58,24,0.45,0.25,1.0833
S58,25,0.55,0.25,1.1669
S58,26,0.65,0.25,1.0988
S58,27,0.75,0.25,1.0876
S58,28,0.85,0.25,1.0822
S58,29,0.95,0.25,1.062
S58,30,0.05,0.35,1.0691
S58,31,0.15,0.35,1.0413
S58,32,0.25,0.35,1.1637
S58,33,0.35,0.35,1.1191
S58,34,0.45,0.35,1.2749
S58,35,0.55,0.35,1.2023
S58,36,0.65,0.35,1.241
S58,37,0.75,0.35,1.198
S58,38,0.85,0.35,1.1445
S58,39,0.95,0.35,1.1178
S58,40,0.05,0.45,1.0993
S58,41,0.15,0.45,1.1307
S58,42,0.25,0.45,1.1753
S58,43,0.35,0.45,1.2344
S58,44,0.45,0.45,1.418
S58,45,0.55,0.45,1.4054
S58,46,0.65,0.45,1.2667
S58,47,0.75,0.45,1.1116
S58,48,0.85,0.45,1.0438
S58,49,0.95,0.45,1.0594
S58,50,0.05,0.55,1.0139
S58,51,0.15,0.55,1.1231
S58,52,0.25,0.55,1.1958
S58,53,0.35,0.55,1.14
S58,54,0.45,0.55,1.4134
S58,55,0.55,0.55,1.4448
S58,56,0.65,0.55,1.2622
S58,57,0.75,0.55,1.0945
S58,58,0.85,0.55,1.0643
S58,59,0.95,0.55,1.1338
S58,60,0.05,0.65,1.129
S58,61,0.15,0.65,1.115
S58,62,0.25,0.65,1.1819
S58,63,0.35,0.65,1.2166
S58,64,0.45,0.65,1.2706
S58,65,0.55,0.65,1.1837
S58,66,0.65,0.65,1.2407
S58,67,0.75,0.65,1.1047
S58,68,0.85,0.65,1.0661
S58,69,0.95,0.65,1.0261
S58,70,0.05,0.75,1.1207
S58,71,0.15,0.75,1.0705
S58,72,0.25,0.75,1.1239
S58,73,0.35,0.75,1.0997
S58,74,0.45,0.75,1.13
S58,75,0.55,0.75,1.1969
S58,76,0.65,0.75,1.1161
S58,77,0.75,0.75,1.1109
S58,78,0.85,0.75,1.0588
S58,79,0.95,0.75,1.0657
S58,80,0.05,0.85,1.0556
S58,81,0.15,0.85,1.0892
S58,82,0.25,0.85,1.0595
S58,83,0.35,0.85,1.1704
S58,84,0.45,0.85,1.1382
S58,85,0.55,0.85,1.1502
S58,86,0.65,0.85,1.1667
S58,87,0.75,0.85,1.1174
S58,88,0.85,0.85,1.0217
S58,89,0.95,0.85,1.1358
S58,90,0.05,0.95,1.0655
S58,91,0.15,0.95,1.0076
S58,92,0.25,0.95,1.1275
S58,93,0.35,0.95,1.1342
S58,94,0.45,0.95,1.0951
S58,95,0.55,0.95,1.1057
S58,96,0.65,0.95,1.1626
S58,97,0.75,0.95,1.0862
S58,98,0.85,0.95,1.1086
S58,99,0.95,0.95,1.1244
S59,0,0.05,0.05,1.0176
S59,1,0.15,0.05,1.0931
S59,2,0.25,0.05,1.051
S59,3,0.35,0.05,1.062
S59,4,0.45,0.05,1.1224
S59,5,0.55,0.05,1.0822
S59,6,0.65,0.05,1.0359
S59,7,0.75,0.05,1.1551
S59,8,0.85,0.05,1.0948
S59,9,0.95,0.05,1.1382
S59,10,0.05,0.15,1.0682
S59,11,0.15,0.15,1.0869
S59,12,0.25,0.15,1.085
S59,13,0.35,0.15,1.0437
S59,14,0.45,0.15,1.1316
S59,15,0.55,0.15,1.1711
S59,16,0.65,0.15,1.0947
S59,17,0.75,0.15,1.0771
S59,18,0.85,0.15,1.1489
S59,19,0.95,0.15,1.0174
S59,20,0.05,0.25,1.0734
S59,21,0.15,0.25,1.1064
S59,22,0.25,0.25,1.1744
S59,23,0.35,0.25,1.171
S59,24,0.45,0.25,1.2052
S59,25,0.55,0.25,1.2062
S59,26,0.65,0.25,1.1642
S59,27,0.75,0.25,1.1626
S59,28,0.85,0.25,1.0464
S59,29,0.95,0.25,1.0582
S59,30,0.05,0.35,1.082
S59,31,0.15,0.35,1.1421
S59,32,0.25,0.35,1.0908
S59,33,0.35,0.35,1.2354
S59,34,0.45,0.35,1.2656
S59,35,0.55,0.35,1.2036
S59,36,0.65,0.35,1.2039
S59,37,0.75,0.35,1.2092
S59,38,0.85,0.35,1.1086
S59,39,0.95,0.35,1.1377
S59,40,0.05,0.45,1.1302
S59,41,0.15,0.45,1.0582
S59,42,0.25,0.45,1.097
S59,43,0.35,0.45,1.253
S59,44,0.45,0.45,1.3536
S59,45,0.55,0.45,1.3765
S59,46,0.65,0.45,1.1944
S59,47,0.75,0.45,1.199
S59,48,0.85,0.45,1.0825
S59,49,0.95,0.45,1.0471
S59,50,0.05,0.55,1.1523
S59,51,0.15,0.55,1.0976
S59,52,0.25,0.55,1.1095
S59,53,0.35,0.55,1.2802
S59,54,0.45,0.55,1.3462
S59,55,0.55,0.55,1.3611
S59,56,0.65,0.55,1.1859
S59,57,0.75,0.55,1.1329
S59,58,0.85,0.55,1.1011
S59,59,0.95,0.55,1.1543
S59,60,0.05,0.65,1.1124
S59,61,0.15,0.65,1.1042
S59,62,0.25,0.65,1.1838
S59,63,0.35,0.65,1.204
S59,64,0.45,0.65,1.1514
S59,65,0.55,0.65,1.2509
S59,66,0.65,0.65,1.1981
S59,67,0.75,0.65,1.1784
S59,68,0.85,0.65,1.1603
S59,69,0.95,0.65,1.0507
S59,70,0.05,0.75,1.029
S59,71,0.15,0.75,1.0544
S59,72,0.25,0.75,1.0428
S59,73,0.35,0.75,1.1951
S59,74,0.45,0.75,1.1054
S59,75,0.55,0.75,1.1616
S59,76,0.65,0.75,1.1219
S59,77,0.75,0.75,1.0495
S59,78,0.85,0.75,1.1378
S59,79,0.95,0.75,1.1079
S59,80,0.05,0.85,1.0228
S59,81,0.15,0.85,1.0548
S59,82,0.25,0.85,1.0544
S59,83,0.35,0.85,1.17
S59,84,0.45,0.85,1.1009
S59,85,0.55,0.85,1.1582
S59,86,0.65,0.85,1.0883
S59,87,0.75,0.85,1.1111
S59,88,0.85,0.85,1.0922
S59,89,0.95,0.85,1.0933
S59,90,0.05,0.95,1.0122
S59,91,0.15,0.95,1.1471
S59,92,0.25,0.95,1.0705
S59,93,0.35,0.95,1.0916
S59,94,0.45,0.95,1.0547
S59,95,0.55,0.95,1.029
S59,96,0.65,0.95,1.0163
S59,97,0.75,0.95,1.0452
S59,98,0.85,0.95,1.097
S59,99,0.95,0.95,1.1068
S60,0,0.05,0.05,1.0255
S60,1,0.15,0.05,1.0603
S60,2,0.25,0.05,1.0683
S60,3,0.35,0.05,1.1253
S60,4,0.45,0.05,1.147
S60,5,0.55,0.05,1.1636
S60,6,0.65,0.05,1.0807
S60,7,0.75,0.05,1.1189
S60,8,0.85,0.05,1.1336
S60,9,0.95,0.05,1.0995
S60,10,0.05,0.15,1.046
S60,11,0.15,0.15,1.1333
S60,12,0.25,0.15,1.0351
S60,13,0.35,0.15,1.0506
S60,14,0.45,0.15,1.0454
S60,15,0.55,0.15,1.0655
S60,16,0.65,0.15,1.1106
S60,17,0.75,0.15,1.0244
S60,18,0.85,0.15,1.0976
S60,19,0.95,0.15,1.1154
S60,20,0.05,0.25,1.0515
S60,21,0.15,0.25,1.0594
S60,22,0.25,0.25,1.1384
S60,23,0.35,0.25,1.1122
S60,24,0.45,0.25,1.1116
S60,25,0.55,0.25,1.1601
S60,26,0.65,0.25,1.0945
S60,27,0.75,0.25,1.0592
S60,28,0.85,0.25,1.1154
S60,29,0.95,0.25,1.0639
S60,30,0.05,0.35,1.0878
S60,31,0.15,0.35,1.1477
S60,32,0.25,0.35,1.1762
S60,33,0.35,0.35,1.1022
S60,34,0.45,0.35,1.2801
S60,35,0.55,0.35,1.2803
S60,36,0.65,0.35,1.1491
S60,37,0.75,0.35,1.148
S60,38,0.85,0.35,1.0954
S60,39,0.95,0.35,1.1632
S60,40,0.05,0.45,1.0479
S60,41,0.15,0.45,1.0998
S60,42,0.25,0.45,1.1706
S60,43,0.35,0.45,1.278
S60,44,0.45,0.45,1.3118
S60,45,0.55,0.45,1.4115
S60,46,0.65,0.45,1.3027
S60,47,0.75,0.45,1.1664
S60,48,0.85,0.45,1.0481
S60,49,0.95,0.45,1.0789
S60,50,0.05,0.55,1.1525
S60,51,0.15,0.55,1.1654
S60,52,0.25,0.55,1.0983
S60,53,0.35,0.55,1.2443
S60,54,0.45,0.55,1.2839
S60,55,0.55,0.55,1.3866
S60,56,0.65,0.55,1.3069
S60,57,0.75,0.55,1.1016
S60,58,0.85,0.55,1.126
S60,59,0.95,0.55,1.0741
S60,60,0.05,0.65,1.0275
S60,61,0.15,0.65,1.1635
S60,62,0.25,0.65,1.1089
S60,63,0.35,0.65,1.1648
S60,64,0.45,0.65,1.2462
S60,65,0.55,0.65,1.2054
S60,66,0.65,0.65,1.1747
S60,67,0.75,0.65,1.1926
S60,68,0.85,0.65,1.074
S60,69,0.95,0.65,1.1151
S60,70,0.05,0.75,1.056
S60,71,0.15,0.75,1.0165
S60,72,0.25,0.75,1.0312
S60,73,0.35,0.75,1.1673
S60,74,0.45,0.75,1.0912
S60,75,0.55,0.75,1.2158
S60,76,0.65,0.75,1.1007
S60,77,0.75,0.75,1.1425
S60,78,0.85,0.75,1.0274
S60,79,0.95,0.75,1.1154
S60,80,0.05,0.85,1.1232
S60,81,0.15,0.85,1.0572
S60,82,0.25,0.85,1.0664
S60,83,0.35,0.85,1.0555
S60,84,0.45,0.85,1.0542
S60,85,0.55,0.85,1.1773
S60,86,0.65,0.85,1.0536
S60,87,0.75,0.85,1.0814
S60,88,0.85,0.85,1.0246
S60,89,0.95,0.85,1.0488
S60,90,0.05,0.95,1.1082
S60,91,0.15,0.95,1.1047
S60,92,0.25,0.95,1.0472
S60,93,0.35,0.95,1.1055
S60,94,0.45,0.95,1.0255
S60,95,0.55,0.95,1.1546
S60,96,0.65,0.95,1.0369
S60,97,0.75,0.95,1.0184
S60,98,0.85,0.95,1.1112
S60,99,0.95,0.95,1.0887
S61,0,0.05,0.05,1.0157
S61,1,0.15,0.05,1.0815
S61,2,0.25,0.05,1.1556
S61,3,0.35,0.05,1.0322
S61,4,0.45,0.05,1.0977
S61,5,0.55,0.05,1.0999
S61,6,0.65,0.05,1.1047
S61,7,0.75,0.05,1.1229
S61,8,0.85,0.05,1.1275
S61,9,0.95,0.05,1.0873
S61,10,0.05,0.15,1.1241
S61,11,0.15,0.15,1.0377
S61,12,0.25,0.15,1.0347
S61,13,0.35,0.15,1.0283
S61,14,0.45,0.15,1.1478
S61,15,0.55,0.15,1.1313
S61,16,0.65,0.15,1.1311
S61,17,0.75,0.15,1.1106
S61,18,0.85,0.15,1.1192
S61,19,0.95,0.15,1.087
S61,20,0.05,0.25,1.0118
S61,21,0.15,0.25,1.0477
S61,22,0.25,0.25,1.1738
S61,23,0.35,0.25,1.0705
S61,24,0.45,0.25,1.1411
S61,25,0.55,0.25,1.164
S61,26,0.65,0.25,1.1616
S61,27,0.75,0.25,1.1221
S61,28,0.85,0.25,1.1509
S61,29,0.95,0.25,1.0249
S61,30,0.05,0.35,1.0178
S61,31,0.15,0.35,1.1514
S61,32,0.25,0.35,1.1314
S61,33,0.35,0.35,1.1973
S61,34,0.45,0.35,1.2852
S61,35,0.55,0.35,1.2485
S61,36,0.65,0.35,1.2559
S61,37,0.75,0.35,1.1053
S61,38,0.85,0.35,1.0994
S61,39,0.95,0.35,1.0306
S61,40,0.05,0.45,1.0656
S61,41,0.15,0.45,1.1509
S61,42,0.25,0.45,1.1481
S61,43,0.35,0.45,1.1663
S61,44,0.45,0.45,1.3743
S61,45,0.55,0.45,1.4272
S61,46,0.65,0.45,1.2543
S61,47,0.75,0.45,1.162
S61,48,0.85,0.45,1.1747
S61,49,0.95,0.45,1.0399
S61,50,0.05,0.55,1.115
S61,51,0.15,0.55,1.1508
S61,52,0.25,0.55,1.1224
S61,53,0.35,0.55,1.266
S61,54,0.45,0.55,1.4033
S61,55,0.55,0.55,1.3906
S61,56,0.65,0.55,1.3258
S61,57,0.75,0.55,1.0868
S61,58,0.85,0.55,1.1763
S61,59,0.95,0.55,1.147
S61,60,0.05,0.65,1.0948
S61,61,0.15,0.65,1.0538
S61,62,0.25,0.65,1.1514
S61,63,0.35,0.65,1.2286
S61,64,0.45,0.65,1.2476
S61,65,0.55,0.65,1.2533
S61,66,0.65,0.65,1.2358
S61,67,0.75,0.65,1.2083
S61,68,0.85,0.65,1.1661
S61,69,0.95,0.65,1.0557
S61,70,0.05,0.75,1.1515
S61,71,0.15,0.75,1.087
S61,72,0.25,0.75,1.0801
S61,73,0.35,0.75,1.1187
S61,74,0.45,0.75,1.1565
S61,75,0.55,0.75,1.1606
S61,76,0.65,0.75,1.1922
S61,77,0.75,0.75,1.1757
S61,78,0.85,0.75,1.0493
S61,79,0.95,0.75,1.0268
S61,80,0.05,0.85,1.0663
S61,81,0.15,0.85,1.091
S61,82,0.25,0.85,1.0386
S61,83,0.35,0.85,1.0575
S61,84,0.45,0.85,1.1578
S61,85,0.55,0.85,1.093
S61,86,0.65,0.85,1.1087
S61,87,0.75,0.85,1.122
S61,88,0.85,0.85,1.0474
S61,89,0.95,0.85,1.0278
S61,90,0.05,0.95,1.1301
S61,91,0.15,0.95,1.1451
S61,92,0.25,0.95,1.0468
S61,93,0.35,0.95,1.1469
S61,94,0.45,0.95,1.1387
S61,95,0.55,0.95,1.0464
S61,96,0.65,0.95,1.034
S61,97,0.75,0.95,1.0343
S61,98,0.85,0.95,1.1298
S61,99,0.95,0.95,1.0736
S62,0,0.05,0.05,1.0507
S62,1,0.15,0.05,1.0371
S62,2,0.25,0.05,1.0636
S62,3,0.35,0.05,1.0212
S62,4,0.45,0.05,1.1114
S62,5,0.55,0.05,1.1041
S62,6,0.65,0.05,1.0247
S62,7,0.75,0.05,1.0799
S62,8,0.85,0.05,1.0578
S62,9,0.95,0.05,1.0927
S62,10,0.05,0.15,1.0745
S62,11,0.15,0.15,1.0594
S62,12,0.25,0.15,1.1351
S62,13,0.35,0.15,1.1735
S62,14,0.45,0.15,1.1633
S62,15,0.55,0.15,1.1146
S62,16,0.65,0.15,1.1286
S62,17,0.75,0.15,1.0778
S62,18,0.85,0.15,1.0247
S62,19,0.95,0.15,1.1515
S62,20,0.05,0.25,1.0937
S62,21,0.15,0.25,1.03
S62,22,0.25,0.25,1.1193
S62,23,0.35,0.25,1.1511
S62,24,0.45,0.25,1.0844
S62,25,0.55,0.25,1.1483
S62,26,0.65,0.25,1.0967
S62,27,0.75,0.25,1.0667
S62,28,0.85,0.25,1.0936
S62,29,0.95,0.25,1.0221
S62,30,0.05,0.35,1.0699
S62,31,0.15,0.35,1.0501
S62,32,0.25,0.35,1.1363
S62,33,0.35,0.35,1.1004
S62,34,0.45,0.35,1.2526
S62,35,0.55,0.35,1.1858
S62,36,0.65,0.35,1.1241
S62,37,0.75,0.35,1.1132
S62,38,0.85,0.35,1.146
S62,39,0.95,0.35,1.0178
S62,40,0.05,0.45,1.1484
S62,41,0.15,0.45,1.0471
S62,42,0.25,0.45,1.0677
S62,43,0.35,0.45,1.1524
S62,44,0.45,0.45,1.3562
S62,45,0.55,0.45,1.4573
S62,46,0.65,0.45,1.2575
S62,47,0.75,0.45,1.1676
S62,48,0.85,0.45,1.0556
S62,49,0.95,0.45,1.0998
S62,50,0.05,0.55,1.0374
S62,51,0.15,0.55,1.1188
S62,52,0.25,0.55,1.1466
S62,53,0.35,0.55,1.2468
S62,54,0.45,0.55,1.2806
S62,55,0.55,0.55,1.3638
S62,56,0.65,0.55,1.2033
S62,57,0.75,0.55,1.1387
S62,58,0.85,0.55,1.1636
S62,59,0.95,0.55,1.111
S62,60,0.05,0.65,1.1223
S62,61,0.15,0.65,1.1102
S62,62,0.25,0.65,1.1581
S62,63,0.35,0.65,1.173
S62,64,0.45,0.65,1.2533
S62,65,0.55,0.65,1.276
S62,66,0.65,0.65,1.2119
S62,67,0.75,0.65,1.0635
S62,68,0.85,0.65,1.079
S62,69,0.95,0.65,1.0597
S62,70,0.05,0.75,1.1452
S62,71,0.15,0.75,1.024
S62,72,0.25,0.75,1.1116
S62,73,0.35,0.75,1.1513
S62,74,0.45,0.75,1.1815
S62,75,0.55,0.75,1.1358
S62,76,0.65,0.75,1.0913
S62,77,0.75,0.75,1.1012
S62,78,0.85,0.75,1.1417
S62,79,0.95,0.75,1.0177
S62,80,0.05,0.85,1.1486
S62,81,0.15,0.85,1.0112
S62,82,0.25,0.85,1.0518
S62,83,0.35,0.85,1.0861
S62,84,0.45,0.85,1.0872
S62,85,0.55,0.85,1.1803
S62,86,0.65,0.85,1.101
S62,87,0.75,0.85,1.1314
S62,88,0.85,0.85,1.0823
S62,89,0.95,0.85,1.0232
S62,90,0.05,0.95,1.1302
S62,91,0.15,0.95,1.0731
S62,92,0.25,0.95,1.1177
S62,93,0.35,0.95,1.1285
S62,94,0.45,0.95,1.0368
S62,95,0.55,0.95,1.0654
S62,96,0.65,0.95,1.0688
S62,97,0.75,0.95,1.146
S62,98,0.85,0.95,1.1314
S62,99,0.95,0.95,1.1451
S63,0,0.05,0.05,1.0741
S63,1,0.15,0.05,1.0517
S63,2,0.25,0.05,1.1529
S63,3,0.35,0.05,1.0303
S63,4,0.45,0.05,1.0896
S63,5,0.55,0.05,1.1006
S63,6,0.65,0.05,1.1074
S63,7,0.75,0.05,1.1351
S63,8,0.85,0.05,1.0184
S63,9,0.95,0.05,1.1156
S63,10,0.05,0.15,1.1464
S63,11,0.15,0.15,1.0849
S63,12,0.25,0.15,1.1624
S63,13,0.35,0.15,1.0294
S63,14,0.45,0.15,1.1435
S63,15,0.55,0.15,1.0488
S63,16,0.65,0.15,1.0901
S63,17,0.75,0.15,1.0922
S63,18,0.85,0.15,1.1487
S63,19,0.95,0.15,1.1048
S63,20,0.05,0.25,1.1107
S63,21,0.15,0.25,1.1454
S63,22,0.25,0.25,1.1712
S63,23,0.35,0.25,1.1128
S63,24,0.45,0.25,1.1785
S63,25,0.55,0.25,1.1828
S63,26,0.65,0.25,1.1754
S63,27,0.75,0.25,1.1619
S63,28,0.85,0.25,1.0444
S63,29,0.95,0.25,1.1447
S63,30,0.05,0.35,1.032
S63,31,0.15,0.35,1.0403
S63,32,0.25,0.35,1.1329
S63,33,0.35,0.35,1.1078
S63,34,0.45,0.35,1.2064
S63,35,0.55,0.35,1.2385
S63,36,0.65,0.35,1.1251
S63,37,0.75,0.35,1.0615
S63,38,0.85,0.35,1.1669
S63,39,0.95,0.35,1.1533
S63,40,0.05,0.45,1.0688
S63,41,0.15,0.45,1.1558
S63,42,0.25,0.45,1.1011
S63,43,0.35,0.45,1.2397
S63,44,0.45,0.45,1.2988
S63,45,0.55,0.45,1.4067
S63,46,0.65,0.45,1.2334
S63,47,0.75,0.45,1.2165
S63,48,0.85,0.45,1.0417
S63,49,0.95,0.45,1.0557
S63,50,0.05,0.55,1.1408
S63,51,0.15,0.55,1.0348
S63,52,0.25,0.55,1.0909
S63,53,0.35,0.55,1.2278
S63,54,0.45,0.55,1.3573
S63,55,0.55,0.55,1.426
S63,56,0.65,0.55,1.3277
S63,57,0.75,0.55,1.2147
S63,58,0.85,0.55,1.1378
S63,59,0.95,0.55,1.1485
S63,60,0.05,0.65,1.1167
S63,61,0.15,0.65,1.163
S63,62,0.25,0.65,1.1131
S63,63,0.35,0.65,1.147
S63,64,0.45,0.65,1.2099
S63,65,0.55,0.65,1.2588
S63,66,0.65,0.65,1.1691
S63,67,0.75,0.65,1.1499
S63,68,0.85,0.65,1.1236
S63,69,0.95,0.65,1.077
S63,70,0.05,0.75,1.1121
S63,71,0.15,0.75,1.1235
S63,72,0.25,0.75,1.0599
S63,73,0.35,0.75,1.1357
S63,74,0.45,0.75,1.0719
S63,75,0.55,0.75,1.2102
S63,76,0.65,0.75,1.1437
S63,77,0.75,0.75,1.1127
S63,78,0.85,0.75,1.1632
S63,79,0.95,0.75,1.1582
S63,80,0.05,0.85,1.1183
S63,81,0.15,0.85,1.067
S63,82,0.25,0.85,1.0331
S63,83,0.35,0.85,1.0569
S63,84,0.45,0.85,1.1386
S63,85,0.55,0.85,1.1109
S63,86,0.65,0.85,1.1206
S63,87,0.75,0.85,1.1215
S63,88,0.85,0.85,1.1188
S63,89,0.95,0.85,1.0618
S63,90,0.05,0.95,1.0503
S63,91,0.15,0.95,1.0243
S63,92,0.25,0.95,1.1173
S63,93,0.35,0.95,1.0757
S63,94,0.45,0.95,1.0472
S63,95,0.55,0.95,1.0502
S63,96,0.65,0.95,1.0696
S63,97,0.75,0.95,1.1499
S63,98,0.85,0.95,1.087
S63,99,0.95,0.95,1.0125
S64,0,0.05,0.05,1.0745
S64,1,0.15,0.05,1.008
S64,2,0.25,0.05,1.1558
S64,3,0.35,0.05,1.1365
S64,4,0.45,0.05,1.0353
S64,5,0.55,0.05,1.0575
S64,6,0.65,0.05,1.0861
S64,7,0.75,0.05,1.1239
S64,8,0.85,0.05,1.0452
S64,9,0.95,0.05,1.0543
S64,10,0.05,0.15,1.1281
S64,11,0.15,0.15,1.1507
S64,12,0.25,0.15,1.0278
S64,13,0.35,0.15,1.029
S64,14,0.45,0.15,1.1038
S64,15,0.55,0.15,1.0972
S64,16,0.65,0.15,1.1351
S64,17,0.75,0.15,1.0865
S64,18,0.85,0.15,1.1382
S64,19,0.95,0.15,1.1063
S64,20,0.05,0.25,1.1224
S64,21,0.15,0.25,1.0256
S64,22,0.25,0.25,1.0294
S64,23,0.35,0.25,1.1989
S64,24,0.45,0.25,1.1948
S64,25,0.55,0.25,1.1605
S64,26,0.65,0.25,1.0663
S64,27,0.75,0.25,1.0588
S64,28,0.85,0.25,1.1623
S64,29,0.95,0.25,1.1497
S64,30,0.05,0.35,1.0662
S64,31,0.15,0.35,1.027
S64,32,0.25,0.35,1.0889
S64,33,0.35,0.35,1.14
S64,34,0.45,0.35,1.1521
S64,35,0.55,0.35,1.259
S64,36,0.65,0.35,1.1421
S64,37,0.75,0.35,1.0627
S64,38,0.85,0.35,1.0766
S64,39,0.95,0.35,1.0311
S64,40,0.05,0.45,1.0817
S64,41,0.15,0.45,1.0819
S64,42,0.25,0.45,1.1367
S64,43,0.35,0.45,1.2598
S64,44,0.45,0.45,1.3141
S64,45,0.55,0.45,1.493
S64,46,0.65,0.45,1.1973
S64,47,0.75,0.45,1.2266
S64,48,0.85,0.45,1.1033
S64,49,0.95,0.45,1.0868
S64,50,0.05,0.55,1.1208
S64,51,0.15,0.55,1.0674
S64,52,0.25,0.55,1.094
S64,53,0.35,0.55,1.2817
S64,54,0.45,0.55,1.4084
S64,55,0.55,0.55,1.4123
S64,56,0.65,0.55,1.2505
S64,57,0.75,0.55,1.1734
S64,58,0.85,0.55,1.0618
S64,59,0.95,0.55,1.0537
S64,60,0.05,0.65,1.0831
S64,61,0.15,0.65,1.1559
S64,62,0.25,0.65,1.1153
S64,63,0.35,0.65,1.2221
S64,64,0.45,0.65,1.266
S64,65,0.55,0.65,1.189
S64,66,0.65,0.65,1.2408
S64,67,0.75,0.65,1.1614
S64,68,0.85,0.65,1.1133
S64,69,0.95,0.65,1.0223
S64,70,0.05,0.75,1.0454
S64,71,0.15,0.75,1.1079
S64,72,0.25,0.75,1.0449
S64,73,0.35,0.75,1.0611
S64,74,0.45,0.75,1.2106
S64,75,0.55,0.75,1.202
S64,76,0.65,0.75,1.0875
S64,77,0.75,0.75,1.0958
S64,78,0.85,0.75,1.1309
S64,79,0.95,0.75,1.0826
S64,80,0.05,0.85,1.1029
S64,81,0.15,0.85,1.1265
S64,82,0.25,0.85,1.0927
S64,83,0.35,0.85,1.0754
S64,84,0.45,0.85,1.1576
S64,85,0.55,0.85,1.0615
S64,86,0.65,0.85,1.1017
S64,87,0.75,0.85,1.1598
S64,88,0.85,0.85,1.139
S64,89,0.95,0.85,1.0133
S64,90,0.05,0.95,1.1067
S64,91,0.15,0.95,1.0948
S64,92,0.25,0.95,1.1169
S64,93,0.35,0.95,1.1332
S64,94,0.45,0.95,1.1401
S64,95,0.55,0.95,1.1432
S64,96,0.65,0.95,1.0764
S64,97,0.75,0.95,1.1594
S64,98,0.85,0.95,1.088
S64,99,0.95,0.95,1.0143
S65,0,0.05,0.05,1.078
S65,1,0.15,0.05,1.0727
S65,2,0.25,0.05,1.0918
S65,3,0.35,0.05,1.1505
S65,4,0.45,0.05,1.0619
S65,5,0.55,0.05,1.1184
S65,6,0.65,0.05,1.1478
S65,7,0.75,0.05,1.1229
S65,8,0.85,0.05,1.0328
S65,9,0.95,0.05,1.113
S65,10,0.05,0.15,1.032
S65,11,0.15,0.15,1.0762
S65,12,0.25,0.15,1.1063
S65,13,0.35,0.15,1.1235
S65,14,0.45,0.15,1.0615
S65,15,0.55,0.15,1.122
S65,16,0.65,0.15,1.0577
S65,17,0.75,0.15,1.075
S65,18,0.85,0.15,1.1095
S65,19,0.95,0.15,1.0642
S65,20,0.05,0.25,1.0688
S65,21,0.15,0.25,1.1623
S65,22,0.25,0.25,1.1362
S65,23,0.35,0.25,1.1544
S65,24,0.45,0.25,1.1453
S65,25,0.55,0.25,1.1564
S65,26,0.65,0.25,1.1791
S65,27,0.75,0.25,1.1412
S65,28,0.85,0.25,1.0388
S65,29,0.95,0.25,1.016
S65,30,0.05,0.35,1.0456
S65,31,0.15,0.35,1.0945
S65,32,0.25,0.35,1.134
S65,33,0.35,0.35,1.0997
S65,34,0.45,0.35,1.2481
S65,35,0.55,0.35,1.171
S65,36,0.65,0.35,1.2185
S65,37,0.75,0.35,1.0969
S65,38,0.85,0.35,1.062
S65,39,0.95,0.35,1.162
S65,40,0.05,0.45,1.0169
S65,41,0.15,0.45,1.1388
S65,42,0.25,0.45,1.076
S65,43,0.35,0.45,1.1651
S65,44,0.45,0.45,1.3553
S65,45,0.55,0.45,1.433
S65,46,0.65,0.45,1.2569
S65,47,0.75,0.45,1.1545
S65,48,0.85,0.45,1.069
S65,49,0.95,0.45,1.1322
S65,50,0.05,0.55,1.0791
S65,51,0.15,0.55,1.1101
S65,52,0.25,0.55,1.1644
S65,53,0.35,0.55,1.1463
S65,54,0.45,0.55,1.4014
S65,55,0.55,0.55,1.3854
S65,56,0.65,0.55,1.2103
S65,57,0.75,0.55,1.0852
S65,58,0.85,0.55,1.1793
S65,59,0.95,0.55,1.027
S65,60,0.05,0.65,1.0989
S65,61,0.15,0.65,1.1127
S65,62,0.25,0.65,1.1065
S65,63,0.35,0.65,1.2165
S65,64,0.45,0.65,1.2362
S65,65,0.55,0.65,1.2874
S65,66,0.65,0.65,1.2277
S65,67,0.75,0.65,1.0897
S65,68,0.85,0.65,1.1112
S65,69,0.95,0.65,1.0224
S65,70,0.05,0.75,1.0581
S65,71,0.15,0.75,1.0625
S65,72,0.25,0.75,1.1295
S65,73,0.35,0.75,1.1281
S65,74,0.45,0.75,1.2057
S65,75,0.55,0.75,1.0921
S65,76,0.65,0.75,1.0838
S65,77,0.75,0.75,1.1656
S65,78,0.85,0.75,1.0815
S65,79,0.95,0.75,1.0832
S65,80,0.05,0.85,1.1534
S65,81,0.15,0.85,1.1513
S65,82,0.25,0.85,1.0386
S65,83,0.35,0.85,1.1236
S65,84,0.45,0.85,1.0935
S65,85,0.55,0.85,1.0417
S65,86,0.65,0.85,1.1569
S65,87,0.75,0.85,1.1274
S65,88,0.85,0.85,1.0603
S65,89,0.95,0.85,1.0445
S65,90,0.05,0.95,1.0333
S65,91,0.15,0.95,1.0238
S65,92,0.25,0.95,1.0647
S65,93,0.35,0.95,1.025
S65,94,0.45,0.95,1.098
S65,95,0.55,0.95,1.0878
S65,96,0.65,0.95,1.0658
S65,97,0.75,0.95,1.0338
S65,98,0.85,0.95,1.0549
S65,99,0.95,0.95,1.1358
S66,0,0.05,0.05,1.0241
S66,1,0.15,0.05,1.0651
S66,2,0.25,0.05,1.1322
S66,3,0.35,0.05,1.1006
S66,4,0.45,0.05,1.0149
S66,5,0.55,0.05,1.095
S66,6,0.65,0.05,1.0247
S66,7,0.75,0.05,1.1391
S66,8,0.85,0.05,1.1164
S66,9,0.95,0.05,1.096
S66,10,0.05,0.15,1.1237
S66,11,0.15,0.15,1.159
S66,12,0.25,0.15,1.0364
S66,13,0.35,0.15,1.0905
S66,14,0.45,0.15,1.1366
S66,15,0.55,0.15,1.0813
S66,16,0.65,0.15,1.1656
S66,17,0.75,0.15,1.058
S66,18,0.85,0.15,1.1007
S66,19,0.95,0.15,1.0179
S66,20,0.05,0.25,1.066
S66,21,0.15,0.25,1.0534
S66,22,0.25,0.25,1.1063
S66,23,0.35,0.25,1.0836
S66,24,0.45,0.25,1.1477
S66,25,0.55,0.25,1.168
S66,26,0.65,0.25,1.1707
S66,27,0.75,0.25,1.1024
S66,28,0.85,0.25,1.1666
S66,29,0.95,0.25,1.1325
S66,30,0.05,0.35,1.0444
S66,31,0.15,0.35,1.0263
S66,32,0.25,0.35,1.1657
S66,33,0.35,0.35,1.1506
S66,34,0.45,0.35,1.1643
S66,35,0.55,0.35,1.2207
S66,36,0.65,0.35,1.1697
S66,37,0.75,0.35,1.1842
S66,38,0.85,0.35,1.091
S66,39,0.95,0.35,1.0949
S66,40,0.05,0.45,1.0786
S66,41,0.15,0.45,1.1476
S66,42,0.25,0.45,1.1143
S66,43,0.35,0.45,1.1841
S66,44,0.45,0.45,1.3571
S66,45,0.55,0.45,1.4819
S66,46,0.65,0.45,1.2633
S66,47,0.75,0.45,1.2143
S66,48,0.85,0.45,1.1817
S66,49,0.95,0.45,1.1081
S66,50,0.05,0.55,1.0686
S66,51,0.15,0.55,1.1436
S66,52,0.25,0.55,1.1693
S66,53,0.35,0.55,1.2462
S66,54,0.45,0.55,1.2792
S66,55,0.55,0.55,1.4503
S66,56,0.65,0.55,1.2038
S66,57,0.75,0.55,1.1277
S66,58,0.85,0.55,1.1501
S66,59,0.95,0.55,1.057
S66,60,0.05,0.65,1.1268
S66,61,0.15,0.65,1.129
S66,62,0.25,0.65,1.1778
S66,63,0.35,0.65,1.0974
S66,64,0.45,0.65,1.2252
S66,65,0.55,0.65,1.1628
S66,66,0.65,0.65,1.1296
S66,67,0.75,0.65,1.0999
S66,68,0.85,0.65,1.1277
S66,69,0.95,0.65,1.0849
S66,70,0.05,0.75,1.1101
S66,71,0.15,0.75,1.0483
S66,72,0.25,0.75,1.0354
S66,73,0.35,0.75,1.0988
S66,74,0.45,0.75,1.1855
S66,75,0.55,0.75,1.1813
S66,76,0.65,0.75,1.0805
S66,77,0.75,0.75,1.1359
S66,78,0.85,0.75,1.0626
S66,79,0.95,0.75,1.1227
S66,80,0.05,0.85,1.0706
S66,81,0.15,0.85,1.0824
S66,82,0.25,0.85,1.0827
S66,83,0.35,0.85,1.1544
S66,84,0.45,0.85,1.0801
S66,85,0.55,0.85,1.0881
S66,86,0.65,0.85,1.1144
S66,87,0.75,0.85,1.1418
S66,88,0.85,0.85,1.0471
S66,89,0.95,0.85,1.0426
S66,90,0.05,0.95,1.1494
S66,91,0.15,0.95,1.0576
S66,92,0.25,0.95,1.1482
S66,93,0.35,0.95,1.0999
S66,94,0.45,0.95,1.0479
S66,95,0.55,0.95,1.1452
S66,96,0.65,0.95,1.016
S66,97,0.75,0.95,1.0245
S66,98,0.85,0.95,1.1375
S66,99,0.95,0.95,1.0285
S67,0,0.05,0.05,1.0939
S67,1,0.15,0.05,1.0142
S67,2,0.25,0.05,1.114
S67,3,0.35,0.05,1.113
S67,4,0.45,0.05,1.0534
S67,5,0.55,0.05,1.0254
S67,6,0.65,0.05,1.0788
S67,7,0.75,0.05,1.1529
S67,8,0.85,0.05,1.0657
S67,9,0.95,0.05,1.0754
S67,10,0.05,0.15,1.0941
S67,11,0.15,0.15,1.1491
S67,12,0.25,0.15,1.028
S67,13,0.35,0.15,1.1567
S67,14,0.45,0.15,1.057
S67,15,0.55,0.15,1.1631
S67,16,0.65,0.15,1.1174
S67,17,0.75,0.15,1.0529
S67,18,0.85,0.15,1.1528
S67,19,0.95,0.15,1.1325
S67,20,0.05,0.25,1.084
S67,21,0.15,0.25,1.0922
S67,22,0.25,0.25,1.123
S67,23,0.35,0.25,1.1744
S67,24,0.45,0.25,1.1455
S67,25,0.55,0.25,1.1962
S67,26,0.65,0.25,1.156
S67,27,0.75,0.25,1.0662
S67,28,0.85,0.25,1.1236
S67,29,0.95,0.25,1.1303
S67,30,0.05,0.35,1.0901
S67,31,0.15,0.35,1.1449
S67,32,0.25,0.35,1.0748
S67,33,0.35,0.35,1.0898
S67,34,0.45,0.35,1.2626
S67,35,0.55,0.35,1.2214
S67,36,0.65,0.35,1.1501
S67,37,0.75,0.35,1.1073
S67,38,0.85,0.35,1.0887
S67,39,0.95,0.35,1.0147
S67,40,0.05,0.45,1.1462
S67,41,0.15,0.45,1.1761
S67,42,0.25,0.45,1.179
S67,43,0.35,0.45,1.1639
S67,44,0.45,0.45,1.297
S67,45,0.55,0.45,1.4184
S67,46,0.65,0.45,1.3081
S67,47,0.75,0.45,1.1546
S67,48,0.85,0.45,1.0873
S67,49,0.95,0.45,1.1572
S67,50,0.05,0.55,1.0378
S67,51,0.15,0.55,1.034
S67,52,0.25,0.55,1.1113
S67,53,0.35,0.55,1.1397
S67,54,0.45,0.55,1.322
S67,55,0.55,0.55,1.3467
S67,56,0.65,0.55,1.2977
S67,57,0.75,0.55,1.107
S67,58,0.85,0.55,1.0636
S67,59,0.95,0.55,1.0923
S67,60,0.05,0.65,1.155
S67,61,0.15,0.65,1.1655
S67,62,0.25,0.65,1.078
S67,63,0.35,0.65,1.1863
S67,64,0.45,0.65,1.2835
S67,65,0.55,0.65,1.2217
S67,66,0.65,0.65,1.1385
S67,67,0.75,0.65,1.1796
S67,68,0.85,0.65,1.13
S67,69,0.95,0.65,1.0385
S67,70,0.05,0.75,1.1266
S67,71,0.15,0.75,1.0947
S67,72,0.25,0.75,1.1158
S67,73,0.35,0.75,1.1154
S67,74,0.45,0.75,1.1051
S67,75,0.55,0.75,1.1159
S67,76,0.65,0.75,1.1878
S67,77,0.75,0.75,1.0499
S67,78,0.85,0.75,1.1367
S67,79,0.95,0.75,1.0949
S67,80,0.05,0.85,1.0859
S67,81,0.15,0.85,1.1477
S67,82,0.25,0.85,1.0777
S67,83,0.35,0.85,1.1287
S67,84,0.45,0.85,1.1196
S67,85,0.55,0.85,1.0871
S67,86,0.65,0.85,1.0589
S67,87,0.75,0.85,1.1583
S67,88,0.85,0.85,1.0384
S67,89,0.95,0.85,1.125
S67,90,0.05,0.95,1.1145
S67,91,0.15,0.95,1.077
S67,92,0.25,0.95,1.0836
S67,93,0.35,0.95,1.0696
S67,94,0.45,0.95,1.0998
S67,95,0.55,0.95,1.134
S67,96,0.65,0.95,1.1303
S67,97,0.75,0.95,1.017
S67,98,0.85,0.95,1.1041
S67,99,0.95,0.95,1.1363
S68,0,0.05,0.05,1.0122
S68,1,0.15,0.05,1.0976
S68,2,0.25,0.05,1.0844
S68,3,0.35,0.05,1.1034
S68,4,0.45,0.05,1.125
S68,5,0.55,0.05,1.0415
S68,6,0.65,0.05,1.1193
S68,7,0.75,0.05,1.1405
S68,8,0.85,0.05,1.1137
S68,9,0.95,0.05,1.0615
S68,10,0.05,0.15,1.0208
S68,11,0.15,0.15,1.0342
S68,12,0.25,0.15,1.1346
S68,13,0.35,0.15,1.0305
S68,14,0.45,0.15,1.1646
S68,15,0.55,0.15,1.0668
S68,16,0.65,0.15,1.1671
S68,17,0.75,0.15,1.0874
S68,18,0.85,0.15,1.1467
S68,19,0.95,0.15,1.0851
S68,20,0.05,0.25,1.1428
S68,21,0.15,0.25,1.1248
S68,22,0.25,0.25,1.0694
S68,23,0.35,0.25,1.1702
S68,24,0.45,0.25,1.2056
S68,25,0.55,0.25,1.1364
S68,26,0.65,0.25,1.0784
S68,27,0.75,0.25,1.0745
S68,28,0.85,0.25,1.1142
S68,29,0.95,0.25,1.0198
S68,30,0.05,0.35,1.1548
S68,31,0.15,0.35,1.1564
S68,32,0.25,0.35,1.1932
S68,33,0.35,0.35,1.1825
S68,34,0.45,0.35,1.2932
S68,35,0.55,0.35,1.1825
S68,36,0.65,0.35,1.1632
S68,37,0.75,0.35,1.1291
S68,38,0.85,0.35,1.0376
S68,39,0.95,0.35,1.1606
S68,40,0.05,0.45,1.1295
S68,41,0.15,0.45,1.1254
S68,42,0.25,0.45,1.139
S68,43,0.35,0.45,1.2083
S68,44,0.45,0.45,1.4188
S68,45,0.55,0.45,1.4126
S68,46,0.65,0.45,1.3187
S68,47,0.75,0.45,1.1669
S68,48,0.85,0.45,1.1767
S68,49,0.95,0.45,1.0414
S68,50,0.05,0.55,1.1278
S68,51,0.15,0.55,1.1434
S68,52,0.25,0.55,1.0754
S68,53,0.35,0.55,1.1557
S68,54,0.45,0.55,1.4048
S68,55,0.55,0.55,1.3745
S68,56,0.65,0.55,1.2186
S68,57,0.75,0.55,1.136
S68,58,0.85,0.55,1.1859
S68,59,0.95,0.55,1.1109
S68,60,0.05,0.65,1.0446
S68,61,0.15,0.65,1.0453
S68,62,0.25,0.65,1.1053
S68,63,0.35,0.65,1.2113
S68,64,0.45,0.65,1.1974
S68,65,0.55,0.65,1.303
S68,66,0.65,0.65,1.2245
S68,67,0.75,0.65,1.0694
S68,68,0.85,0.65,1.1316
S68,69,0.95,0.65,1.0539
S68,70,0.05,0.75,1.0891
S68,71,0.15,0.75,1.1269
S68,72,0.25,0.75,1.0343
S68,73,0.35,0.75,1.0834
S68,74,0.45,0.75,1.1233
S68,75,0.55,0.75,1.198
S68,76,0.65,0.75,1.0829
S68,77,0.75,0.75,1.0608
S68,78,0.85,0.75,1.1585
S68,79,0.95,0.75,1.1542
S68,80,0.05,0.85,1.0389
S68,81,0.15,0.85,1.0945
S68,82,0.25,0.85,1.0344
S68,83,0.35,0.85,1.1153
S68,84,0.45,0.85,1.0858
S68,85,0.55,0.85,1.073
S68,86,0.65,0.85,1.1722
S68,87,0.75,0.85,1.1219
S68,88,0.85,0.85,1.0743
S68,89,0.95,0.85,1.1422
S68,90,0.05,0.95,1.1082
S68,91,0.15,0.95,1.0812
S68,92,0.25,0.95,1.0961
S68,93,0.35,0.95,1.0988
S68,94,0.45,0.95,1.0648
S68,95,0.55,0.95,1.1389
S68,96,0.65,0.95,1.1288
S68,97,0.75,0.95,1.0409
S68,98,0.85,0.95,1.1348
S68,99,0.95,0.95,1.0677
S69,0,0.05,0.05,1.0463
S69,1,0.15,0.05,1.1014
S69,2,0.25,0.05,1.0631
S69,3,0.35,0.05,1.0944
S69,4,0.45,0.05,1.0227
S69,5,0.55,0.05,1.097
S69,6,0.65,0.05,1.079
S69,7,0.75,0.05,1.0529
S69,8,0.85,0.05,1.1152
S69,9,0.95,0.05,1.0312
S69,10,0.05,0.15,1.0129
S69,11,0.15,0.15,1.1403
S69,12,0.25,0.15,1.0382
S69,13,0.35,0.15,1.1553
S69,14,0.45,0.15,1.1091
S69,15,0.55,0.15,1.0827
S69,16,0.65,0.15,1.16
S69,17,0.75,0.15,1.0203
S69,18,0.85,0.15,1.0582
S69,19,0.95,0.15,1.0766
S69,20,0.05,0.25,1.0874
S69,21,0.15,0.25,1.0327
S69,22,0.25,0.25,1.1103
S69,23,0.35,0.25,1.113
S69,24,0.45,0.25,1.1368
S69,25,0.55,0.25,1.0944
S69,26,0.65,0.25,1.1662
S69,27,0.75,0.25,1.076
S69,28,0.85,0.25,1.1594
S69,29,0.95,0.25,1.1483
S69,30,0.05,0.35,1.0521
S69,31,0.15,0.35,1.1342
S69,32,0.25,0.35,1.1715
S69,33,0.35,0.35,1.1197
S69,34,0.45,0.35,1.1811
S69,35,0.55,0.35,1.242
S69,36,0.65,0.35,1.1784
S69,37,0.75,0.35,1.1675
S69,38,0.85,0.35,1.0799
S69,39,0.95,0.35,1.116
S69,40,0.05,0.45,1.0607
S69,41,0.15,0.45,1.0447
S69,42,0.25,0.45,1.1571
S69,43,0.35,0.45,1.151
S69,44,0.45,0.45,1.3284
S69,45,0.55,0.45,1.4391
S69,46,0.65,0.45,1.3233
S69,47,0.75,0.45,1.1968
S69,48,0.85,0.45,1.0503
S69,49,0.95,0.45,1.0431
S69,50,0.05,0.55,1.1176
S69,51,0.15,0.55,1.1519
S69,52,0.25,0.55,1.1498
S69,53,0.35,0.55,1.2686
S69,54,0.45,0.55,1.3144
S69,55,0.55,0.55,1.4432
S69,56,0.65,0.55,1.2855
S69,57,0.75,0.55,1.1106
S69,58,0.85,0.55,1.0904
S69,59,0.95,0.55,1.0367
S69,60,0.05,0.65,1.1217
S69,61,0.15,0.65,1.1464
S69,62,0.25,0.65,1.1731
S69,63,0.35,0.65,1.2345
S69,64,0.45,0.65,1.2865
S69,65,0.55,0.65,1.1939
S69,66,0.65,0.65,1.2323
S69,67,0.75,0.65,1.0911
S69,68,0.85,0.65,1.151
S69,69,0.95,0.65,1.0451
S69,70,0.05,0.75,1.0879
S69,71,0.15,0.75,1.0192
S69,72,0.25,0.75,1.1737
S69,73,0.35,0.75,1.1703
S69,74,0.45,0.75,1.1816
S69,75,0.55,0.75,1.1277
S69,76,0.65,0.75,1.1936
S69,77,0.75,0.75,1.0643
S69,78,0.85,0.75,1.0208
S69,79,0.95,0.75,1.1464
S69,80,0.05,0.85,1.1405
S69,81,0.15,0.85,1.0837
S69,82,0.25,0.85,1.1288
S69,83,0.35,0.85,1.089
S69,84,0.45,0.85,1.1707
S69,85,0.55,0.85,1.1473
S69,86,0.65,0.85,1.1147
S69,87,0.75,0.85,1.056
S69,88,0.85,0.85,1.1486
S69,89,0.95,0.85,1.0122
S69,90,0.05,0.95,1.1381
S69,91,0.15,0.95,1.1107
S69,92,0.25,0.95,1.1243
S69,93,0.35,0.95,1.1492
S69,94,0.45,0.95,1.1626
S69,95,0.55,0.95,1.1077
S69,96,0.65,0.95,1.0765
S69,97,0.75,0.95,1.0854
S69,98,0.85,0.95,1.1365
S69,99,0.95,0.95,1.1102
S70,0,0.05,0.05,1.1388
S70,1,0.15,0.05,1.0813
S70,2,0.25,0.05,1.0995
S70,3,0.35,0.05,1.1416
S70,4,0.45,0.05,1.0438
S70,5,0.55,0.05,1.1487
S70,6,0.65,0.05,1.0368
S70,7,0.75,0.05,1.1589
S70,8,0.85,0.05,1.1154
S70,9,0.95,0.05,1.0149
S70,10,0.05,0.15,1.0772
S70,11,0.15,0.15,1.1528
S70,12,0.25,0.15,1.0178
S70,13,0.35,0.15,1.1514
S70,14,0.45,0.15,1.0568
S70,15,0.55,0.15,1.0505
S70,16,0.65,0.15,1.0772
S70,17,0.75,0.15,1.0611
S70,18,0.85,0.15,1.0587
S70,19,0.95,0.15,1.148
S70,20,0.05,0.25,1.0133
S70,21,0.15,0.25,1.0162
S70,22,0.25,0.25,1.0984
S70,23,0.35,0.25,1.1604
S70,24,0.45,0.25,1.1376
S70,25,0.55,0.25,1.1177
S70,26,0.65,0.25,1.1134
S70,27,0.75,0.25,1.1676
S70,28,0.85,0.25,1.1623
S70,29,0.95,0.25,1.1415
S70,30,0.05,0.35,1.1002
S70,31,0.15,0.35,1.0747
S70,32,0.25,0.35,1.1428
S70,33,0.35,0.35,1.1627
S70,34,0.45,0.35,1.2869
S70,35,0.55,0.35,1.305
S70,36,0.65,0.35,1.2138
S70,37,0.75,0.35,1.0825
S70,38,0.85,0.35,1.1783
S70,39,0.95,0.35,1.0444
S70,40,0.05,0.45,1.0356
S70,41,0.15,0.45,1.1456
S70,42,0.25,0.45,1.1118
S70,43,0.35,0.45,1.1929
S70,44,0.45,0.45,1.3615
S70,45,0.55,0.45,1.3514
S70,46,0.65,0.45,1.3287
S70,47,0.75,0.45,1.1328
S70,48,0.85,0.45,1.1451
S70,49,0.95,0.45,1.0436
S70,50,0.05,0.55,1.0132
S70,51,0.15,0.55,1.1739
S70,52,0.25,0.55,1.1666
S70,53,0.35,0.55,1.1745
S70,54,0.45,0.55,1.3794
S70,55,0.55,0.55,1.3692
S70,56,0.65,0.55,1.2066
S70,57,0.75,0.55,1.106
S70,58,0.85,0.55,1.0732
S70,59,0.95,0.55,1.1182
S70,60,0.05,0.65,1.0111
S70,61,0.15,0.65,1.0728
S70,62,0.25,0.65,1.1814
S70,63,0.35,0.65,1.1877
S70,64,0.45,0.65,1.2557
S70,65,0.55,0.65,1.2483
S70,66,0.65,0.65,1.2501
S70,67,0.75,0.65,1.1499
S70,68,0.85,0.65,1.0322
S70,69,0.95,0.65,1.0604
S70,70,0.05,0.75,1.1346
S70,71,0.15,0.75,1.1408
S70,72,0.25,0.75,1.1698
S70,73,0.35,0.75,1.0744
S70,74,0.45,0.75,1.1912
S70,75,0.55,0.75,1.2128
S70,76,0.65,0.75,1.1253
S70,77,0.75,0.75,1.1697
S70,78,0.85,0.75,1.0379
S70,79,0.95,0.75,1.0753
S70,80,0.05,0.85,1.0603
S70,81,0.15,0.85,1.0207
S70,82,0.25,0.85,1.0307
S70,83,0.35,0.85,1.0293
S70,84,0.45,0.85,1.0703
S70,85,0.55,0.85,1.1071
S70,86,0.65,0.85,1.1194
S70,87,0.75,0.85,1.1594
S70,88,0.85,0.85,1.085
S70,89,0.95,0.85,1.0906
S70,90,0.05,0.95,1.0099
S70,91,0.15,0.95,1.0561
S70,92,0.25,0.95,1.1414
S70,93,0.35,0.95,1.0149
S70,94,0.45,0.95,1.1546
S70,95,0.55,0.95,1.0893
S70,96,0.65,0.95,1.0186
S70,97,0.75,0.95,1.1534
S70,98,0.85,0.95,1.0549
S70,99,0.95,0.95,1.0579
S71,0,0.05,0.05,1.1296
S71,1,0.15,0.05,1.1034
S71,2,0.25,0.05,1.0122
S71,3,0.35,0.05,1.0512
S71,4,0.45,0.05,1.0537
S71,5,0.55,0.05,1.1122
S71,6,0.65,0.05,1.0486
S71,7,0.75,0.05,1.1203
S71,8,0.85,0.05,1.0163
S71,9,0.95,0.05,1.0099
S71,10,0.05,0.15,1.0851
S71,11,0.15,0.15,1.1567
S71,12,0.25,0.15,1.0927
S71,13,0.35,0.15,1.1062
S71,14,0.45,0.15,1.1295
S71,15,0.55,0.15,1.1227
S71,16,0.65,0.15,1.1291
S71,17,0.75,0.15,1.0658
S71,18,0.85,0.15,1.124
S71,19,0.95,0.15,1.1522
S71,20,0.05,0.25,1.1247
S71,21,0.15,0.25,1.041
S71,22,0.25,0.25,1.1368
S71,23,0.35,0.25,1.0986
S71,24,0.45,0.25,1.1279
S71,25,0.55,0.25,1.089
S71,26,0.65,0.25,1.0897
S71,27,0.75,0.25,1.1472
S71,28,0.85,0.25,1.1695
S71,29,0.95,0.25,1.0506
S71,30,0.05,0.35,1.1561
S71,31,0.15,0.35,1.0514
S71,32,0.25,0.35,1.066
S71,33,0.35,0.35,1.1053
S71,34,0.45,0.35,1.2217
S71,35,0.55,0.35,1.302
S71,36,0.65,0.35,1.2159
S71,37,0.75,0.35,1.1527
S71,38,0.85,0.35,1.1544
S71,39,0.95,0.35,1.0697
S71,40,0.05,0.45,1.1167
S71,41,0.15,0.45,1.0665
S71,42,0.25,0.45,1.1197
S71,43,0.35,0.45,1.1745
S71,44,0.45,0.45,1.365
S71,45,0.55,0.45,1.4607
S71,46,0.65,0.45,1.2526
S71,47,0.75,0.45,1.229
S71,48,0.85,0.45,1.1015
S71,49,0.95,0.45,1.0404
S71,50,0.05,0.55,1.0811
S71,51,0.15,0.55,1.1375
S71,52,0.25,0.55,1.1019
S71,53,0.35,0.55,1.1679
S71,54,0.45,0.55,1.3949
S71,55,0.55,0.55,1.4318
S71,56,0.65,0.55,1.2591
S71,57,0.75,0.55,1.2287
S71,58,0.85,0.55,1.1823
S71,59,0.95,0.55,1.0299
S71,60,0.05,0.65,1.106
S71,61,0.15,0.65,1.031
S71,62,0.25,0.65,1.0939
S71,63,0.35,0.65,1.122
S71,64,0.45,0.65,1.1621
S71,65,0.55,0.65,1.2267
S71,66,0.65,0.65,1.1146
S71,67,0.75,0.65,1.0686
S71,68,0.85,0.65,1.0816
S71,69,0.95,0.65,1.0178
S71,70,0.05,0.75,1.076
S71,71,0.15,0.75,1.1117
S71,72,0.25,0.75,1.071
S71,73,0.35,0.75,1.0871
S71,74,0.45,0.75,1.1096
S71,75,0.55,0.75,1.1982
S71,76,0.65,0.75,1.1389
S71,77,0.75,0.75,1.045
S71,78,0.85,0.75,1.0416
S71,79,0.95,0.75,1.0545
S71,80,0.05,0.85,1.0165
S71,81,0.15,0.85,1.1204
S71,82,0.25,0.85,1.0787
S71,83,0.35,0.85,1.0255
S71,84,0.45,0.85,1.0622
S71,85,0.55,0.85,1.0481
S71,86,0.65,0.85,1.0939
S71,87,0.75,0.85,1.1075
S71,88,0.85,0.85,1.0609
S71,89,0.95,0.85,1.1382
S71,90,0.05,0.95,1.0646
S71,91,0.15,0.95,1.101
S71,92,0.25,0.95,1.0695
S71,93,0.35,0.95,1.1169
S71,94,0.45,0.95,1.112
S71,95,0.55,0.95,1.0253
S71,96,0.65,0.95,1.0783
S71,97,0.75,0.95,1.1553
S71,98,0.85,0.95,1.1383
S71,99,0.95,0.95,1.1178
S72,0,0.05,0.05,1.0296
S72,1,0.15,0.05,1.0827
S72,2,0.25,0.05,1.1403
S72,3,0.35,0.05,1.0188
S72,4,0.45,0.05,1.0608
S72,5,0.55,0.05,1.0804
S72,6,0.65,0.05,1.0384
S72,7,0.75,0.05,1.0818
S72,8,0.85,0.05,1.0316
S72,9,0.95,0.05,1.0065
S72,10,0.05,0.15,1.1539
S72,11,0.15,0.15,1.1433
S72,12,0.25,0.15,1.134
S72,13,0.35,0.15,1.1147
S72,14,0.45,0.15,1.0446
S72,15,0.55,0.15,1.1494
S72,16,0.65,0.15,1.0964
S72,17,0.75,0.15,1.0336
S72,18,0.85,0.15,1.0726
S72,19,0.95,0.15,1.0395
S72,20,0.05,0.25,1.1112
S72,21,0.15,0.25,1.0499
S72,22,0.25,0.25,1.0824
S72,23,0.35,0.25,1.1026
S72,24,0.45,0.25,1.1757
S72,25,0.55,0.25,1.1833
S72,26,0.65,0.25,1.1923
S72,27,0.75,0.25,1.1196
S72,28,0.85,0.25,1.0504
S72,29,0.95,0.25,1.077
S72,30,0.05,0.35,1.0621
S72,31,0.15,0.35,1.073
S72,32,0.25,0.35,1.1256
S72,33,0.35,0.35,1.2349
S72,34,0.45,0.35,1.2467
S72,35,0.55,0.35,1.2996
S72,36,0.65,0.35,1.2116
S72,37,0.75,0.35,1.1776
S72,38,0.85,0.35,1.0369
S72,39,0.95,0.35,1.0209
S72,40,0.05,0.45,1.0812
S72,41,0.15,0.45,1.0374
S72,42,0.25,0.45,1.2066
S72,43,0.35,0.45,1.2298
S72,44,0.45,0.45,1.4242
S72,45,0.55,0.45,1.4286
S72,46,0.65,0.45,1.2712
S72,47,0.75,0.45,1.1236
S72,48,0.85,0.45,1.124
S72,49,0.95,0.45,1.0401
S72,50,0.05,0.55,1.1335
S72,51,0.15,0.55,1.1191
S72,52,0.25,0.55,1.1201
S72,53,0.35,0.55,1.2826
S72,54,0.45,0.55,1.3392
S72,55,0.55,0.55,1.4531
S72,56,0.65,0.55,1.2628
S72,57,0.75,0.55,1.1432
S72,58,0.85,0.55,1.0616
S72,59,0.95,0.55,1.1601
S72,60,0.05,0.65,1.0254
S72,61,0.15,0.65,1.1256
S72,62,0.25,0.65,1.1898
S72,63,0.35,0.65,1.1878
S72,64,0.45,0.65,1.1553
S72,65,0.55,0.65,1.2042
S72,66,0.65,0.65,1.1498
S72,67,0.75,0.65,1.124
S72,68,0.85,0.65,1.0601
S72,69,0.95,0.65,1.1147
S72,70,0.05,0.75,1.0894
S72,71,0.15,0.75,1.0198
S72,72,0.25,0.75,1.1326
S72,73,0.35,0.75,1.1151
S72,74,0.45,0.75,1.1593
S72,75,0.55,0.75,1.0748
S72,76,0.65,0.75,1.0686
S72,77,0.75,0.75,1.1425
S72,78,0.85,0.75,1.0959
S72,79,0.95,0.75,1.1551
S72,80,0.05,0.85,1.0153
S72,81,0.15,0.85,1.0795
S72,82,0.25,0.85,1.0423
S72,83,0.35,0.85,1.1734
S72,84,0.45,0.85,1.0511
S72,85,0.55,0.85,1.1001
S72,86,0.65,0.85,1.1352
S72,87,0.75,0.85,1.0805
S72,88,0.85,0.85,1.1518
S72,89,0.95,0.85,1.086
S72,90,0.05,0.95,1.1507
S72,91,0.15,0.95,1.0078
S72,92,0.25,0.95,1.0376
S72,93,0.35,0.95,1.0919
S72,94,0.45,0.95,1.077
S72,95,0.55,0.95,1.1431
S72,96,0.65,0.95,1.046
S72,97,0.75,0.95,1.0522
S72,98,0.85,0.95,1.07
S72,99,0.95,0.95,1.0141
S73,0,0.05,0.05,1.0301
S73,1,0.15,0.05,1.1242
S73,2,0.25,0.05,1.0375
S73,3,0.35,0.05,1.1409
S73,4,0.45,0.05,1.0866
S73,5,0.55,0.05,1.1319
S73,6,0.65,0.05,1.1353
S73,7,0.75,0.05,1.1417
S73,8,0.85,0.05,1.037
S73,9,0.95,0.05,1.0206
S73,10,0.05,0.15,1.0861
S73,11,0.15,0.15,1.148
S73,12,0.25,0.15,1.0923
S73,13,0.35,0.15,1.0725
S73,14,0.45,0.15,1.0906
S73,15,0.55,0.15,1.1081
S73,16,0.65,0.15,1.1534
S73,17,0.75,0.15,1.097
S73,18,0.85,0.15,1.0875
S73,19,0.95,0.15,1.0272
S73,20,0.05,0.25,1.021
S73,21,0.15,0.25,1.163
S73,22,0.25,0.25,1.1315
S73,23,0.35,0.25,1.059
S73,24,0.45,0.25,1.1873
S73,25,0.55,0.25,1.1851
S73,26,0.65,0.25,1.1717
S73,27,0.75,0.25,1.1002
S73,28,0.85,0.25,1.0266
S73,29,0.95,0.25,1.0605
S73,30,0.05,0.35,1.1147
S73,31,0.15,0.35,1.1513
S73,32,0.25,0.35,1.0591
S73,33,0.35,0.35,1.1976
S73,34,0.45,0.35,1.2052
S73,35,0.55,0.35,1.1656
S73,36,0.65,0.35,1.2362
S73,37,0.75,0.35,1.0909
S73,38,0.85,0.35,1.1407
S73,39,0.95,0.35,1.0752
S73,40,0.05,0.45,1.1334
S73,41,0.15,0.45,1.0582
S73,42,0.25,0.45,1.1597
S73,43,0.35,0.45,1.2496
S73,44,0.45,0.45,1.4073
S73,45,0.55,0.45,1.4578
S73,46,0.65,0.45,1.3119
S73,47,0.75,0.45,1.1134
S73,48,0.85,0.45,1.1868
S73,49,0.95,0.45,1.1634
S73,50,0.05,0.55,1.0554
S73,51,0.15,0.55,1.1721
S73,52,0.25,0.55,1.1278
S73,53,0.35,0.55,1.2713
S73,54,0.45,0.55,1.3584
S73,55,0.55,0.55,1.3786
S73,56,0.65,0.55,1.2305
S73,57,0.75,0.55,1.1365
S73,58,0.85,0.55,1.1082
S73,59,0.95,0.55,1.1016
S73,60,0.05,0.65,1.0811
S73,61,0.15,0.65,1.0568
S73,62,0.25,0.65,1.113
S73,63,0.35,0.65,1.0949
S73,64,0.45,0.65,1.249
S73,65,0.55,0.65,1.2072
S73,66,0.65,0.65,1.212
S73,67,0.75,0.65,1.1116
S73,68,0.85,0.65,1.091
S73,69,0.95,0.65,1.0272
S73,70,0.05,0.75,1.0858
S73,71,0.15,0.75,1.0669
S73,72,0.25,0.75,1.1384
S73,73,0.35,0.75,1.0536
S73,74,0.45,0.75,1.1163
S73,75,0.55,0.75,1.1302
S73,76,0.65,0.75,1.1893
S73,77,0.75,0.75,1.1556
S73,78,0.85,0.75,1.1
S73,79,0.95,0.75,1.0253
S73,80,0.05,0.85,1.0675
S73,81,0.15,0.85,1.0366
S73,82,0.25,0.85,1.0605
S73,83,0.35,0.85,1.1226
S73,84,0.45,0.85,1.0988
S73,85,0.55,0.85,1.0803
S73,86,0.65,0.85,1.112
S73,87,0.75,0.85,1.0934
S73,88,0.85,0.85,1.0434
S73,89,0.95,0.85,1.0371
S73,90,0.05,0.95,1.1205
S73,91,0.15,0.95,1.0825
S73,92,0.25,0.95,1.0407
S73,93,0.35,0.95,1.0658
S73,94,0.45,0.95,1.0201
S73,95,0.55,0.95,1.1648
S73,96,0.65,0.95,1.0749
S73,97,0.75,0.95,1.0272
S73,98,0.85,0.95,1.0588
S73,99,0.95,0.95,1.1169
S74,0,0.05,0.05,1.0587
S74,1,0.15,0.05,1.0766
S74,2,0.25,0.05,1.09
S74,3,0.35,0.05,1.0804
S74,4,0.45,0.05,1.1552
S74,5,0.55,0.05,1.036
S74,6,0.65,0.05,1.0667
S74,7,0.75,0.05,1.0374
S74,8,0.85,0.05,1.1532
S74,9,0.95,0.05,1.1257
S74,10,0.05,0.15,1.034
S74,11,0.15,0.15,1.0876
S74,12,0.25,0.15,1.1266
S74,13,0.35,0.15,1.1291
S74,14,0.45,0.15,1.1247
S74,15,0.55,0.15,1.0454
S74,16,0.65,0.15,1.1405
S74,17,0.75,0.15,1.0201
S74,18,0.85,0.15,1.0249
S74,19,0.95,0.15,1.1272
S74,20,0.05,0.25,1.1152
S74,21,0.15,0.25,1.0407
S74,22,0.25,0.25,1.0585
S74,23,0.35,0.25,1.0679
S74,24,0.45,0.25,1.0875
S74,25,0.55,0.25,1.0933
S74,26,0.65,0.25,1.1806
S74,27,0.75,0.25,1.1275
S74,28,0.85,0.25,1.0696
S74,29,0.95,0.25,1.1319
S74,30,0.05,0.35,1.0454
S74,31,0.15,0.35,1.1359
S74,32,0.25,0.35,1.1327
S74,33,0.35,0.35,1.2191
S74,34,0.45,0.35,1.1839
S74,35,0.55,0.35,1.2309
S74,36,0.65,0.35,1.2346
S74,37,0.75,0.35,1.0665
S74,38,0.85,0.35,1.166
S74,39,0.95,0.35,1.1352
S74,40,0.05,0.45,1.0469
S74,41,0.15,0.45,1.1211
S74,42,0.25,0.45,1.1059
S74,43,0.35,0.45,1.267
S74,44,0.45,0.45,1.2926
S74,45,0.55,0.45,1.4156
S74,46,0.65,0.45,1.2634
S74,47,0.75,0.45,1.2007
S74,48,0.85,0.45,1.0901
S74,49,0.95,0.45,1.0455
S74,50,0.05,0.55,1.1111
S74,51,0.15,0.55,1.1221
S74,52,0.25,0.55,1.2092
S74,53,0.35,0.55,1.2583
S74,54,0.45,0.55,1.31
S74,55,0.55,0.55,1.4168
S74,56,0.65,0.55,1.2182
S74,57,0.75,0.55,1.1349
S74,58,0.85,0.55,1.1874
S74,59,0.95,0.55,1.1314
S74,60,0.05,0.65,1.0567
S74,61,0.15,0.65,1.1341
S74,62,0.25,0.65,1.1243
S74,63,0.35,0.65,1.0897
S74,64,0.45,0.65,1.1809
S74,65,0.55,0.65,1.1886
S74,66,0.65,0.65,1.1343
S74,67,0.75,0.65,1.134
S74,68,0.85,0.65,1.0843
S74,69,0.95,0.65,1.1618
S74,70,0.05,0.75,1.1275
S74,71,0.15,0.75,1.1478
S74,72,0.25,0.75,1.1664
S74,73,0.35,0.75,1.1722
S74,74,0.45,0.75,1.2162
S74,75,0.55,0.75,1.1472
S74,76,0.65,0.75,1.1124
S74,77,0.75,0.75,1.1022
S74,78,0.85,0.75,1.0781
S74,79,0.95,0.75,1.0735
S74,80,0.05,0.85,1.0465
S74,81,0.15,0.85,1.0466
S74,82,0.25,0.85,1.1061
S74,83,0.35,0.85,1.1474
S74,84,0.45,0.85,1.1128
S74,85,0.55,0.85,1.072
S74,86,0.65,0.85,1.1641
S74,87,0.75,0.85,1.1341
S74,88,0.85,0.85,1.1439
S74,89,0.95,0.85,1.1376
S74,90,0.05,0.95,1.0845
S74,91,0.15,0.95,1.1434
S74,92,0.25,0.95,1.0463
S74,93,0.35,0.95,1.0907
S74,94,0.45,0.95,1.0587
S74,95,0.55,0.95,1.0769
S74,96,0.65,0.95,1.1576
S74,97,0.75,0.95,1.1431
S74,98,0.85,0.95,1.0712
S74,99,0.95,0.95,1.0108
S75,0,0.05,0.05,1.1252
S75,1,0.15,0.05,1.0778
S75,2,0.25,0.05,1.1503
S75,3,0.35,0.05,1.0994
S75,4,0.45,0.05,1.1532
S75,5,0.55,0.05,1.1585
S75,6,0.65,0.05,1.1218
S75,7,0.75,0.05,1.1546
S75,8,0.85,0.05,1.0579
S75,9,0.95,0.05,1.0867
S75,10,0.05,0.15,1.0161
S75,11,0.15,0.15,1.1393
S75,12,0.25,0.15,1.0849
S75,13,0.35,0.15,1.1557
S75,14,0.45,0.15,1.1654
S75,15,0.55,0.15,1.1362
S75,16,0.65,0.15,1.176
S75,17,0.75,0.15,1.0498
S75,18,0.85,0.15,1.0408
S75,19,0.95,0.15,1.1116
S75,20,0.05,0.25,1.0391
S75,21,0.15,0.25,1.02
S75,22,0.25,0.25,1.1077
S75,23,0.35,0.25,1.1246
S75,24,0.45,0.25,1.2007
S75,25,0.55,0.25,1.1789
S75,26,0.65,0.25,1.1456
S75,27,0.75,0.25,1.0937
S75,28,0.85,0.25,1.0344
S75,29,0.95,0.25,1.0935
S75,30,0.05,0.35,1.1496
S75,31,0.15,0.35,1.1116
S75,32,0.25,0.35,1.088
S75,33,0.35,0.35,1.1673
S75,34,0.45,0.35,1.1603
S75,35,0.55,0.35,1.2821
S75,36,0.65,0.35,1.1323
S75,37,0.75,0.35,1.0717
S75,38,0.85,0.35,1.0619
S75,39,0.95,0.35,1.1186
S75,40,0.05,0.45,1.0772
S75,41,0.15,0.45,1.0788
S75,42,0.25,0.45,1.0729
S75,43,0.35,0.45,1.2058
S75,44,0.45,0.45,1.3123
S75,45,0.55,0.45,1.481
S75,46,0.65,0.45,1.271
S75,47,0.75,0.45,1.2008
S75,48,0.85,0.45,1.1794
S75,49,0.95,0.45,1.1499
S75,50,0.05,0.55,1.0881
S75,51,0.15,0.55,1.1568
S75,52,0.25,0.55,1.1284
S75,53,0.35,0.55,1.2682
S75,54,0.45,0.55,1.2993
S75,55,0.55,0.55,1.402
S75,56,0.65,0.55,1.3151
S75,57,0.75,0.55,1.1643
S75,58,0.85,0.55,1.1252
S75,59,0.95,0.55,1.05
S75,60,0.05,0.65,1.1548
S75,61,0.15,0.65,1.1121
S75,62,0.25,0.65,1.1716
S75,63,0.35,0.65,1.2395
S75,64,0.45,0.65,1.2897
S75,65,0.55,0.65,1.1942
S75,66,0.65,0.65,1.1426
S75,67,0.75,0.65,1.1644
S75,68,0.85,0.65,1.1086
S75,69,0.95,0.65,1.1483
S75,70,0.05,0.75,1.0571
S75,71,0.15,0.75,1.0555
S75,72,0.25,0.75,1.101
S75,73,0.35,0.75,1.0955
S75,74,0.45,0.75,1.0731
S75,75,0.55,0.75,1.1828
S75,76,0.65,0.75,1.1552
S75,77,0.75,0.75,1.1455
S75,78,0.85,0.75,1.1616
S75,79,0.95,0.75,1.1217
S75,80,0.05,0.85,1.1406
S75,81,0.15,0.85,1.0984
S75,82,0.25,0.85,1.0443
S75,83,0.35,0.85,1.0885
S75,84,0.45,0.85,1.1601
S75,85,0.55,0.85,1.0787
S75,86,0.65,0.85,1.1682
S75,87,0.75,0.85,1.1555
S75,88,0.85,0.85,1.1216
S75,89,0.95,0.85,1.1276
S75,90,0.05,0.95,1.1311
S75,91,0.15,0.95,1.1393
S75,92,0.25,0.95,1.0259
S75,93,0.35,0.95,1.0935
S75,94,0.45,0.95,1.1602
S75,95,0.55,0.95,1.0766
S75,96,0.65,0.95,1.047
S75,97,0.75,0.95,1.0243
S75,98,0.85,0.95,1.0127
S75,99,0.95,0.95,1.0143
S76,0,0.05,0.05,1.093
S76,1,0.15,0.05,1.0322
S76,2,0.25,0.05,1.0413
S76,3,0.35,0.05,1.0917
S76,4,0.45,0.05,1.1404
S76,5,0.55,0.05,1.0496
S76,6,0.65,0.05,1.065
S76,7,0.75,0.05,1.0122
S76,8,0.85,0.05,1.0853
S76,9,0.95,0.05,1.0578
S76,10,0.05,0.15,1.0091
S76,11,0.15,0.15,1.0941
S76,12,0.25,0.15,1.0843
S76,13,0.35,0.15,1.0944
S76,14,0.45,0.15,1.1069
S76,15,0.55,0.15,1.1695
S76,16,0.65,0.15,1.0608
S76,17,0.75,0.15,1.1064
S76,18,0.85,0.15,1.1148
S76,19,0.95,0.15,1.1217
S76,20,0.05,0.25,1.1415
S76,21,0.15,0.25,1.0554
S76,22,0.25,0.25,1.0891
S76,23,0.35,0.25,1.1606
S76,24,0.45,0.25,1.1769
S76,25,0.55,0.25,1.1241
S76,26,0.65,0.25,1.0714
S76,27,0.75,0.25,1.1831
S76,28,0.85,0.25,1.1516
S76,29,0.95,0.25,1.1194
S76,30,0.05,0.35,1.1419
S76,31,0.15,0.35,1.1534
S76,32,0.25,0.35,1.0557
S76,33,0.35,0.35,1.1269
S76,34,0.45,0.35,1.2642
S76,35,0.55,0.35,1.2238
S76,36,0.65,0.35,1.1647
S76,37,0.75,0.35,1.1333
S76,38,0.85,0.35,1.096
S76,39,0.95,0.35,1.0461
S76,40,0.05,0.45,1.0288
S76,41,0.15,0.45,1.1065
S76,42,0.25,0.45,1.0685
S76,43,0.35,0.45,1.168
S76,44,0.45,0.45,1.4088
S76,45,0.55,0.45,1.4695
S76,46,0.65,0.45,1.3188
S76,47,0.75,0.45,1.1254
S76,48,0.85,0.45,1.0616
S76,49,0.95,0.45,1.0708
S76,50,0.05,0.55,1.0211
S76,51,0.15,0.55,1.0539
S76,52,0.25,0.55,1.1884
S76,53,0.35,0.55,1.2353
S76,54,0.45,0.55,1.3348
S76,55,0.55,0.55,1.4368
S76,56,0.65,0.55,1.266
S76,57,0.75,0.55,1.1367
S76,58,0.85,0.55,1.0868
S76,59,0.95,0.55,1.0525
S76,60,0.05,0.65,1.0242
S76,61,0.15,0.65,1.0766
S76,62,0.25,0.65,1.0853
S76,63,0.35,0.65,1.2366
S76,64,0.45,0.65,1.2605
S76,65,0.55,0.65,1.2943
S76,66,0.65,0.65,1.1148
S76,67,0.75,0.65,1.0653
S76,68,0.85,0.65,1.0423
S76,69,0.95,0.65,1.1491
S76,70,0.05,0.75,1.142
S76,71,0.15,0.75,1.0247
S76,72,0.25,0.75,1.1057
S76,73,0.35,0.75,1.1558
S76,74,0.45,0.75,1.0694
S76,75,0.55,0.75,1.1542
S76,76,0.65,0.75,1.1918
S76,77,0.75,0.75,1.1775
S76,78,0.85,0.75,1.159
S76,79,0.95,0.75,1.1234
S76,80,0.05,0.85,1.1021
S76,81,0.15,0.85,1.1128
S76,82,0.25,0.85,1.0985
S76,83,0.35,0.85,1.1667
S76,84,0.45,0.85,1.1768
S76,85,0.55,0.85,1.0342
S76,86,0.65,0.85,1.0793
S76,87,0.75,0.85,1.0859
S76,88,0.85,0.85,1.0772
S76,89,0.95,0.85,1.0613
S76,90,0.05,0.95,1.0042
S76,91,0.15,0.95,1.1288
S76,92,0.25,0.95,1.0699
S76,93,0.35,0.95,1.0226
S76,94,0.45,0.95,1.0516
S76,95,0.55,0.95,1.0719
S76,96,0.65,0.95,1.14
S76,97,0.75,0.95,1.031
S76,98,0.85,0.95,1.0337
S76,99,0.95,0.95,1.0718
S77,0,0.05,0.05,1.103
S77,1,0.15,0.05,1.1162
S77,2,0.25,0.05,1.1475
S77,3,0.35,0.05,1.0782
S77,4,0.45,0.05,1.0571
S77,5,0.55,0.05,1.0353
S77,6,0.65,0.05,1.1108
S77,7,0.75,0.05,1.0156
S77,8,0.85,0.05,1.0113
S77,9,0.95,0.05,1.1062
S77,10,0.05,0.15,1.0077
S77,11,0.15,0.15,1.0438
S77,12,0.25,0.15,1.0431
S77,13,0.35,0.15,1.0345
S77,14,0.45,0.15,1.0555
S77,15,0.55,0.15,1.0364
S77,16,0.65,0.15,1.1126
S77,17,0.75,0.15,1.1369
S77,18,0.85,0.15,1.0282
S77,19,0.95,0.15,1.1293
S77,20,0.05,0.25,1.0308
S77,21,0.15,0.25,1.074
S77,22,0.25,0.25,1.0971
S77,23,0.35,0.25,1.0602
S77,24,0.45,0.25,1.0935
S77,25,0.55,0.25,1.0821
S77,26,0.65,0.25,1.1184
S77,27,0.75,0.25,1.1089
S77,28,0.85,0.25,1.1526
S77,29,0.95,0.25,1.0494
S77,30,0.05,0.35,1.1447
S77,31,0.15,0.35,1.1313
S77,32,0.25,0.35,1.1697
S77,33,0.35,0.35,1.1299
S77,34,0.45,0.35,1.2465
S77,35,0.55,0.35,1.3041
S77,36,0.65,0.35,1.1237
S77,37,0.75,0.35,1.1459
S77,38,0.85,0.35,1.1377
S77,39,0.95,0.35,1.0389
S77,40,0.05,0.45,1.1476
S77,41,0.15,0.45,1.1185
S77,42,0.25,0.45,1.1195
S77,43,0.35,0.45,1.2691
S77,44,0.45,0.45,1.3634
S77,45,0.55,0.45,1.3722
S77,46,0.65,0.45,1.2034
S77,47,0.75,0.45,1.1347
S77,48,0.85,0.45,1.1859
S77,49,0.95,0.45,1.139
S77,50,0.05,0.55,1.0716
S77,51,0.15,0.55,1.1583
S77,52,0.25,0.55,1.1267
S77,53,0.35,0.55,1.2756
S77,54,0.45,0.55,1.3306
S77,55,0.55,0.55,1.3474
S77,56,0.65,0.55,1.2788
S77,57,0.75,0.55,1.1543
S77,58,0.85,0.55,1.1327
S77,59,0.95,0.55,1.0388
S77,60,0.05,0.65,1.0435
S77,61,0.15,0.65,1.1134
S77,62,0.25,0.65,1.1394
S77,63,0.35,0.65,1.1127
S77,64,0.45,0.65,1.213
S77,65,0.55,0.65,1.2933
S77,66,0.65,0.65,1.2429
S77,67,0.75,0.65,1.0783
S77,68,0.85,0.65,1.0716
S77,69,0.95,0.65,1.1261
S77,70,0.05,0.75,1.1103
S77,71,0.15,0.75,1.0958
S77,72,0.25,0.75,1.1626
S77,73,0.35,0.75,1.1026
S77,74,0.45,0.75,1.1811
S77,75,0.55,0.75,1.1935
S77,76,0.65,0.75,1.0878
S77,77,0.75,0.75,1.1061
S77,78,0.85,0.75,1.0893
S77,79,0.95,0.75,1.0684
S77,80,0.05,0.85,1.0554
S77,81,0.15,0.85,1.1443
S77,82,0.25,0.85,1.0798
S77,83,0.35,0.85,1.1048
S77,84,0.45,0.85,1.0731
S77,85,0.55,0.85,1.166
S77,86,0.65,0.85,1.0752
S77,87,0.75,0.85,1.0863
S77,88,0.85,0.85,1.1114
S77,89,0.95,0.85,1.1509
S77,90,0.05,0.95,1.0787
S77,91,0.15,0.95,1.1459
S77,92,0.25,0.95,1.1057
S77,93,0.35,0.95,1.149
S77,94,0.45,0.95,1.1528
S77,95,0.55,0.95,1.0478
S77,96,0.65,0.95,1.0238
S77,97,0.75,0.95,1.1421
S77,98,0.85,0.95,1.0435
S77,99,0.95,0.95,1.0657
S78,0,0.05,0.05,1.056
S78,1,0.15,0.05,1.1415
S78,2,0.25,0.05,1.126
S78,3,0.35,0.05,1.0298
S78,4,0.45,0.05,1.0553
S78,5,0.55,0.05,1.0661
S78,6,0.65,0.05,1.0955
S78,7,0.75,0.05,1.0878
S78,8,0.85,0.05,1.0438
S78,9,0.95,0.05,1.1015
S78,10,0.05,0.15,1.0598
S78,11,0.15,0.15,1.1465
S78,12,0.25,0.15,1.1234
S78,13,0.35,0.15,1.1502
S78,14,0.45,0.15,1.1159
S78,15,0.55,0.15,1.1829
S78,16,0.65,0.15,1.1358
S78,17,0.75,0.15,1.1177
S78,18,0.85,0.15,1.0492
S78,19,0.95,0.15,1.0785
S78,20,0.05,0.25,1.0153
S78,21,0.15,0.25,1.0325
S78,22,0.25,0.25,1.1018
S78,23,0.35,0.25,1.0636
S78,24,0.45,0.25,1.1871
S78,25,0.55,0.25,1.2101
S78,26,0.65,0.25,1.1256
S78,27,0.75,0.25,1.0911
S78,28,0.85,0.25,1.0215
S78,29,0.95,0.25,1.148
S78,30,0.05,0.35,1.1017
S78,31,0.15,0.35,1.098
S78,32,0.25,0.35,1.1727
S78,33,0.35,0.35,1.1538
S78,34,0.45,0.35,1.2128
S78,35,0.55,0.35,1.2149
S78,36,0.65,0.35,1.1191
S78,37,0.75,0.35,1.1365
S78,38,0.85,0.35,1.1734
S78,39,0.95,0.35,1.1003
S78,40,0.05,0.45,1.0731
S78,41,0.15,0.45,1.0515
S78,42,0.25,0.45,1.085
S78,43,0.35,0.45,1.1697
S78,44,0.45,0.45,1.3043
S78,45,0.55,0.45,1.4544
S78,46,0.65,0.45,1.3261
S78,47,0.75,0.45,1.1373
S78,48,0.85,0.45,1.124
S78,49,0.95,0.45,1.1408
S78,50,0.05,0.55,1.0762
S78,51,0.15,0.55,1.0958
S78,52,0.25,0.55,1.2084
S78,53,0.35,0.55,1.1472
S78,54,0.45,0.55,1.28
S78,55,0.55,0.55,1.3565
S78,56,0.65,0.55,1.2278
S78,57,0.75,0.55,1.1536
S78,58,0.85,0.55,1.1085
S78,59,0.95,0.55,1.0782
S78,60,0.05,0.65,1.1129
S78,61,0.15,0.65,1.0916
S78,62,0.25,0.65,1.0863
S78,63,0.35,0.65,1.1673
S78,64,0.45,0.65,1.1568
S78,65,0.55,0.65,1.254
S78,66,0.65,0.65,1.257
S78,67,0.75,0.65,1.1941
S78,68,0.85,0.65,1.1483
S78,69,0.95,0.65,1.038
S78,70,0.05,0.75,1.0304
S78,71,0.15,0.75,1.0992
S78,72,0.25,0.75,1.1587
S78,73,0.35,0.75,1.1444
S78,74,0.45,0.75,1.1419
S78,75,0.55,0.75,1.1762
S78,76,0.65,0.75,1.0604
S78,77,0.75,0.75,1.0956
S78,78,0.85,0.75,1.1385
S78,79,0.95,0.75,1.0346
S78,80,0.05,0.85,1.0658
S78,81,0.15,0.85,1.0405
S78,82,0.25,0.85,1.161
S78,83,0.35,0.85,1.1148
S78,84,0.45,0.85,1.0383
S78,85,0.55,0.85,1.0439
S78,86,0.65,0.85,1.1353
S78,87,0.75,0.85,1.105
S78,88,0.85,0.85,1.056
S78,89,0.95,0.85,1.1244
S78,90,0.05,0.95,1.0404
S78,91,0.15,0.95,1.0881
S78,92,0.25,0.95,1.1446
S78,93,0.35,0.95,1.0227
S78,94,0.45,0.95,1.1191
S78,95,0.55,0.95,1.0848
S78,96,0.65,0.95,1.1292
S78,97,0.75,0.95,1.0469
S78,98,0.85,0.95,1.114
S78,99,0.95,0.95,1.0767
S79,0,0.05,0.05,1.0288
S79,1,0.15,0.05,1.0686
S79,2,0.25,0.05,1.1092
S79,3,0.35,0.05,1.0985
S79,4,0.45,0.05,1.0864
S79,5,0.55,0.05,1.0471
S79,6,0.65,0.05,1.1462
S79,7,0.75,0.05,1.0681
S79,8,0.85,0.05,1.1234
S79,9,0.95,0.05,1.0751
S79,10,0.05,0.15,1.0286
S79,11,0.15,0.15,1.0416
S79,12,0.25,0.15,1.0277
S79,13,0.35,0.15,1.0977
S79,14,0.45,0.15,1.1442
S79,15,0.55,0.15,1.1762
S79,16,0.65,0.15,1.0582
S79,17,0.75,0.15,1.1282
S79,18,0.85,0.15,1.021
S79,19,0.95,0.15,1.1538
S79,20,0.05,0.25,1.0994
S79,21,0.15,0.25,1.1255
S79,22,0.25,0.25,1.0923
S79,23,0.35,0.25,1.138
S79,24,0.45,0.25,1.1327
S79,25,0.55,0.25,1.1585
S79,26,0.65,0.25,1.1673
S79,27,0.75,0.25,1.1674
S79,28,0.85,0.25,1.1321
S79,29,0.95,0.25,1.1176
S79,30,0.05,0.35,1.125
S79,31,0.15,0.35,1.0233
S79,32,0.25,0.35,1.0602
S79,33,0.35,0.35,1.2304
S79,34,0.45,0.35,1.1929
S79,35,0.55,0.35,1.2966
S79,36,0.65,0.35,1.199
S79,37,0.75,0.35,1.1047
S79,38,0.85,0.35,1.1797
S79,39,0.95,0.35,1.0734
S79,40,0.05,0.45,1.0827
S79,41,0.15,0.45,1.1524
S79,42,0.25,0.45,1.2064
S79,43,0.35,0.45,1.2056
S79,44,0.45,0.45,1.4103
S79,45,0.55,0.45,1.4488
S79,46,0.65,0.45,1.2053
S79,47,0.75,0.45,1.1222
S79,48,0.85,0.45,1.1311
S79,49,0.95,0.45,1.1444
S79,50,0.05,0.55,1.1484
S79,51,0.15,0.55,1.1689
S79,52,0.25,0.55,1.2087
S79,53,0.35,0.55,1.1844
S79,54,0.45,0.55,1.3301
S79,55,0.55,0.55,1.4084
S79,56,0.65,0.55,1.1881
S79,57,0.75,0.55,1.1555
S79,58,0.85,0.55,1.096
S79,59,0.95,0.55,1.0624
S79,60,0.05,0.65,1.1039
S79,61,0.15,0.65,1.0517
S79,62,0.25,0.65,1.0997
S79,63,0.35,0.65,1.1924
S79,64,0.45,0.65,1.2068
S79,65,0.55,0.65,1.2109
S79,66,0.65,0.65,1.1594
S79,67,0.75,0.65,1.201
S79,68,0.85,0.65,1.1622
S79,69,0.95,0.65,1.0774
S79,70,0.05,0.75,1.1396
S79,71,0.15,0.75,1.1545
S79,72,0.25,0.75,1.1012
S79,73,0.35,0.75,1.1299
S79,74,0.45,0.75,1.2031
S79,75,0.55,0.75,1.0986
S79,76,0.65,0.75,1.1572
S79,77,0.75,0.75,1.0657
S79,78,0.85,0.75,1.0456
S79,79,0.95,0.75,1.0903
S79,80,0.05,0.85,1.1287
S79,81,0.15,0.85,1.1558
S79,82,0.25,0.85,1.1154
S79,83,0.35,0.85,1.076
S79,84,0.45,0.85,1.0419
S79,85,0.55,0.85,1.075
S79,86,0.65,0.85,1.0515
S79,87,0.75,0.85,1.1142
S79,88,0.85,0.85,1.0393
S79,89,0.95,0.85,1.0845
S79,90,0.05,0.95,1.019
S79,91,0.15,0.95,1.108
S79,92,0.25,0.95,1.0286
S79,93,0.35,0.95,1.0618
S79,94,0.45,0.95,1.1552
S79,95,0.55,0.95,1.02
S79,96,0.65,0.95,1.1365
S79,97,0.75,0.95,1.0206
S79,98,0.85,0.95,1.0586
S79,99,0.95,0.95,1.0882
S80,0,0.05,0.05,1.005
S80,1,0.15,0.05,1.1244
S80,2,0.25,0.05,1.0646
S80,3,0.35,0.05,1.1415
S80,4,0.45,0.05,1.087
S80,5,0.55,0.05,1.0905
S80,6,0.65,0.05,1.1214
S80,7,0.75,0.05,1.1484
S80,8,0.85,0.05,1.0903
S80,9,0.95,0.05,1.0757
S80,10,0.05,0.15,1.0195
S80,11,0.15,0.15,1.0839
S80,12,0.25,0.15,1.0233
S80,13,0.35,0.15,1.1313
S80,14,0.45,0.15,1.0418
S80,15,0.55,0.15,1.1732
S80,16,0.65,0.15,1.132
S80,17,0.75,0.15,1.1438
S80,18,0.85,0.15,1.0387
S80,19,0.95,0.15,1.0303
S80,20,0.05,0.25,1.0167
S80,21,0.15,0.25,1.051
S80,22,0.25,0.25,1.0428
S80,23,0.35,0.25,1.1594
S80,24,0.45,0.25,1.1084
S80,25,0.55,0.25,1.2009
S80,26,0.65,0.25,1.1295
S80,27,0.75,0.25,1.0733
S80,28,0.85,0.25,1.1685
S80,29,0.95,0.25,1.1076
S80,30,0.05,0.35,1.0497
S80,31,0.15,0.35,1.0683
S80,32,0.25,0.35,1.1543
S80,33,0.35,0.35,1.1543
S80,34,0.45,0.35,1.2286
S80,35,0.55,0.35,1.2151
S80,36,0.65,0.35,1.229
S80,37,0.75,0.35,1.174
S80,38,0.85,0.35,1.0959
S80,39,0.95,0.35,1.0234
S80,40,0.05,0.45,1.0428
S80,41,0.15,0.45,1.1426
S80,42,0.25,0.45,1.1341
S80,43,0.35,0.45,1.2217
S80,44,0.45,0.45,1.4228
S80,45,0.55,0.45,1.3913
S80,46,0.65,0.45,1.2265
S80,47,0.75,0.45,1.2306
S80,48,0.85,0.45,1.0947
S80,49,0.95,0.45,1.0877
S80,50,0.05,0.55,1.1602
S80,51,0.15,0.55,1.1571
S80,52,0.25,0.55,1.1608
S80,53,0.35,0.55,1.1554
S80,54,0.45,0.55,1.2887
S80,55,0.55,0.55,1.4697
S80,56,0.65,0.55,1.2135
S80,57,0.75,0.55,1.0864
S80,58,0.85,0.55,1.039
S80,59,0.95,0.55,1.1044
S80,60,0.05,0.65,1.0798
S80,61,0.15,0.65,1.1224
S80,62,0.25,0.65,1.0981
S80,63,0.35,0.65,1.2
S80,64,0.45,0.65,1.1518
S80,65,0.55,0.65,1.2686
S80,66,0.65,0.65,1.24
S80,67,0.75,0.65,1.1012
S80,68,0.85,0.65,1.1572
S80,69,0.95,0.65,1.073
S80,70,0.05,0.75,1.1061
S80,71,0.15,0.75,1.0671
S80,72,0.25,0.75,1.129
S80,73,0.35,0.75,1.1278
S80,74,0.45,0.75,1.091
S80,75,0.55,0.75,1.1068
S80,76,0.65,0.75,1.1012
S80,77,0.75,0.75,1.0946
S80,78,0.85,0.75,1.0738
S80,79,0.95,0.75,1.0667
S80,80,0.05,0.85,1.0431
S80,81,0.15,0.85,1.0248
S80,82,0.25,0.85,1.0448
S80,83,0.35,0.85,1.0929
S80,84,0.45,0.85,1.062
S80,85,0.55,0.85,1.0422
S80,86,0.65,0.85,1.1395
S80,87,0.75,0.85,1.0727
S80,88,0.85,0.85,1.0673
S80,89,0.95,0.85,1.0914
S80,90,0.05,0.95,1.1229
S80,91,0.15,0.95,1.0817
S80,92,0.25,0.95,1.1389
S80,93,0.35,0.95,1.0469
S80,94,0.45,0.95,1.1079
S80,95,0.55,0.95,1.1353
S80,96,0.65,0.95,1.1526
S80,97,0.75,0.95,1.0594
S80,98,0.85,0.95,1.084
S80,99,0.95,0.95,1.0653
S81,0,0.05,0.05,1.0763
S81,1,0.15,0.05,1.094
S81,2,0.25,0.05,1.1466
S81,3,0.35,0.05,1.0723
S81,4,0.45,0.05,1.1568
S81,5,0.55,0.05,1.0169
S81,6,0.65,0.05,1.1373
S81,7,0.75,0.05,1.0289
S81,8,0.85,0.05,1.056
S81,9,0.95,0.05,1.1037
S81,10,0.05,0.15,1.1202
S81,11,0.15,0.15,1.1291
S81,12,0.25,0.15,1.0806
S81,13,0.35,0.15,1.1262
S81,14,0.45,0.15,1.0432
S81,15,0.55,0.15,1.1708
S81,16,0.65,0.15,1.0519
S81,17,0.75,0.15,1.0648
S81,18,0.85,0.15,1.1409
S81,19,0.95,0.15,1.0483
S81,20,0.05,0.25,1.1124
S81,21,0.15,0.25,1.1608
S81,22,0.25,0.25,1.1234
S81,23,0.35,0.25,1.1017
S81,24,0.45,0.25,1.1343
S81,25,0.55,0.25,1.1818
S81,26,0.65,0.25,1.1626
S81,27,0.75,0.25,1.1677
S81,28,0.85,0.25,1.0967
S81,29,0.95,0.25,1.1161
S81,30,0.05,0.35,1.0827
S81,31,0.15,0.35,1.1653
S81,32,0.25,0.35,1.121
S81,33,0.35,0.35,1.1864
S81,34,0.45,0.35,1.2221
S81,35,0.55,0.35,1.2221
S81,36,0.65,0.35,1.2588
S81,37,0.75,0.35,1.139
S81,38,0.85,0.35,1.0499
S81,39,0.95,0.35,1.1246
S81,40,0.05,0.45,1.0716
S81,41,0.15,0.45,1.1282
S81,42,0.25,0.45,1.1942
S81,43,0.35,0.45,1.2748
S81,44,0.45,0.45,1.3107
S81,45,0.55,0.45,1.4607
S81,46,0.65,0.45,1.2224
S81,47,0.75,0.45,1.2076
S81,48,0.85,0.45,1.1713
S81,49,0.95,0.45,1.0977
S81,50,0.05,0.55,1.0281
S81,51,0.15,0.55,1.0314
S81,52,0.25,0.55,1.1198
S81,53,0.35,0.55,1.1535
S81,54,0.45,0.55,1.345
S81,55,0.55,0.55,1.4512
S81,56,0.65,0.55,1.3065
S81,57,0.75,0.55,1.2084
S81,58,0.85,0.55,1.0677
S81,59,0.95,0.55,1.1609
S81,60,0.05,0.65,1.0471
S81,61,0.15,0.65,1.0592
S81,62,0.25,0.65,1.0697
S81,63,0.35,0.65,1.1063
S81,64,0.45,0.65,1.1514
S81,65,0.55,0.65,1.1976
S81,66,0.65,0.65,1.1135
S81,67,0.75,0.65,1.1228
S81,68,0.85,0.65,1.0893
S81,69,0.95,0.65,1.0493
S81,70,0.05,0.75,1.0477
S81,71,0.15,0.75,1.1573
S81,72,0.25,0.75,1.162
S81,73,0.35,0.75,1.1875
S81,74,0.45,0.75,1.0782
S81,75,0.55,0.75,1.2088
S81,76,0.65,0.75,1.1564
S81,77,0.75,0.75,1.1722
S81,78,0.85,0.75,1.0757
S81,79,0.95,0.75,1.0837
S81,80,0.05,0.85,1.1132
S81,81,0.15,0.85,1.0098
S81,82,0.25,0.85,1.0893
S81,83,0.35,0.85,1.05
S81,84,0.45,0.85,1.1274
S81,85,0.55,0.85,1.1304
S81,86,0.65,0.85,1.0349
S81,87,0.75,0.85,1.0311
S81,88,0.85,0.85,1.1311
S81,89,0.95,0.85,1.1489
S81,90,0.05,0.95,1.0508
S81,91,0.15,0.95,1.1376
S81,92,0.25,0.95,1.1012
S81,93,0.35,0.95,1.0338
S81,94,0.45,0.95,1.1363
S81,95,0.55,0.95,1.054
S81,96,0.65,0.95,1.0729
S81,97,0.75,0.95,1.0159
S81,98,0.85,0.95,1.0794
S81,99,0.95,0.95,1.1449
S82,0,0.05,0.05,1.1084
S82,1,0.15,0.05,1.0773
S82,2,0.25,0.05,1.058
S82,3,0.35,0.05,1.1533
S82,4,0.45,0.05,1.0477
S82,5,0.55,0.05,1.0712
S82,6,0.65,0.05,1.0979
S82,7,0.75,0.05,1.084
S82,8,0.85,0.05,1.1277
S82,9,0.95,0.05,1.0479
S82,10,0.05,0.15,1.0928
S82,11,0.15,0.15,1.128
S82,12,0.25,0.15,1.1465
S82,13,0.35,0.15,1.1163
S82,14,0.45,0.15,1.0537
S82,15,0.55,0.15,1.1807
S82,16,0.65,0.15,1.0413
S82,17,0.75,0.15,1.0604
S82,18,0.85,0.15,1.1231
S82,19,0.95,0.15,1.0779
S82,20,0.05,0.25,1.156
S82,21,0.15,0.25,1.136
S82,22,0.25,0.25,1.0371
S82,23,0.35,0.25,1.113
S82,24,0.45,0.25,1.097
S82,25,0.55,0.25,1.1361
S82,26,0.65,0.25,1.188
S82,27,0.75,0.25,1.0693
S82,28,0.85,0.25,1.0723
S82,29,0.95,0.25,1.0652
S82,30,0.05,0.35,1.1498
S82,31,0.15,0.35,1.0517
S82,32,0.25,0.35,1.0911
S82,33,0.35,0.35,1.1566
S82,34,0.45,0.35,1.1762
S82,35,0.55,0.35,1.2763
S82,36,0.65,0.35,1.1232
S82,37,0.75,0.35,1.1227
S82,38,0.85,0.35,1.0824
S82,39,0.95,0.35,1.0795
S82,40,0.05,0.45,1.0924
S82,41,0.15,0.45,1.0807
S82,42,0.25,0.45,1.0706
S82,43,0.35,0.45,1.2052
S82,44,0.45,0.45,1.4096
S82,45,0.55,0.45,1.3879
S82,46,0.65,0.45,1.2895
S82,47,0.75,0.45,1.191
S82,48,0.85,0.45,1.1585
S82,49,0.95,0.45,1.1049
S82,50,0.05,0.55,1.0809
S82,51,0.15,0.55,1.1727
S82,52,0.25,0.55,1.0918
S82,53,0.35,0.55,1.1672
S82,54,0.45,0.55,1.3936
S82,55,0.55,0.55,1.4861
S82,56,0.65,0.55,1.3282
S82,57,0.75,0.55,1.193
S82,58,0.85,0.55,1.0635
S82,59,0.95,0.55,1.1585
S82,60,0.05,0.65,1.0528
S82,61,0.15,0.65,1.0416
S82,62,0.25,0.65,1.0916
S82,63,0.35,0.65,1.216
S82,64,0.45,0.65,1.2329
S82,65,0.55,0.65,1.2409
S82,66,0.65,0.65,1.22
S82,67,0.75,0.65,1.1329
S82,68,0.85,0.65,1.0888
S82,69,0.95,0.65,1.0946
S82,70,0.05,0.75,1.0338
S82,71,0.15,0.75,1.1305
S82,72,0.25,0.75,1.0781
S82,73,0.35,0.75,1.1372
S82,74,0.45,0.75,1.1543
S82,75,0.55,0.75,1.1645
S82,76,0.65,0.75,1.0583
S82,77,0.75,0.75,1.1302
S82,78,0.85,0.75,1.0803
S82,79,0.95,0.75,1.0609
S82,80,0.05,0.85,1.1049
S82,81,0.15,0.85,1.087
S82,82,0.25,0.85,1.1562
S82,83,0.35,0.85,1.134
S82,84,0.45,0.85,1.1667
S82,85,0.55,0.85,1.0663
S82,86,0.65,0.85,1.0772
S82,87,0.75,0.85,1.0271
S82,88,0.85,0.85,1.0697
S82,89,0.95,0.85,1.0766
S82,90,0.05,0.95,1.1469
S82,91,0.15,0.95,1.0399
S82,92,0.25,0.95,1.149
S82,93,0.35,0.95,1.1196
S82,94,0.45,0.95,1.1014
S82,95,0.55,0.95,1.0516
S82,96,0.65,0.95,1.0401
S82,97,0.75,0.95,1.1281
S82,98,0.85,0.95,1.0273
S82,99,0.95,0.95,1.0545
S83,0,0.05,0.05,1.0705
S83,1,0.15,0.05,1.0194
S83,2,0.25,0.05,1.1306
S83,3,0.35,0.05,1.124
S83,4,0.45,0.05,1.083
S83,5,0.55,0.05,1.0447
S83,6,0.65,0.05,1.1047
S83,7,0.75,0.05,1.0508
S83,8,0.85,0.05,1.0396
S83,9,0.95,0.05,1.0568
S83,10,0.05,0.15,1.103
S83,11,0.15,0.15,1.1216
S83,12,0.25,0.15,1.1042
S83,13,0.35,0.15,1.1151
S83,14,0.45,0.15,1.1084
S83,15,0.55,0.15,1.0445
S83,16,0.65,0.15,1.029
S83,17,0.75,0.15,1.0771
S83,18,0.85,0.15,1.0691
S83,19,0.95,0.15,1.0743
S83,20,0.05,0.25,1.0803
S83,21,0.15,0.25,1.162
S83,22,0.25,0.25,1.1544
S83,23,0.35,0.25,1.051
S83,24,0.45,0.25,1.1373
S83,25,0.55,0.25,1.1395
S83,26,0.65,0.25,1.1154
S83,27,0.75,0.25,1.0597
S83,28,0.85,0.25,1.0726
S83,29,0.95,0.25,1.0742
S83,30,0.05,0.35,1.1258
S83,31,0.15,0.35,1.0425
S83,32,0.25,0.35,1.0877
S83,33,0.35,0.35,1.1114
S83,34,0.45,0.35,1.1598
S83,35,0.55,0.35,1.1921
S83,36,0.65,0.35,1.1601
S83,37,0.75,0.35,1.2043
S83,38,0.85,0.35,1.1173
S83,39,0.95,0.35,1.0452
S83,40,0.05,0.45,1.1046
S83,41,0.15,0.45,1.0425
S83,42,0.25,0.45,1.0798
S83,43,0.35,0.45,1.2335
S83,44,0.45,0.45,1.3709
S83,45,0.55,0.45,1.4537
S83,46,0.65,0.45,1.2835
S83,47,0.75,0.45,1.2228
S83,48,0.85,0.45,1.1413
S83,49,0.95,0.45,1.0636
S83,50,0.05,0.55,1.0129
S83,51,0.15,0.55,1.1464
S83,52,0.25,0.55,1.1388
S83,53,0.35,0.55,1.1991
S83,54,0.45,0.55,1.3125
S83,55,0.55,0.55,1.4767
S83,56,0.65,0.55,1.238
S83,57,0.75,0.55,1.1634
S83,58,0.85,0.55,1.0894
S83,59,0.95,0.55,1.147
S83,60,0.05,0.65,1.0397
S83,61,0.15,0.65,1.0403
S83,62,0.25,0.65,1.1718
S83,63,0.35,0.65,1.207
S83,64,0.45,0.65,1.2609
S83,65,0.55,0.65,1.1731
S83,66,0.65,0.65,1.172
S83,67,0.75,0.65,1.1299
S83,68,0.85,0.65,1.059
S83,69,0.95,0.65,1.1514
S83,70,0.05,0.75,1.0442
S83,71,0.15,0.75,1.0298
S83,72,0.25,0.75,1.0426
S83,73,0.35,0.75,1.0877
S83,74,0.45,0.75,1.1457
S83,75,0.55,0.75,1.1583
S83,76,0.65,0.75,1.1915
S83,77,0.75,0.75,1.1165
S83,78,0.85,0.75,1.0201
S83,79,0.95,0.75,1.1037
S83,80,0.05,0.85,1.0675
S83,81,0.15,0.85,1.1431
S83,82,0.25,0.85,1.0353
S83,83,0.35,0.85,1.0732
S83,84,0.45,0.85,1.1768
S83,85,0.55,0.85,1.0746
S83,86,0.65,0.85,1.0393
S83,87,0.75,0.85,1.1288
S83,88,0.85,0.85,1.0471
S83,89,0.95,0.85,1.055
S83,90,0.05,0.95,1.0314
S83,91,0.15,0.95,1.0977
S83,92,0.25,0.95,1.0163
S83,93,0.35,0.95,1.0652
S83,94,0.45,0.95,1.0671
S83,95,0.55,0.95,1.0771
S83,96,0.65,0.95,1.147
S83,97,0.75,0.95,1.0955
S83,98,0.85,0.95,1.116
S83,99,0.95,0.95,1.0366
S84,0,0.05,0.05,1.1
S84,1,0.15,0.05,1.0459
S84,2,0.25,0.05,1.082
S84,3,0.35,0.05,1.0534
S84,4,0.45,0.05,1.1326
S84,5,0.55,0.05,1.0843
S84,6,0.65,0.05,1.0431
S84,7,0.75,0.05,1.1282
S84,8,0.85,0.05,1.0775
S84,9,0.95,0.05,1.0058
S84,10,0.05,0.15,1.126
S84,11,0.15,0.15,1.1493
S84,12,0.25,0.15,1.0852
S84,13,0.35,0.15,1.1269
S84,14,0.45,0.15,1.1383
S84,15,0.55,0.15,1.1529
S84,16,0.65,0.15,1.153
S84,17,0.75,0.15,1.0685
S84,18,0.85,0.15,1.045
S84,19,0.95,0.15,1.0087
S84,20,0.05,0.25,1.0268
S84,21,0.15,0.25,1.0442
S84,22,0.25,0.25,1.1515
S84,23,0.35,0.25,1.1913
S84,24,0.45,0.25,1.1373
S84,25,0.55,0.25,1.0824
S84,26,0.65,0.25,1.1805
S84,27,0.75,0.25,1.1694
S84,28,0.85,0.25,1.1349
S84,29,0.95,0.25,1.0241
S84,30,0.05,0.35,1.0445
S84,31,0.15,0.35,1.0812
S84,32,0.25,0.35,1.1025
S84,33,0.35,0.35,1.2027
S84,34,0.45,0.35,1.2158
S84,35,0.55,0.35,1.2338
S84,36,0.65,0.35,1.1774
S84,37,0.75,0.35,1.1505
S84,38,0.85,0.35,1.0388
S84,39,0.95,0.35,1.0461
S84,40,0.05,0.45,1.043
S84,41,0.15,0.45,1.0941
S84,42,0.25,0.45,1.1289
S84,43,0.35,0.45,1.249
S84,44,0.45,0.45,1.319
S84,45,0.55,0.45,1.448
S84,46,0.65,0.45,1.2536
S84,47,0.75,0.45,1.1192
S84,48,0.85,0.45,1.0627
S84,49,0.95,0.45,1.0214
S84,50,0.05,0.55,1.148
S84,51,0.15,0.55,1.0838
S84,52,0.25,0.55,1.0666
S84,53,0.35,0.55,1.1878
S84,54,0.45,0.55,1.3216
S84,55,0.55,0.55,1.4033
S84,56,0.65,0.55,1.3221
S84,57,0.75,0.55,1.182
S84,58,0.85,0.55,1.085
S84,59,0.95,0.55,1.1153
S84,60,0.05,0.65,1.0512
S84,61,0.15,0.65,1.031
S84,62,0.25,0.65,1.0566
S84,63,0.35,0.65,1.1855
S84,64,0.45,0.65,1.1529
S84,65,0.55,0.65,1.2784
S84,66,0.65,0.65,1.2351
S84,67,0.75,0.65,1.1119
S84,68,0.85,0.65,1.16
S84,69,0.95,0.65,1.0384
S84,70,0.05,0.75,1.1229
S84,71,0.15,0.75,1.0995
S84,72,0.25,0.75,1.0854
S84,73,0.35,0.75,1.1004
S84,74,0.45,0.75,1.091
S84,75,0.55,0.75,1.1027
S84,76,0.65,0.75,1.157
S84,77,0.75,0.75,1.152
S84,78,0.85,0.75,1.0247
S84,79,0.95,0.75,1.0952
S84,80,0.05,0.85,1.0146
S84,81,0.15,0.85,1.0432
S84,82,0.25,0.85,1.0308
S84,83,0.35,0.85,1.1349
S84,84,0.45,0.85,1.1586
S84,85,0.55,0.85,1.1179
S84,86,0.65,0.85,1.0802
S84,87,0.75,0.85,1.0408
S84,88,0.85,0.85,1.1284
S84,89,0.95,0.85,1.0926
S84,90,0.05,0.95,1.1098
S84,91,0.15,0.95,1.0155
S84,92,0.25,0.95,1.0108
S84,93,0.35,0.95,1.079
S84,94,0.45,0.95,1.1604
S84,95,0.55,0.95,1.0396
S84,96,0.65,0.95,1.0154
S84,97,0.75,0.95,1.054
S84,98,0.85,0.95,1.0317
S84,99,0.95,0.95,1.0843
S85,0,0.05,0.05,1.1114
S85,1,0.15,0.05,1.0239
S85,2,0.25,0.05,1.1543
S85,3,0.35,0.05,1.1396
S85,4,0.45,0.05,1.0746
S85,5,0.55,0.05,1.1116
S85,6,0.65,0.05,1.0245
S85,7,0.75,0.05,1.022
S85,8,0.85,0.05,1.149
S85,9,0.95,0.05,1.1464
S85,10,0.05,0.15,1.0631
S85,11,0.15,0.15,1.157
S85,12,0.25,0.15,1.0206
S85,13,0.35,0.15,1.1644
S85,14,0.45,0.15,1.0861
S85,15,0.55,0.15,1.044
S85,16,0.65,0.15,1.0805
S85,17,0.75,0.15,1.134
S85,18,0.85,0.15,1.0148
S85,19,0.95,0.15,1.0499
S85,20,0.05,0.25,1.027
S85,21,0.15,0.25,1.1049
S85,22,0.25,0.25,1.1658
S85,23,0.35,0.25,1.0606
S85,24,0.45,0.25,1.0826
S85,25,0.55,0.25,1.0765
S85,26,0.65,0.25,1.1222
S85,27,0.75,0.25,1.0461
S85,28,0.85,0.25,1.0822
S85,29,0.95,0.25,1.0939
S85,30,0.05,0.35,1.0137
S85,31,0.15,0.35,1.1471
S85,32,0.25,0.35,1.1458
S85,33,0.35,0.35,1.1362
S85,34,0.45,0.35,1.2282
S85,35,0.55,0.35,1.1873
S85,36,0.65,0.35,1.226
S85,37,0.75,0.35,1.1899
S85,38,0.85,0.35,1.0965
S85,39,0.95,0.35,1.0713
S85,40,0.05,0.45,1.0728
S85,41,0.15,0.45,1.0983
S85,42,0.25,0.45,1.1815
S85,43,0.35,0.45,1.2247
S85,44,0.45,0.45,1.3516
S85,45,0.55,0.45,1.4216
S85,46,0.65,0.45,1.3069
S85,47,0.75,0.45,1.0872
S85,48,0.85,0.45,1.1496
S85,49,0.95,0.45,1.0941
S85,50,0.05,0.55,1.1315
S85,51,0.15,0.55,1.1702
S85,52,0.25,0.55,1.1888
S85,53,0.35,0.55,1.1938
S85,54,0.45,0.55,1.3931
S85,55,0.55,0.55,1.4725
S85,56,0.65,0.55,1.2097
S85,57,0.75,0.55,1.1362
S85,58,0.85,0.55,1.0991
S85,59,0.95,0.55,1.1222
S85,60,0.05,0.65,1.0619
S85,61,0.15,0.65,1.1586
S85,62,0.25,0.65,1.0817
S85,63,0.35,0.65,1.1654
S85,64,0.45,0.65,1.1468
S85,65,0.55,0.65,1.287
S85,66,0.65,0.65,1.1497
S85,67,0.75,0.65,1.2091
S85,68,0.85,0.65,1.1301
S85,69,0.95,0.65,1.0675
S85,70,0.05,0.75,1.0663
S85,71,0.15,0.75,1.1507
S85,72,0.25,0.75,1.0437
S85,73,0.35,0.75,1.1191
S85,74,0.45,0.75,1.182
S85,75,0.55,0.75,1.0891
S85,76,0.65,0.75,1.1398
S85,77,0.75,0.75,1.1793
S85,78,0.85,0.75,1.033
S85,79,0.95,0.75,1.0398
S85,80,0.05,0.85,1.0313
S85,81,0.15,0.85,1.0552
S85,82,0.25,0.85,1.1442
S85,83,0.35,0.85,1.0374
S85,84,0.45,0.85,1.0732
S85,85,0.55,0.85,1.1802
S85,86,0.65,0.85,1.0491
S85,87,0.75,0.85,1.0436
S85,88,0.85,0.85,1.0711
S85,89,0.95,0.85,1.0199
S85,90,0.05,0.95,1.1254
S85,91,0.15,0.95,1.1533
S85,92,0.25,0.95,1.014
S85,93,0.35,0.95,1.0896
S85,94,0.45,0.95,1.139
S85,95,0.55,0.95,1.1023
S85,96,0.65,0.95,1.0161
S85,97,0.75,0.95,1.1163
S85,98,0.85,0.95,1.0606
S85,99,0.95,0.95,1.0424
S86,0,0.05,0.05,1.0281
S86,1,0.15,0.05,1.1015
S86,2,0.25,0.05,1.0954
S86,3,0.35,0.05,1.0582
S86,4,0.45,0.05,1.1087
S86,5,0.55,0.05,1.0346
S86,6,0.65,0.05,1.1458
S86,7,0.75,0.05,1.0415
S86,8,0.85,0.05,1.1296
S86,9,0.95,0.05,1.1242
S86,10,0.05,0.15,1.0207
S86,11,0.15,0.15,1.1454
S86,12,0.25,0.15,1.1484
S86,13,0.35,0.15,1.1303
S86,14,0.45,0.15,1.0763
S86,15,0.55,0.15,1.1483
S86,16,0.65,0.15,1.1006
S86,17,0.75,0.15,1.0399
S86,18,0.85,0.15,1.0225
S86,19,0.95,0.15,1.0839
S86,20,0.05,0.25,1.0206
S86,21,0.15,0.25,1.0477
S86,22,0.25,0.25,1.0447
S86,23,0.35,0.25,1.1838
S86,24,0.45,0.25,1.1301
S86,25,0.55,0.25,1.1173
S86,26,0.65,0.25,1.14
S86,27,0.75,0.25,1.0402
S86,28,0.85,0.25,1.0571
S86,29,0.95,0.25,1.0458
S86,30,0.05,0.35,1.0845
S86,31,0.15,0.35,1.0639
S86,32,0.25,0.35,1.0797
S86,33,0.35,0.35,1.188
S86,34,0.45,0.35,1.1936
S86,35,0.55,0.35,1.182
S86,36,0.65,0.35,1.1286
S86,37,0.75,0.35,1.1965
S86,38,0.85,0.35,1.0465
S86,39,0.95,0.35,1.158
S86,40,0.05,0.45,1.0135
S86,41,0.15,0.45,1.0988
S86,42,0.25,0.45,1.1033
S86,43,0.35,0.45,1.2751
S86,44,0.45,0.45,1.4195
S86,45,0.55,0.45,1.379
S86,46,0.65,0.45,1.3222
S86,47,0.75,0.45,1.122
S86,48,0.85,0.45,1.1687
S86,49,0.95,0.45,1.0385
S86,50,0.05,0.55,1.1023
S86,51,0.15,0.55,1.0975
S86,52,0.25,0.55,1.153
S86,53,0.35,0.55,1.1626
S86,54,0.45,0.55,1.3714
S86,55,0.55,0.55,1.425
S86,56,0.65,0.55,1.2498
S86,57,0.75,0.55,1.1073
S86,58,0.85,0.55,1.1243
S86,59,0.95,0.55,1.1533
S86,60,0.05,0.65,1.1375
S86,61,0.15,0.65,1.1102
S86,62,0.25,0.65,1.0475
S86,63,0.35,0.65,1.1951
S86,64,0.45,0.65,1.2643
S86,65,0.55,0.65,1.234
S86,66,0.65,0.65,1.2099
S86,67,0.75,0.65,1.199
S86,68,0.85,0.65,1.0688
S86,69,0.95,0.65,1.0327
S86,70,0.05,0.75,1.0248
S86,71,0.15,0.75,1.0294
S86,72,0.25,0.75,1.1315
S86,73,0.35,0.75,1.0594
S86,74,0.45,0.75,1.1432
S86,75,0.55,0.75,1.2228
S86,76,0.65,0.75,1.0947
S86,77,0.75,0.75,1.1255
S86,78,0.85,0.75,1.064
S86,79,0.95,0.75,1.0535
S86,80,0.05,0.85,1.0809
S86,81,0.15,0.85,1.0871
S86,82,0.25,0.85,1.1556
S86,83,0.35,0.85,1.1461
S86,84,0.45,0.85,1.0795
S86,85,0.55,0.85,1.0643
S86,86,0.65,0.85,1.0733
S86,87,0.75,0.85,1.0926
S86,88,0.85,0.85,1.0604
S86,89,0.95,0.85,1.1269
S86,90,0.05,0.95,1.1129
S86,91,0.15,0.95,1.026
S86,92,0.25,0.95,1.0618
S86,93,0.35,0.95,1.159
S86,94,0.45,0.95,1.0239
S86,95,0.55,0.95,1.1183
S86,96,0.65,0.95,1.1102
S86,97,0.75,0.95,1.0181
S86,98,0.85,0.95,1.1128
S86,99,0.95,0.95,1.0485
S87,0,0.05,0.05,1.0956
S87,1,0.15,0.05,1.0082
S87,2,0.25,0.05,1.0241
S87,3,0.35,0.05,1.1592
S87,4,0.45,0.05,1.1638
S87,5,0.55,0.05,1.0999
S87,6,0.65,0.05,1.1133
S87,7,0.75,0.05,1.1496
S87,8,0.85,0.05,1.1359
S87,9,0.95,0.05,1.054
S87,10,0.05,0.15,1.0451
S87,11,0.15,0.15,1.1038
S87,12,0.25,0.15,1.1014
S87,13,0.35,0.15,1.1459
S87,14,0.45,0.15,1.1619
S87,15,0.55,0.15,1.0838
S87,16,0.65,0.15,1.1707
S87,17,0.75,0.15,1.0305
S87,18,0.85,0.15,1.0745
S87,19,0.95,0.15,1.0901
S87,20,0.05,0.25,1.0725
S87,21,0.15,0.25,1.0832
S87,22,0.25,0.25,1.1451
S87,23,0.35,0.25,1.125
S87,24,0.45,0.25,1.1775
S87,25,0.55,0.25,1.2101
S87,26,0.65,0.25,1.1499
S87,27,0.75,0.25,1.0644
S87,28,0.85,0.25,1.1037
S87,29,0.95,0.25,1.0313
S87,30,0.05,0.35,1.0291
S87,31,0.15,0.35,1.1307
S87,32,0.25,0.35,1.1826
S87,33,0.35,0.35,1.1587
S87,34,0.45,0.35,1.2026
S87,35,0.55,0.35,1.2213
S87,36,0.65,0.35,1.2241
S87,37,0.75,0.35,1.1049
S87,38,0.85,0.35,1.1342
S87,39,0.95,0.35,1.1326
S87,40,0.05,0.45,1.0861
S87,41,0.15,0.45,1.1185
S87,42,0.25,0.45,1.1801
S87,43,0.35,0.45,1.1395
S87,44,0.45,0.45,1.2801
S87,45,0.55,0.45,1.3806
S87,46,0.65,0.45,1.1863
S87,47,0.75,0.45,1.1725
S87,48,0.85,0.45,1.0752
S87,49,0.95,0.45,1.0224
S87,50,0.05,0.55,1.0502
S87,51,0.15,0.55,1.045
S87,52,0.25,0.55,1.1483
S87,53,0.35,0.55,1.2396
S87,54,0.45,0.55,1.4192
S87,55,0.55,0.55,1.371
S87,56,0.65,0.55,1.2254
S87,57,0.75,0.55,1.2248
S87,58,0.85,0.55,1.1081
S87,59,0.95,0.55,1.021
S87,60,0.05,0.65,1.1586
S87,61,0.15,0.65,1.0418
S87,62,0.25,0.65,1.0669
S87,63,0.35,0.65,1.1932
S87,64,0.45,0.65,1.1672
S87,65,0.55,0.65,1.265
S87,66,0.65,0.65,1.143
S87,67,0.75,0.65,1.0686
S87,68,0.85,0.65,1.1546
S87,69,0.95,0.65,1.0149
S87,70,0.05,0.75,1.1399
S87,71,0.15,0.75,1.0856
S87,72,0.25,0.75,1.0348
S87,73,0.35,0.75,1.1874
S87,74,0.45,0.75,1.2014
S87,75,0.55,0.75,1.1183
S87,76,0.65,0.75,1.0807
S87,77,0.75,0.75,1.1233
S87,78,0.85,0.75,1.1629
S87,79,0.95,0.75,1.1411
S87,80,0.05,0.85,1.1348
S87,81,0.15,0.85,1.0622
S87,82,0.25,0.85,1.1538
S87,83,0.35,0.85,1.0522
S87,84,0.45,0.85,1.0595
S87,85,0.55,0.85,1.0556
S87,86,0.65,0.85,1.0806
S87,87,0.75,0.85,1.0571
S87,88,0.85,0.85,1.1024
S87,89,0.95,0.85,1.0841
S87,90,0.05,0.95,1.06
S87,91,0.15,0.95,1.0182
S87,92,0.25,0.95,1.0353
S87,93,0.35,0.95,1.0628
S87,94,0.45,0.95,1.1201
S87,95,0.55,0.95,1.1471
S87,96,0.65,0.95,1.1017
S87,97,0.75,0.95,1.0326
S87,98,0.85,0.95,1.1366
S87,99,0.95,0.95,1.0058
S88,0,0.05,0.05,1.0112
S88,1,0.15,0.05,1.0311
S88,2,0.25,0.05,1.1024
S88,3,0.35,0.05,1.0165
S88,4,0.45,0.05,1.109
S88,5,0.55,0.05,1.0383
S88,6,0.65,0.05,1.1133
S88,7,0.75,0.05,1.0443
S88,8,0.85,0.05,1.1079
S88,9,0.95,0.05,1.0664
S88,10,0.05,0.15,1.147
S88,11,0.15,0.15,1.1396
S88,12,0.25,0.15,1.1064
S88,13,0.35,0.15,1.0825
S88,14,0.45,0.15,1.0922
S88,15,0.55,0.15,1.1786
S88,16,0.65,0.15,1.1518
S88,17,0.75,0.15,1.075
S88,18,0.85,0.15,1.043
S88,19,0.95,0.15,1.0797
S88,20,0.05,0.25,1.0822
S88,21,0.15,0.25,1.0412
S88,22,0.25,0.25,1.1118
S88,23,0.35,0.25,1.0957
S88,24,0.45,0.25,1.1844
S88,25,0.55,0.25,1.2062
S88,26,0.65,0.25,1.0897
S88,27,0.75,0.25,1.0651
S88,28,0.85,0.25,1.0338
S88,29,0.95,0.25,1.047
S88,30,0.05,0.35,1.0159
S88,31,0.15,0.35,1.0615
S88,32,0.25,0.35,1.1806
S88,33,0.35,0.35,1.1866
S88,34,0.45,0.35,1.2389
S88,35,0.55,0.35,1.166
S88,36,0.65,0.35,1.1224
S88,37,0.75,0.35,1.0933
S88,38,0.85,0.35,1.1473
S88,39,0.95,0.35,1.082
S88,40,0.05,0.45,1.0816
S88,41,0.15,0.45,1.061
S88,42,0.25,0.45,1.2105
S88,43,0.35,0.45,1.163
S88,44,0.45,0.45,1.3686
S88,45,0.55,0.45,1.471
S88,46,0.65,0.45,1.2891
S88,47,0.75,0.45,1.1227
S88,48,0.85,0.45,1.103
S88,49,0.95,0.45,1.0178
S88,50,0.05,0.55,1.0279
S88,51,0.15,0.55,1.1631
S88,52,0.25,0.55,1.2089
S88,53,0.35,0.55,1.1566
S88,54,0.45,0.55,1.3891
S88,55,0.55,0.55,1.4349
S88,56,0.65,0.55,1.2792
S88,57,0.75,0.55,1.1975
S88,58,0.85,0.55,1.1566
S88,59,0.95,0.55,1.0958
S88,60,0.05,0.65,1.0248
S88,61,0.15,0.65,1.0271
S88,62,0.25,0.65,1.0921
S88,63,0.35,0.65,1.1814
S88,64,0.45,0.65,1.278
S88,65,0.55,0.65,1.2683
S88,66,0.65,0.65,1.2521
S88,67,0.75,0.65,1.1749
S88,68,0.85,0.65,1.0716
S88,69,0.95,0.65,1.0171
S88,70,0.05,0.75,1.0646
S88,71,0.15,0.75,1.1046
S88,72,0.25,0.75,1.1523
S88,73,0.35,0.75,1.0962
S88,74,0.45,0.75,1.1671
S88,75,0.55,0.75,1.094
S88,76,0.65,0.75,1.1304
S88,77,0.75,0.75,1.0824
S88,78,0.85,0.75,1.0449
S88,79,0.95,0.75,1.1184
S88,80,0.05,0.85,1.0828
S88,81,0.15,0.85,1.0979
S88,82,0.25,0.85,1.1027
S88,83,0.35,0.85,1.0841
S88,84,0.45,0.85,1.0814
S88,85,0.55,0.85,1.0453
S88,86,0.65,0.85,1.041
S88,87,0.75,0.85,1.0949
S88,88,0.85,0.85,1.0547
S88,89,0.95,0.85,1.0763
S88,90,0.05,0.95,1.0786
S88,91,0.15,0.95,1.0319
S88,92,0.25,0.95,1.1043
S88,93,0.35,0.95,1.141
S88,94,0.45,0.95,1.0425
S88,95,0.55,0.95,1.1519
S88,96,0.65,0.95,1.1524
S88,97,0.75,0.95,1.074
S88,98,0.85,0.95,1.075
S88,99,0.95,0.95,1.0091
S89,0,0.05,0.05,1.0341
S89,1,0.15,0.05,1.055
S89,2,0.25,0.05,1.0445
S89,3,0.35,0.05,1.1284
S89,4,0.45,0.05,1.1432
S89,5,0.55,0.05,1.0919
S89,6,0.65,0.05,1.0946
S89,7,0.75,0.05,1.1331
S89,8,0.85,0.05,1.1436
S89,9,0.95,0.05,1.1262
S89,10,0.05,0.15,1.0628
S89,11,0.15,0.15,1.0395
S89,12,0.25,0.15,1.0678
S89,13,0.35,0.15,1.0621
S89,14,0.45,0.15,1.1027
S89,15,0.55,0.15,1.039
S89,16,0.65,0.15,1.0841
S89,17,0.75,0.15,1.1607
S89,18,0.85,0.15,1.0649
S89,19,0.95,0.15,1.1006
S89,20,0.05,0.25,1.0143
S89,21,0.15,0.25,1.0239
S89,22,0.25,0.25,1.062
S89,23,0.35,0.25,1.0887
S89,24,0.45,0.25,1.1404
S89,25,0.55,0.25,1.1086
S89,26,0.65,0.25,1.1784
S89,27,0.75,0.25,1.0968
S89,28,0.85,0.25,1.0857
S89,29,0.95,0.25,1.1079
S89,30,0.05,0.35,1.0594
S89,31,0.15,0.35,1.0404
S89,32,0.25,0.35,1.0789
S89,33,0.35,0.35,1.1268
S89,34,0.45,0.35,1.2205
S89,35,0.55,0.35,1.2251
S89,36,0.65,0.35,1.2127
S89,37,0.75,0.35,1.1424
S89,38,0.85,0.35,1.0702
S89,39,0.95,0.35,1.102
S89,40,0.05,0.45,1.0173
S89,41,0.15,0.45,1.0674
S89,42,0.25,0.45,1.076
S89,43,0.35,0.45,1.2684
S89,44,0.45,0.45,1.3289
S89,45,0.55,0.45,1.4046
S89,46,0.65,0.45,1.2993
S89,47,0.75,0.45,1.1877
S89,48,0.85,0.45,1.0999
S89,49,0.95,0.45,1.0637
S89,50,0.05,0.55,1.119
S89,51,0.15,0.55,1.1571
S89,52,0.25,0.55,1.1579
S89,53,0.35,0.55,1.264
S89,54,0.45,0.55,1.3204
S89,55,0.55,0.55,1.4912
S89,56,0.65,0.55,1.3273
S89,57,0.75,0.55,1.1878
S89,58,0.85,0.55,1.1364
S89,59,0.95,0.55,1.0375
S89,60,0.05,0.65,1.1492
S89,61,0.15,0.65,1.0908
S89,62,0.25,0.65,1.1652
S89,63,0.35,0.65,1.1471
S89,64,0.45,0.65,1.2044
S89,65,0.55,0.65,1.2561
S89,66,0.65,0.65,1.1616
S89,67,0.75,0.65,1.1491
S89,68,0.85,0.65,1.1094
S89,69,0.95,0.65,1.0482
S89,70,0.05,0.75,1.0797
S89,71,0.15,0.75,1.0395
S89,72,0.25,0.75,1.1266
S89,73,0.35,0.75,1.0821
S89,74,0.45,0.75,1.2053
S89,75,0.55,0.75,1.1387
S89,76,0.65,0.75,1.0821
S89,77,0.75,0.75,1.179
S89,78,0.85,0.75,1.1079
S89,79,0.95,0.75,1.024
S89,80,0.05,0.85,1.1231
S89,81,0.15,0.85,1.0207
S89,82,0.25,0.85,1.0876
S89,83,0.35,0.85,1.1383
S89,84,0.45,0.85,1.1338
S89,85,0.55,0.85,1.0837
S89,86,0.65,0.85,1.0869
S89,87,0.75,0.85,1.0432
S89,88,0.85,0.85,1.0358
S89,89,0.95,0.85,1.1537
S89,90,0.05,0.95,1.0955
S89,91,0.15,0.95,1.1293
S89,92,0.25,0.95,1.1164
S89,93,0.35,0.95,1.1497
S89,94,0.45,0.95,1.0746
S89,95,0.55,0.95,1.0394
S89,96,0.65,0.95,1.0541
S89,97,0.75,0.95,1.0971
S89,98,0.85,0.95,1.0173
S89,99,0.95,0.95,1.1017
S90,0,0.05,0.05,1.0548
S90,1,0.15,0.05,1.0971
S90,2,0.25,0.05,1.067
S90,3,0.35,0.05,1.0153
S90,4,0.45,0.05,1.0442
S90,5,0.55,0.05,1.0524
S90,6,0.65,0.05,1.0948
S90,7,0.75,0.05,1.0176
S90,8,0.85,0.05,1.043
S90,9,0.95,0.05,1.0745
S90,10,0.05,0.15,1.0954
S90,11,0.15,0.15,1.1331
S90,12,0.25,0.15,1.0724
S90,13,0.35,0.15,1.1194
S90,14,0.45,0.15,1.1012
S90,15,0.55,0.15,1.1792
S90,16,0.65,0.15,1.1015
S90,17,0.75,0.15,1.0692
S90,18,0.85,0.15,1.153
S90,19,0.95,0.15,1.0354
S90,20,0.05,0.25,1.123
S90,21,0.15,0.25,1.1107
S90,22,0.25,0.25,1.0831
S90,23,0.35,0.25,1.1056
S90,24,0.45,0.25,1.0998
S90,25,0.55,0.25,1.0949
S90,26,0.65,0.25,1.1471
S90,27,0.75,0.25,1.1187
S90,28,0.85,0.25,1.0633
S90,29,0.95,0.25,1.1066
S90,30,0.05,0.35,1.1088
S90,31,0.15,0.35,1.099
S90,32,0.25,0.35,1.0573
S90,33,0.35,0.35,1.1642
S90,34,0.45,0.35,1.1469
S90,35,0.55,0.35,1.2803
S90,36,0.65,0.35,1.2314
S90,37,0.75,0.35,1.1608
S90,38,0.85,0.35,1.1238
S90,39,0.95,0.35,1.1625
S90,40,0.05,0.45,1.1242
S90,41,0.15,0.45,1.0278
S90,42,0.25,0.45,1.1241
S90,43,0.35,0.45,1.168
S90,44,0.45,0.45,1.4002
S90,45,0.55,0.45,1.4547
S90,46,0.65,0.45,1.2656
S90,47,0.75,0.45,1.0879
S90,48,0.85,0.45,1.1033
S90,49,0.95,0.45,1.0468
S90,50,0.05,0.55,1.093
S90,51,0.15,0.55,1.1434
S90,52,0.25,0.55,1.1984
S90,53,0.35,0.55,1.2138
S90,54,0.45,0.55,1.3463
S90,55,0.55,0.55,1.3607
S90,56,0.65,0.55,1.2366
S90,57,0.75,0.55,1.1483
S90,58,0.85,0.55,1.0624
S90,59,0.95,0.55,1.0236
S90,60,0.05,0.65,1.0589
S90,61,0.15,0.65,1.0855
S90,62,0.25,0.65,1.1512
S90,63,0.35,0.65,1.1901
S90,64,0.45,0.65,1.1862
S90,65,0.55,0.65,1.2895
S90,66,0.65,0.65,1.1663
S90,67,0.75,0.65,1.1548
S90,68,0.85,0.65,1.1273
S90,69,0.95,0.65,1.0662
S90,70,0.05,0.75,1.1432
S90,71,0.15,0.75,1.0356
S90,72,0.25,0.75,1.1177
S90,73,0.35,0.75,1.0664
S90,74,0.45,0.75,1.1156
S90,75,0.55,0.75,1.145
S90,76,0.65,0.75,1.0671
S90,77,0.75,0.75,1.0427
S90,78,0.85,0.75,1.1306
S90,79,0.95,0.75,1.083
S90,80,0.05,0.85,1.0584
S90,81,0.15,0.85,1.1081
S90,82,0.25,0.85,1.0357
S90,83,0.35,0.85,1.1717
S90,84,0.45,0.85,1.1631
S90,85,0.55,0.85,1.1347
S90,86,0.65,0.85,1.031
S90,87,0.75,0.85,1.0429
S90,88,0.85,0.85,1.1219
S90,89,0.95,0.85,1.0431
S90,90,0.05,0.95,1.0806
S90,91,0.15,0.95,1.0538
S90,92,0.25,0.95,1.0616
S90,93,0.35,0.95,1.0966
S90,94,0.45,0.95,1.0273
S90,95,0.55,0.95,1.0857
S90,96,0.65,0.95,1.1186
S90,97,0.75,0.95,1.1475
S90,98,0.85,0.95,1.1478
S90,99,0.95,0.95,1.0161
S91,0,0.05,0.05,1.0382
S91,1,0.15,0.05,1.0597
S91,2,0.25,0.05,1.1431
S91,3,0.35,0.05,1.0898
S91,4,0.45,0.05,1.1579
S91,5,0.55,0.05,1.1337
S91,6,0.65,0.05,1.0676
S91,7,0.75,0.05,1.1405
S91,8,0.85,0.05,1.1086
S91,9,0.95,0.05,1.1283
S91,10,0.05,0.15,1.0669
S91,11,0.15,0.15,1.1005
S91,12,0.25,0.15,1.1163
S91,13,0.35,0.15,1.1683
S91,14,0.45,0.15,1.1276
S91,15,0.55,0.15,1.0976
S91,16,0.65,0.15,1.1635
S91,17,0.75,0.15,1.1676
S91,18,0.85,0.15,1.1375
S91,19,0.95,0.15,1.1355
S91,20,0.05,0.25,1.0185
S91,21,0.15,0.25,1.0347
S91,22,0.25,0.25,1.1728
S91,23,0.35,0.25,1.1085
S91,24,0.45,0.25,1.0938
S91,25,0.55,0.25,1.1879
S91,26,0.65,0.25,1.1089
S91,27,0.75,0.25,1.1358
S91,28,0.85,0.25,1.0501
S91,29,0.95,0.25,1.0893
S91,30,0.05,0.35,1.0964
S91,31,0.15,0.35,1.1634
S91,32,0.25,0.35,1.0975
S91,33,0.35,0.35,1.2159
S91,34,0.45,0.35,1.148
S91,35,0.55,0.35,1.2188
S91,36,0.65,0.35,1.2444
S91,37,0.75,0.35,1.0677
S91,38,0.85,0.35,1.1434
S91,39,0.95,0.35,1.0686
S91,40,0.05,0.45,1.0494
S91,41,0.15,0.45,1.1515
S91,42,0.25,0.45,1.0722
S91,43,0.35,0.45,1.1803
S91,44,0.45,0.45,1.3746
S91,45,0.55,0.45,1.4108
S91,46,0.65,0.45,1.2381
S91,47,0.75,0.45,1.2319
S91,48,0.85,0.45,1.1301
S91,49,0.95,0.45,1.16
S91,50,0.05,0.55,1.0684
S91,51,0.15,0.55,1.0671
S91,52,0.25,0.55,1.1879
S91,53,0.35,0.55,1.1568
S91,54,0.45,0.55,1.4202
S91,55,0.55,0.55,1.3746
S91,56,0.65,0.55,1.2919
S91,57,0.75,0.55,1.1266
S91,58,0.85,0.55,1.0999
S91,59,0.95,0.55,1.1013
S91,60,0.05,0.65,1.0488
S91,61,0.15,0.65,1.0614
S91,62,0.25,0.65,1.1588
S91,63,0.35,0.65,1.1962
S91,64,0.45,0.65,1.1828
S91,65,0.55,0.65,1.2929
S91,66,0.65,0.65,1.1454
S91,67,0.75,0.65,1.1896
S91,68,0.85,0.65,1.0995
S91,69,0.95,0.65,1.0596
S91,70,0.05,0.75,1.0315
S91,71,0.15,0.75,1.0472
S91,72,0.25,0.75,1.1343
S91,73,0.35,0.75,1.0905
S91,74,0.45,0.75,1.1989
S91,75,0.55,0.75,1.1571
S91,76,0.65,0.75,1.1688
S91,77,0.75,0.75,1.1483
S91,78,0.85,0.75,1.0279
S91,79,0.95,0.75,1.0746
S91,80,0.05,0.85,1.1394
S91,81,0.15,0.85,1.1237
S91,82,0.25,0.85,1.1216
S91,83,0.35,0.85,1.0743
S91,84,0.45,0.85,1.1234
S91,85,0.55,0.85,1.111
S91,86,0.65,0.85,1.087
S91,87,0.75,0.85,1.0216
S91,88,0.85,0.85,1.0584
S91,89,0.95,0.85,1.0668
S91,90,0.05,0.95,1.061
S91,91,0.15,0.95,1.0439
S91,92,0.25,0.95,1.1581
S91,93,0.35,0.95,1.0265
S91,94,0.45,0.95,1.0359
S91,95,0.55,0.95,1.1262
S91,96,0.65,0.95,1.0614
S91,97,0.75,0.95,1.0415
S91,98,0.85,0.95,1.1361
S91,99,0.95,0.95,1.006
S92,0,0.05,0.05,1.133
S92,1,0.15,0.05,1.1396
S92,2,0.25,0.05,1.1439
S92,3,0.35,0.05,1.0535
S92,4,0.45,0.05,1.0813
S92,5,0.55,0.05,1.1244
S92,6,0.65,0.05,1.0995
S92,7,0.75,0.05,1.1064
S92,8,0.85,0.05,1.0889
S92,9,0.95,0.05,1.1537
S92,10,0.05,0.15,1.0454
S92,11,0.15,0.15,1.0915
S92,12,0.25,0.15,1.0803
S92,13,0.35,0.15,1.1673
S92,14,0.45,0.15,1.1041
S92,15,0.55,0.15,1.0605
S92,16,0.65,0.15,1.0374
S92,17,0.75,0.15,1.0856
S92,18,0.85,0.15,1.1035
S92,19,0.95,0.15,1.0213
S92,20,0.05,0.25,1.0613
S92,21,0.15,0.25,1.1296
S92,22,0.25,0.25,1.099
S92,23,0.35,0.25,1.1839
S92,24,0.45,0.25,1.0985
S92,25,0.55,0.25,1.1586
S92,26,0.65,0.25,1.1751
S92,27,0.75,0.25,1.1393
S92,28,0.85,0.25,1.0945
S92,29,0.95,0.25,1.0778
S92,30,0.05,0.35,1.1101
S92,31,0.15,0.35,1.0427
S92,32,0.25,0.35,1.182
S92,33,0.35,0.35,1.1425
S92,34,0.45,0.35,1.1653
S92,35,0.55,0.35,1.2248
S92,36,0.65,0.35,1.2147
S92,37,0.75,0.35,1.1346
S92,38,0.85,0.35,1.1258
S92,39,0.95,0.35,1.0789
S92,40,0.05,0.45,1.1184
S92,41,0.15,0.45,1.1305
S92,42,0.25,0.45,1.1096
S92,43,0.35,0.45,1.2585
S92,44,0.45,0.45,1.3783
S92,45,0.55,0.45,1.3917
S92,46,0.65,0.45,1.2037
S92,47,0.75,0.45,1.2214
S92,48,0.85,0.45,1.0563
S92,49,0.95,0.45,1.1112
S92,50,0.05,0.55,1.1569
S92,51,0.15,0.55,1.1604
S92,52,0.25,0.55,1.155
S92,53,0.35,0.55,1.155
S92,54,0.45,0.55,1.3101
S92,55,0.55,0.55,1.4196
S92,56,0.65,0.55,1.3197
S92,57,0.75,0.55,1.0871
S92,58,0.85,0.55,1.099
S92,59,0.95,0.55,1.1102
S92,60,0.05,0.65,1.0902
S92,61,0.15,0.65,1.1395
S92,62,0.25,0.65,1.1906
S92,63,0.35,0.65,1.1179
S92,64,0.45,0.65,1.1611
S92,65,0.55,0.65,1.2451
S92,66,0.65,0.65,1.2183
S92,67,0.75,0.65,1.0708
S92,68,0.85,0.65,1.0817
S92,69,0.95,0.65,1.0698
S92,70,0.05,0.75,1.1238
S92,71,0.15,0.75,1.105
S92,72,0.25,0.75,1.0405
S92,73,0.35,0.75,1.1926
S92,74,0.45,0.75,1.1102
S92,75,0.55,0.75,1.1718
S92,76,0.65,0.75,1.0866
S92,77,0.75,0.75,1.0677
S92,78,0.85,0.75,1.1319
S92,79,0.95,0.75,1.039
S92,80,0.05,0.85,1.1459
S92,81,0.15,0.85,1.1304
S92,82,0.25,0.85,1.045
S92,83,0.35,0.85,1.0762
S92,84,0.45,0.85,1.0844
S92,85,0.55,0.85,1.044
S92,86,0.65,0.85,1.1232
S92,87,0.75,0.85,1.1383
S92,88,0.85,0.85,1.0479
S92,89,0.95,0.85,1.1166
S92,90,0.05,0.95,1.0623
S92,91,0.15,0.95,1.0868
S92,92,0.25,0.95,1.0134
S92,93,0.35,0.95,1.1119
S92,94,0.45,0.95,1.1186
S92,95,0.55,0.95,1.0177
S92,96,0.65,0.95,1.0337
S92,97,0.75,0.95,1.0189
S92,98,0.85,0.95,1.0915
S92,99,0.95,0.95,1.09
S93,0,0.05,0.05,1.109
S93,1,0.15,0.05,1.0178
S93,2,0.25,0.05,1.0254
S93,3,0.35,0.05,1.1181
S93,4,0.45,0.05,1.1587
S93,5,0.55,0.05,1.0351
S93,6,0.65,0.05,1.1054
S93,7,0.75,0.05,1.1431
S93,8,0.85,0.05,1.048
S93,9,0.95,0.05,1.0979
S93,10,0.05,0.15,1.1224
S93,11,0.15,0.15,1.0544
S93,12,0.25,0.15,1.0878
S93,13,0.35,0.15,1.1431
S93,14,0.45,0.15,1.1291
S93,15,0.55,0.15,1.1583
S93,16,0.65,0.15,1.0749
S93,17,0.75,0.15,1.0836
S93,18,0.85,0.15,1.0741
S93,19,0.95,0.15,1.1187
S93,20,0.05,0.25,1.0082
S93,21,0.15,0.25,1.0233
S93,22,0.25,0.25,1.0984
S93,23,0.35,0.25,1.0504
S93,24,0.45,0.25,1.2006
S93,25,0.55,0.25,1.1778
S93,26,0.65,0.25,1.1707
S93,27,0.75,0.25,1.0855
S93,28,0.85,0.25,1.1248
S93,29,0.95,0.25,1.034
S93,30,0.05,0.35,1.1047
S93,31,0.15,0.35,1.1606
S93,32,0.25,0.35,1.1177
S93,33,0.35,0.35,1.1037
S93,34,0.45,0.35,1.276
S93,35,0.55,0.35,1.1854
S93,36,0.65,0.35,1.1476
S93,37,0.75,0.35,1.2054
S93,38,0.85,0.35,1.0858
S93,39,0.95,0.35,1.121
S93,40,0.05,0.45,1.0567
S93,41,0.15,0.45,1.045
S93,42,0.25,0.45,1.1732
S93,43,0.35,0.45,1.1347
S93,44,0.45,0.45,1.3105
S93,45,0.55,0.45,1.4921
S93,46,0.65,0.45,1.3086
S93,47,0.75,0.45,1.1613
S93,48,0.85,0.45,1.0905
S93,49,0.95,0.45,1.1136
S93,50,0.05,0.55,1.1236
S93,51,0.15,0.55,1.0527
S93,52,0.25,0.55,1.1995
S93,53,0.35,0.55,1.2214
S93,54,0.45,0.55,1.4261
S93,55,0.55,0.55,1.4833
S93,56,0.65,0.55,1.2071
S93,57,0.75,0.55,1.1211
S93,58,0.85,0.55,1.1067
S93,59,0.95,0.55,1.0334
S93,60,0.05,0.65,1.1597
S93,61,0.15,0.65,1.1392
S93,62,0.25,0.65,1.1124
S93,63,0.35,0.65,1.1894
S93,64,0.45,0.65,1.2599
S93,65,0.55,0.65,1.3072
S93,66,0.65,0.65,1.1629
S93,67,0.75,0.65,1.1306
S93,68,0.85,0.65,1.1566
S93,69,0.95,0.65,1.0326
S93,70,0.05,0.75,1.1393
S93,71,0.15,0.75,1.0812
S93,72,0.25,0.75,1.0715
S93,73,0.35,0.75,1.1178
S93,74,0.45,0.75,1.1481
S93,75,0.55,0.75,1.1641
S93,76,0.65,0.75,1.1482
S93,77,0.75,0.75,1.0938
S93,78,0.85,0.75,1.0378
S93,79,0.95,0.75,1.1124
S93,80,0.05,0.85,1.085
S93,81,0.15,0.85,1.1355
S93,82,0.25,0.85,1.1272
S93,83,0.35,0.85,1.0342
S93,84,0.45,0.85,1.0619
S93,85,0.55,0.85,1.0529
S93,86,0.65,0.85,1.0956
S93,87,0.75,0.85,1.0883
S93,88,0.85,0.85,1.1371
S93,89,0.95,0.85,1.0668
S93,90,0.05,0.95,1.1392
S93,91,0.15,0.95,1.0186
S93,92,0.25,0.95,1.1375
S93,93,0.35,0.95,1.1202
S93,94,0.45,0.95,1.0779
S93,95,0.55,0.95,1.0998
S93,96,0.65,0.95,1.1177
S93,97,0.75,0.95,1.0336
S93,98,0.85,0.95,1.0688
S93,99,0.95,0.95,1.1033
S94,0,0.05,0.05,1.134
S94,1,0.15,0.05,1.0467
S94,2,0.25,0.05,1.103
S94,3,0.35,0.05,1.1455
S94,4,0.45,0.05,1.0426
S94,5,0.55,0.05,1.0177
S94,6,0.65,0.05,1.0237
S94,7,0.75,0.05,1.0936
S94,8,0.85,0.05,1.1167
S94,9,0.95,0.05,1.0867
S94,10,0.05,0.15,1.0054
S94,11,0.15,0.15,1.0972
S94,12,0.25,0.15,1.1005
S94,13,0.35,0.15,1.0375
S94,14,0.45,0.15,1.0611
S94,15,0.55,0.15,1.1126
S94,16,0.65,0.15,1.0692
S94,17,0.75,0.15,1.1257
S94,18,0.85,0.15,1.0132
S94,19,0.95,0.15,1.1461
S94,20,0.05,0.25,1.0506
S94,21,0.15,0.25,1.0403
S94,22,0.25,0.25,1.131
S94,23,0.35,0.25,1.0745
S94,24,0.45,0.25,1.1778
S94,25,0.55,0.25,1.141
S94,26,0.65,0.25,1.1312
S94,27,0.75,0.25,1.0948
S94,28,0.85,0.25,1.1609
S94,29,0.95,0.25,1.0188
S94,30,0.05,0.35,1.0824
S94,31,0.15,0.35,1.1368
S94,32,0.25,0.35,1.1878
S94,33,0.35,0.35,1.1076
S94,34,0.45,0.35,1.2061
S94,35,0.55,0.35,1.2178
S94,36,0.65,0.35,1.197
S94,37,0.75,0.35,1.1415
S94,38,0.85,0.35,1.1178
S94,39,0.95,0.35,1.0361
S94,40,0.05,0.45,1.1201
S94,41,0.15,0.45,1.0599
S94,42,0.25,0.45,1.1358
S94,43,0.35,0.45,1.1936
S94,44,0.45,0.45,1.3006
S94,45,0.55,0.45,1.3523
S94,46,0.65,0.45,1.225
S94,47,0.75,0.45,1.1489
S94,48,0.85,0.45,1.1344
S94,49,0.95,0.45,1.1122
S94,50,0.05,0.55,1.1308
S94,51,0.15,0.55,1.0506
S94,52,0.25,0.55,1.1984
S94,53,0.35,0.55,1.1914
S94,54,0.45,0.55,1.3803
S94,55,0.55,0.55,1.4841
S94,56,0.65,0.55,1.3274
S94,57,0.75,0.55,1.1537
S94,58,0.85,0.55,1.0504
S94,59,0.95,0.55,1.1664
S94,60,0.05,0.65,1.0449
S94,61,0.15,0.65,1.1288
S94,62,0.25,0.65,1.1644
S94,63,0.35,0.65,1.1864
S94,64,0.45,0.65,1.284
S94,65,0.55,0.65,1.2829
S94,66,0.65,0.65,1.2393
S94,67,0.75,0.65,1.1219
S94,68,0.85,0.65,1.1495
S94,69,0.95,0.65,1.1561
S94,70,0.05,0.75,1.0463
S94,71,0.15,0.75,1.1037
S94,72,0.25,0.75,1.0428
S94,73,0.35,0.75,1.109
S94,74,0.45,0.75,1.2091
S94,75,0.55,0.75,1.0835
S94,76,0.65,0.75,1.0994
S94,77,0.75,0.75,1.0716
S94,78,0.85,0.75,1.1501
S94,79,0.95,0.75,1.1206
S94,80,0.05,0.85,1.1163
S94,81,0.15,0.85,1.0122
S94,82,0.25,0.85,1.1096
S94,83,0.35,0.85,1.1416
S94,84,0.45,0.85,1.0467
S94,85,0.55,0.85,1.092
S94,86,0.65,0.85,1.1129
S94,87,0.75,0.85,1.0805
S94,88,0.85,0.85,1.1494
S94,89,0.95,0.85,1.1001
S94,90,0.05,0.95,1.1223
S94,91,0.15,0.95,1.119
S94,92,0.25,0.95,1.1337
S94,93,0.35,0.95,1.0587
S94,94,0.45,0.95,1.1264
S94,95,0.55,0.95,1.0987
S94,96,0.65,0.95,1.018
S94,97,0.75,0.95,1.0799
S94,98,0.85,0.95,1.09
S94,99,0.95,0.95,1.0811
S95,0,0.05,0.05,1.1001
S95,1,0.15,0.05,1.1106
S95,2,0.25,0.05,1.0413
S95,3,0.35,0.05,1.0883
S95,4,0.45,0.05,1.0403
S95,5,0.55,0.05,1.0795
S95,6,0.65,0.05,1.0163
S95,7,0.75,0.05,1.0531
S95,8,0.85,0.05,1.1518
S95,9,0.95,0.05,1.1238
S95,10,0.05,0.15,1.0852
S95,11,0.15,0.15,1.1142
S95,12,0.25,0.15,1.0463
S95,13,0.35,0.15,1.0889
S95,14,0.45,0.15,1.1706
S95,15,0.55,0.15,1.0638
S95,16,0.65,0.15,1.176
S95,17,0.75,0.15,1.0825
S95,18,0.85,0.15,1.0915
S95,19,0.95,0.15,1.1278
S95,20,0.05,0.25,1.1296
S95,21,0.15,0.25,1.0866
S95,22,0.25,0.25,1.0639
S95,23,0.35,0.25,1.1695
S95,24,0.45,0.25,1.1215
S95,25,0.55,0.25,1.1149
S95,26,0.65,0.25,1.0626
S95,27,0.75,0.25,1.1306
S95,28,0.85,0.25,1.0354
S95,29,0.95,0.25,1.1491
S95,30,0.05,0.35,1.1355
S95,31,0.15,0.35,1.0381
S95,32,0.25,0.35,1.1211
S95,33,0.35,0.35,1.2374
S95,34,0.45,0.35,1.2788
S95,35,0.55,0.35,1.2717
S95,36,0.65,0.35,1.1427
S95,37,0.75,0.35,1.1045
S95,38,0.85,0.35,1.1764
S95,39,0.95,0.35,1.0385
S95,40,0.05,0.45,1.128
S95,41,0.15,0.45,1.1773
S95,42,0.25,0.45,1.1785
S95,43,0.35,0.45,1.1815
S95,44,0.45,0.45,1.3632
S95,45,0.55,0.45,1.3801
S95,46,0.65,0.45,1.3123
S95,47,0.75,0.45,1.1928
S95,48,0.85,0.45,1.0739
S95,49,0.95,0.45,1.1181
S95,50,0.05,0.55,1.1519
S95,51,0.15,0.55,1.037
S95,52,0.25,0.55,1.1004
S95,53,0.35,0.55,1.2519
S95,54,0.45,0.55,1.3473
S95,55,0.55,0.55,1.3919
S95,56,0.65,0.55,1.269
S95,57,0.75,0.55,1.2328
S95,58,0.85,0.55,1.1329
S95,59,0.95,0.55,1.02
S95,60,0.05,0.65,1.1288
S95,61,0.15,0.65,1.0794
S95,62,0.25,0.65,1.1341
S95,63,0.35,0.65,1.1738
S95,64,0.45,0.65,1.1601
S95,65,0.55,0.65,1.2733
S95,66,0.65,0.65,1.174
S95,67,0.75,0.65,1.0774
S95,68,0.85,0.65,1.144
S95,69,0.95,0.65,1.1427
S95,70,0.05,0.75,1.1551
S95,71,0.15,0.75,1.0238
S95,72,0.25,0.75,1.0836
S95,73,0.35,0.75,1.186
S95,74,0.45,0.75,1.0723
S95,75,0.55,0.75,1.2191
S95,76,0.65,0.75,1.067
S95,77,0.75,0.75,1.0628
S95,78,0.85,0.75,1.0225
S95,79,0.95,0.75,1.046
S95,80,0.05,0.85,1.0415
S95,81,0.15,0.85,1.0897
S95,82,0.25,0.85,1.0253
S95,83,0.35,0.85,1.0886
S95,84,0.45,0.85,1.0636
S95,85,0.55,0.85,1.1391
S95,86,0.65,0.85,1.0678
S95,87,0.75,0.85,1.1592
S95,88,0.85,0.85,1.0201
S95,89,0.95,0.85,1.0249
S95,90,0.05,0.95,1.1082
S95,91,0.15,0.95,1.0781
S95,92,0.25,0.95,1.1188
S95,93,0.35,0.95,1.1412
S95,94,0.45,0.95,1.107
S95,95,0.55,0.95,1.1423
S95,96,0.65,0.95,1.031
S95,97,0.75,0.95,1.0205
S95,98,0.85,0.95,1.1514
S95,99,0.95,0.95,1.063
S96,0,0.05,0.05,1.1248
S96,1,0.15,0.05,1.1389
S96,2,0.25,0.05,1.1031
S96,3,0.35,0.05,1.1389
S96,4,0.45,0.05,1.1477
S96,5,0.55,0.05,1.0367
S96,6,0.65,0.05,1.0994
S96,7,0.75,0.05,1.0232
S96,8,0.85,0.05,1.0751
S96,9,0.95,0.05,1.1042
S96,10,0.05,0.15,1.1521
S96,11,0.15,0.15,1.0283
S96,12,0.25,0.15,1.0576
S96,13,0.35,0.15,1.0601
S96,14,0.45,0.15,1.1598
S96,15,0.55,0.15,1.1401
S96,16,0.65,0.15,1.1655
S96,17,0.75,0.15,1.1491
S96,18,0.85,0.15,1.0529
S96,19,0.95,0.15,1.0603
S96,20,0.05,0.25,1.0156
S96,21,0.15,0.25,1.138
S96,22,0.25,0.25,1.1266
S96,23,0.35,0.25,1.1077
S96,24,0.45,0.25,1.1669
S96,25,0.55,0.25,1.18
S96,26,0.65,0.25,1.1451
S96,27,0.75,0.25,1.1247
S96,28,0.85,0.25,1.0707
S96,29,0.95,0.25,1.0479
S96,30,0.05,0.35,1.1489
S96,31,0.15,0.35,1.1122
S96,32,0.25,0.35,1.1473
S96,33,0.35,0.35,1.1521
S96,34,0.45,0.35,1.2366
S96,35,0.55,0.35,1.3016
S96,36,0.65,0.35,1.2478
S96,37,0.75,0.35,1.1706
S96,38,0.85,0.35,1.0528
S96,39,0.95,0.35,1.069
S96,40,0.05,0.45,1.0475
S96,41,0.15,0.45,1.0425
S96,42,0.25,0.45,1.1219
S96,43,0.35,0.45,1.2212
S96,44,0.45,0.45,1.3452
S96,45,0.55,0.45,1.3775
S96,46,0.65,0.45,1.3178
S96,47,0.75,0.45,1.2242
S96,48,0.85,0.45,1.1288
S96,49,0.95,0.45,1.0986
S96,50,0.05,0.55,1.1332
S96,51,0.15,0.55,1.0951
S96,52,0.25,0.55,1.1858
S96,53,0.35,0.55,1.2223
S96,54,0.45,0.55,1.4053
S96,55,0.55,0.55,1.431
S96,56,0.65,0.55,1.3027
S96,57,0.75,0.55,1.1482
S96,58,0.85,0.55,1.1676
S96,59,0.95,0.55,1.1528
S96,60,0.05,0.65,1.0662
S96,61,0.15,0.65,1.0608
S96,62,0.25,0.65,1.1226
S96,63,0.35,0.65,1.2271
S96,64,0.45,0.65,1.1642
S96,65,0.55,0.65,1.2595
S96,66,0.65,0.65,1.1526
S96,67,0.75,0.65,1.0706
S96,68,0.85,0.65,1.0431
S96,69,0.95,0.65,1.1358
S96,70,0.05,0.75,1.1152
S96,71,0.15,0.75,1.0642
S96,72,0.25,0.75,1.1665
S96,73,0.35,0.75,1.114
S96,74,0.45,0.75,1.1673
S96,75,0.55,0.75,1.0896
S96,76,0.65,0.75,1.1912
S96,77,0.75,0.75,1.0946
S96,78,0.85,0.75,1.043
S96,79,0.95,0.75,1.1414
S96,80,0.05,0.85,1.1302
S96,81,0.15,0.85,1.0311
S96,82,0.25,0.85,1.0402
S96,83,0.35,0.85,1.1516
S96,84,0.45,0.85,1.087
S96,85,0.55,0.85,1.0773
S96,86,0.65,0.85,1.1522
S96,87,0.75,0.85,1.0895
S96,88,0.85,0.85,1.0158
S96,89,0.95,0.85,1.0959
S96,90,0.05,0.95,1.0357
S96,91,0.15,0.95,1.0722
S96,92,0.25,0.95,1.0876
S96,93,0.35,0.95,1.0633
S96,94,0.45,0.95,1.0664
S96,95,0.55,0.95,1.1513
S96,96,0.65,0.95,1.1198
S96,97,0.75,0.95,1.1038
S96,98,0.85,0.95,1.0516
S96,99,0.95,0.95,1.1435
S97,0,0.05,0.05,1.0628
S97,1,0.15,0.05,1.0241
S97,2,0.25,0.05,1.0785
S97,3,0.35,0.05,1.0508
S97,4,0.45,0.05,1.0644
S97,5,0.55,0.05,1.1635
S97,6,0.65,0.05,1.1547
S97,7,0.75,0.05,1.0587
S97,8,0.85,0.05,1.0638
S97,9,0.95,0.05,1.0524
S97,10,0.05,0.15,1.154
S97,11,0.15,0.15,1.1127
S97,12,0.25,0.15,1.1057
S97,13,0.35,0.15,1.1388
S97,14,0.45,0.15,1.1406
S97,15,0.55,0.15,1.0589
S97,16,0.65,0.15,1.1228
S97,17,0.75,0.15,1.1042
S97,18,0.85,0.15,1.0838
S97,19,0.95,0.15,1.0941
S97,20,0.05,0.25,1.1247
S97,21,0.15,0.25,1.1364
S97,22,0.25,0.25,1.1617
S97,23,0.35,0.25,1.0644
S97,24,0.45,0.25,1.1029
S97,25,0.55,0.25,1.1488
S97,26,0.65,0.25,1.161
S97,27,0.75,0.25,1.1158
S97,28,0.85,0.25,1.0519
S97,29,0.95,0.25,1.1219
S97,30,0.05,0.35,1.1017
S97,31,0.15,0.35,1.1547
S97,32,0.25,0.35,1.1506
S97,33,0.35,0.35,1.2039
S97,34,0.45,0.35,1.2401
S97,35,0.55,0.35,1.2106
S97,36,0.65,0.35,1.1245
S97,37,0.75,0.35,1.181
S97,38,0.85,0.35,1.0958
S97,39,0.95,0.35,1.0988
S97,40,0.05,0.45,1.0421
S97,41,0.15,0.45,1.1679
S97,42,0.25,0.45,1.1478
S97,43,0.35,0.45,1.2244
S97,44,0.45,0.45,1.376
S97,45,0.55,0.45,1.4803
S97,46,0.65,0.45,1.326
S97,47,0.75,0.45,1.1184
S97,48,0.85,0.45,1.1878
S97,49,0.95,0.45,1.1545
S97,50,0.05,0.55,1.0769
S97,51,0.15,0.55,1.0597
S97,52,0.25,0.55,1.1931
S97,53,0.35,0.55,1.2768
S97,54,0.45,0.55,1.3735
S97,55,0.55,0.55,1.3567
S97,56,0.65,0.55,1.2281
S97,57,0.75,0.55,1.2013
S97,58,0.85,0.55,1.0836
S97,59,0.95,0.55,1.0424
S97,60,0.05,0.65,1.0819
S97,61,0.15,0.65,1.1197
S97,62,0.25,0.65,1.1317
S97,63,0.35,0.65,1.0917
S97,64,0.45,0.65,1.2957
S97,65,0.55,0.65,1.1818
S97,66,0.65,0.65,1.2097
S97,67,0.75,0.65,1.0977
S97,68,0.85,0.65,1.0679
S97,69,0.95,0.65,1.1306
S97,70,0.05,0.75,1.1553
S97,71,0.15,0.75,1.1116
S97,72,0.25,0.75,1.0934
S97,73,0.35,0.75,1.1202
S97,74,0.45,0.75,1.1035
S97,75,0.55,0.75,1.2225
S97,76,0.65,0.75,1.1911
S97,77,0.75,0.75,1.0652
S97,78,0.85,0.75,1.0738
S97,79,0.95,0.75,1.1404
S97,80,0.05,0.85,1.0171
S97,81,0.15,0.85,1.1465
S97,82,0.25,0.85,1.0905
S97,83,0.35,0.85,1.0552
S97,84,0.45,0.85,1.0813
S97,85,0.55,0.85,1.1018
S97,86,0.65,0.85,1.1518
S97,87,0.75,0.85,1.122
S97,88,0.85,0.85,1.0727
S97,89,0.95,0.85,1.0677
S97,90,0.05,0.95,1.0378
S97,91,0.15,0.95,1.0183
S97,92,0.25,0.95,1.0444
S97,93,0.35,0.95,1.0762
S97,94,0.45,0.95,1.103
S97,95,0.55,0.95,1.1126
S97,96,0.65,0.95,1.0504
S97,97,0.75,0.95,1.0314
S97,98,0.85,0.95,1.1473
S97,99,0.95,0.95,1.0327
S98,0,0.05,0.05,1.0422
S98,1,0.15,0.05,1.114
S98,2,0.25,0.05,1.0347
S98,3,0.35,0.05,1.1216
S98,4,0.45,0.05,1.1569
S98,5,0.55,0.05,1.099
S98,6,0.65,0.05,1.0343
S98,7,0.75,0.05,1.0825
S98,8,0.85,0.05,1.0512
S98,9,0.95,0.05,1.0332
S98,10,0.05,0.15,1.0913
S98,11,0.15,0.15,1.0416
S98,12,0.25,0.15,1.1023
S98,13,0.35,0.15,1.0614
S98,14,0.45,0.15,1.1544
S98,15,0.55,0.15,1.1165
S98,16,0.65,0.15,1.0512
S98,17,0.75,0.15,1.0266
S98,18,0.85,0.15,1.0258
S98,19,0.95,0.15,1.0109
S98,20,0.05,0.25,1.0917
S98,21,0.15,0.25,1.1458
S98,22,0.25,0.25,1.0746
S98,23,0.35,0.25,1.0615
S98,24,0.45,0.25,1.1631
S98,25,0.55,0.25,1.1389
S98,26,0.65,0.25,1.084
S98,27,0.75,0.25,1.145
S98,28,0.85,0.25,1.1093
S98,29,0.95,0.25,1.057
S98,30,0.05,0.35,1.0908
S98,31,0.15,0.35,1.1583
S98,32,0.25,0.35,1.05
S98,33,0.35,0.35,1.1308
S98,34,0.45,0.35,1.2285
S98,35,0.55,0.35,1.2056
S98,36,0.65,0.35,1.2472
S98,37,0.75,0.35,1.1872
S98,38,0.85,0.35,1.147
S98,39,0.95,0.35,1.126
S98,40,0.05,0.45,1.1554
S98,41,0.15,0.45,1.0746
S98,42,0.25,0.45,1.1708
S98,43,0.35,0.45,1.2238
S98,44,0.45,0.45,1.3213
S98,45,0.55,0.45,1.4404
S98,46,0.65,0.45,1.2265
S98,47,0.75,0.45,1.1409
S98,48,0.85,0.45,1.0829
S98,49,0.95,0.45,1.1114
S98,50,0.05,0.55,1.0414
S98,51,0.15,0.55,1.1468
S98,52,0.25,0.55,1.1722
S98,53,0.35,0.55,1.241
S98,54,0.45,0.55,1.374
S98,55,0.55,0.55,1.3905
S98,56,0.65,0.55,1.2303
S98,57,0.75,0.55,1.1992
S98,58,0.85,0.55,1.0496
S98,59,0.95,0.55,1.1544
S98,60,0.05,0.65,1.032
S98,61,0.15,0.65,1.0717
S98,62,0.25,0.65,1.1686
S98,63,0.35,0.65,1.2055
S98,64,0.45,0.65,1.223
S98,65,0.55,0.65,1.19
S98,66,0.65,0.65,1.2567
S98,67,0.75,0.65,1.0698
S98,68,0.85,0.65,1.079
S98,69,0.95,0.65,1.0789
S98,70,0.05,0.75,1.0129
S98,71,0.15,0.75,1.0253
S98,72,0.25,0.75,1.0592
S98,73,0.35,0.75,1.1347
S98,74,0.45,0.75,1.1079
S98,75,0.55,0.75,1.0811
S98,76,0.65,0.75,1.0716
S98,77,0.75,0.75,1.0524
S98,78,0.85,0.75,1.0465
S98,79,0.95,0.75,1.0674
S98,80,0.05,0.85,1.1116
S98,81,0.15,0.85,1.1386
S98,82,0.25,0.85,1.0251
S98,83,0.35,0.85,1.0754
S98,84,0.45,0.85,1.1041
S98,85,0.55,0.85,1.0794
S98,86,0.65,0.85,1.147
S98,87,0.75,0.85,1.028
S98,88,0.85,0.85,1.0454
S98,89,0.95,0.85,1.0342
S98,90,0.05,0.95,1.0282
S98,91,0.15,0.95,1.0657
S98,92,0.25,0.95,1.0658
S98,93,0.35,0.95,1.1511
S98,94,0.45,0.95,1.0256
S98,95,0.55,0.95,1.0575
S98,96,0.65,0.95,1.1477
S98,97,0.75,0.95,1.1241
S98,98,0.85,0.95,1.0311
S98,99,0.95,0.95,1.0156
S99,0,0.05,0.05,1.1318
S99,1,0.15,0.05,1.1043
S99,2,0.25,0.05,1.0124
S99,3,0.35,0.05,1.1061
S99,4,0.45,0.05,1.0205
S99,5,0.55,0.05,1.0776
S99,6,0.65,0.05,1.1493
S99,7,0.75,0.05,1.1015
S99,8,0.85,0.05,1.0075
S99,9,0.95,0.05,1.1124
S99,10,0.05,0.15,1.0509
S99,11,0.15,0.15,1.1143
S99,12,0.25,0.15,1.1519
S99,13,0.35,0.15,1.0273
S99,14,0.45,0.15,1.1054
S99,15,0.55,0.15,1.1255
S99,16,0.65,0.15,1.1575
S99,17,0.75,0.15,1.0234
S99,18,0.85,0.15,1.0547
S99,19,0.95,0.15,1.1265
S99,20,0.05,0.25,1.1114
S99,21,0.15,0.25,1.1395
S99,22,0.25,0.25,1.107
S99,23,0.35,0.25,1.0817
S99,24,0.45,0.25,1.0725
S99,25,0.55,0.25,1.185
S99,26,0.65,0.25,1.1483
S99,27,0.75,0.25,1.1482
S99,28,0.85,0.25,1.0646
S99,29,0.95,0.25,1.1459
S99,30,0.05,0.35,1.16
S99,31,0.15,0.35,1.0421
S99,32,0.25,0.35,1.1409
S99,33,0.35,0.35,1.1891
S99,34,0.45,0.35,1.2063
S99,35,0.55,0.35,1.3059
S99,36,0.65,0.35,1.2311
S99,37,0.75,0.35,1.1541
S99,38,0.85,0.35,1.1448
S99,39,0.95,0.35,1.0761
S99,40,0.05,0.45,1.146
S99,41,0.15,0.45,1.1335
S99,42,0.25,0.45,1.0669
S99,43,0.35,0.45,1.202
S99,44,0.45,0.45,1.2953
S99,45,0.55,0.45,1.4216
S99,46,0.65,0.45,1.212
S99,47,0.75,0.45,1.1327
S99,48,0.85,0.45,1.0566
S99,49,0.95,0.45,1.0321
S99,50,0.05,0.55,1.1302
S99,51,0.15,0.55,1.1311
S99,52,0.25,0.55,1.1284
S99,53,0.35,0.55,1.2653
S99,54,0.45,0.55,1.4263
S99,55,0.55,0.55,1.3944
S99,56,0.65,0.55,1.1993
S99,57,0.75,0.55,1.0937
S99,58,0.85,0.55,1.1871
S99,59,0.95,0.55,1.1151
S99,60,0.05,0.65,1.1496
S99,61,0.15,0.65,1.0367
S99,62,0.25,0.65,1.1778
S99,63,0.35,0.65,1.1491
S99,64,0.45,0.65,1.2351
S99,65,0.55,0.65,1.2362
S99,66,0.65,0.65,1.2151
S99,67,0.75,0.65,1.1946
S99,68,0.85,0.65,1.122
S99,69,0.95,0.65,1.1319
S99,70,0.05,0.75,1.0752
S99,71,0.15,0.75,1.1432
S99,72,0.25,0.75,1.045
S99,73,0.35,0.75,1.1736
S99,74,0.45,0.75,1.1209
S99,75,0.55,0.75,1.2187
S99,76,0.65,0.75,1.0668
S99,77,0.75,0.75,1.0926
S99,78,0.85,0.75,1.1249
S99,79,0.95,0.75,1.0671
S99,80,0.05,0.85,1.0927
S99,81,0.15,0.85,1.1504
S99,82,0.25,0.85,1.1355
S99,83,0.35,0.85,1.0517
S99,84,0.45,0.85,1.1019
S99,85,0.55,0.85,1.1496
S99,86,0.65,0.85,1.1654
S99,87,0.75,0.85,1.1179
S99,88,0.85,0.85,1.133
S99,89,0.95,0.85,1.1304
S99,90,0.05,0.95,1.1344
S99,91,0.15,0.95,1.0395
S99,92,0.25,0.95,1.0656
S99,93,0.35,0.95,1.1396
S99,94,0.45,0.95,1.0539
S99,95,0.55,0.95,1.0214
S99,96,0.65,0.95,1.1242
S99,97,0.75,0.95,1.0289
S99,98,0.85,0.95,1.0158
S99,99,0.95,0.95,1.0054
S100,0,0.05,0.05,1.0339
S100,1,0.15,0.05,1.0476
S100,2,0.25,0.05,1.0599
S100,3,0.35,0.05,1.0272
S100,4,0.45,0.05,1.106
S100,5,0.55,0.05,1.1476
S100,6,0.65,0.05,1.1383
S100,7,0.75,0.05,1.0282
S100,8,0.85,0.05,1.0267
S100,9,0.95,0.05,1.0634
S100,10,0.05,0.15,1.1288
S100,11,0.15,0.15,1.0436
S100,12,0.25,0.15,1.0471
S100,13,0.35,0.15,1.0826
S100,14,0.45,0.15,1.1041
S100,15,0.55,0.15,1.0892
S100,16,0.65,0.15,1.0855
S100,17,0.75,0.15,1.0292
S100,18,0.85,0.15,1.0604
S100,19,0.95,0.15,1.0499
S100,20,0.05,0.25,1.056
S100,21,0.15,0.25,1.163
S100,22,0.25,0.25,1.1544
S100,23,0.35,0.25,1.1331
S100,24,0.45,0.25,1.1604
S100,25,0.55,0.25,1.1068
S100,26,0.65,0.25,1.192
S100,27,0.75,0.25,1.1375
S100,28,0.85,0.25,1.0529
S100,29,0.95,0.25,1.0954
S100,30,0.05,0.35,1.0382
S100,31,0.15,0.35,1.1583
S100,32,0.25,0.35,1.078
S100,33,0.35,0.35,1.0939
S100,34,0.45,0.35,1.1532
S100,35,0.55,0.35,1.2817
S100,36,0.65,0.35,1.2038
S100,37,0.75,0.35,1.1576
S100,38,0.85,0.35,1.1181
S100,39,0.95,0.35,1.1494
S100,40,0.05,0.45,1.0969
S100,41,0.15,0.45,1.0705
S100,42,0.25,0.45,1.1414
S100,43,0.35,0.45,1.1605
S100,44,0.45,0.45,1.2893
S100,45,0.55,0.45,1.4827
S100,46,0.65,0.45,1.2686
S100,47,0.75,0.45,1.2262
S100,48,0.85,0.45,1.1311
S100,49,0.95,0.45,1.082
S100,50,0.05,0.55,1.0985
S100,51,0.15,0.55,1.0648
S100,52,0.25,0.55,1.1843
S100,53,0.35,0.55,1.279
S100,54,0.45,0.55,1.2924
S100,55,0.55,0.55,1.4471
S100,56,0.65,0.55,1.2903
S100,57,0.75,0.55,1.1327
S100,58,0.85,0.55,1.1016
S100,59,0.95,0.55,1.0692
S100,60,0.05,0.65,1.0959
S100,61,0.15,0.65,1.0233
S100,62,0.25,0.65,1.1212
S100,63,0.35,0.65,1.1899
S100,64,0.45,0.65,1.2233
S100,65,0.55,0.65,1.2424
S100,66,0.65,0.65,1.1294
S100,67,0.75,0.65,1.0866
S100,68,0.85,0.65,1.0606
S100,69,0.95,0.65,1.1035
S100,70,0.05,0.75,1.0483
S100,71,0.15,0.75,1.0404
S100,72,0.25,0.75,1.1702
S100,73,0.35,0.75,1.138
S100,74,0.45,0.75,1.0728
S100,75,0.55,0.75,1.1994
S100,76,0.65,0.75,1.1515
S100,77,0.75,0.75,1.0734
S100,78,0.85,0.75,1.0725
S100,79,0.95,0.75,1.0602
S100,80,0.05,0.85,1.1407
S100,81,0.15,0.85,1.0255
S100,82,0.25,0.85,1.156
S100,83,0.35,0.85,1.1559
S100,84,0.45,0.85,1.1538
S100,85,0.55,0.85,1.0921
S100,86,0.65,0.85,1.0826
S100,87,0.75,0.85,1.159
S100,88,0.85,0.85,1.0759
S100,89,0.95,0.85,1.1559
S100,90,0.05,0.95,1.141
S100,91,0.15,0.95,1.0768
S100,92,0.25,0.95,1.074
S100,93,0.35,0.95,1.0859
S100,94,0.45,0.95,1.1626
S100,95,0.55,0.95,1.0334
S100,96,0.65,0.95,1.0504
S100,97,0.75,0.95,1.036
S100,98,0.85,0.95,1.0757
S100,99,0.95,0.95,1.005
