episode,method,label,task_completion_rate,task_completion_time_ratio,energy_consumption_index
1,paper1_deep_hgrl_ugv_assisted,HGRL-UGV,0.186392,0.900621,0.852517
100,paper1_deep_hgrl_ugv_assisted,HGRL-UGV,0.183335,0.895945,0.849527
200,paper1_deep_hgrl_ugv_assisted,HGRL-UGV,0.187384,0.896365,0.850612
300,paper1_deep_hgrl_ugv_assisted,HGRL-UGV,0.206268,0.889106,0.845327
400,paper1_deep_hgrl_ugv_assisted,HGRL-UGV,0.208521,0.890863,0.847346
500,paper1_deep_hgrl_ugv_assisted,HGRL-UGV,0.215643,0.888274,0.845752
600,paper1_deep_hgrl_ugv_assisted,HGRL-UGV,0.222392,0.886129,0.844480
700,paper1_deep_hgrl_ugv_assisted,HGRL-UGV,0.227529,0.884804,0.843852
800,paper1_deep_hgrl_ugv_assisted,HGRL-UGV,0.227755,0.885693,0.845024
900,paper1_deep_hgrl_ugv_assisted,HGRL-UGV,0.239972,0.879983,0.840801
1000,paper1_deep_hgrl_ugv_assisted,HGRL-UGV,0.254285,0.873166,0.835691
1100,paper1_deep_hgrl_ugv_assisted,HGRL-UGV,0.258763,0.871838,0.835103
1200,paper1_deep_hgrl_ugv_assisted,HGRL-UGV,0.264693,0.868901,0.833244
1300,paper1_deep_hgrl_ugv_assisted,HGRL-UGV,0.271671,0.865679,0.831207
1400,paper1_deep_hgrl_ugv_assisted,HGRL-UGV,0.272367,0.865718,0.831906
1500,paper1_deep_hgrl_ugv_assisted,HGRL-UGV,0.278893,0.862387,0.829924
1600,paper1_deep_hgrl_ugv_assisted,HGRL-UGV,0.284822,0.859180,0.828128
1700,paper1_deep_hgrl_ugv_assisted,HGRL-UGV,0.290032,0.856425,0.826794
1800,paper1_deep_hgrl_ugv_assisted,HGRL-UGV,0.297731,0.851822,0.824046
1900,paper1_deep_hgrl_ugv_assisted,HGRL-UGV,0.298477,0.851272,0.824715
2000,paper1_deep_hgrl_ugv_assisted,HGRL-UGV,0.308273,0.845344,0.821090
2100,paper1_deep_hgrl_ugv_assisted,HGRL-UGV,0.309704,0.843982,0.821306
2200,paper1_deep_hgrl_ugv_assisted,HGRL-UGV,0.314663,0.840502,0.819895
2300,paper1_deep_hgrl_ugv_assisted,HGRL-UGV,0.319313,0.837184,0.818721
2400,paper1_deep_hgrl_ugv_assisted,HGRL-UGV,0.325550,0.832830,0.816801
2500,paper1_deep_hgrl_ugv_assisted,HGRL-UGV,0.329231,0.829898,0.816144
2600,paper1_deep_hgrl_ugv_assisted,HGRL-UGV,0.335106,0.825829,0.814649
2700,paper1_deep_hgrl_ugv_assisted,HGRL-UGV,0.337349,0.823428,0.814606
2800,paper1_deep_hgrl_ugv_assisted,HGRL-UGV,0.342273,0.819687,0.813547
2900,paper1_deep_hgrl_ugv_assisted,HGRL-UGV,0.341039,0.819292,0.815297
3000,paper1_deep_hgrl_ugv_assisted,HGRL-UGV,0.351150,0.812686,0.812029
3100,paper1_deep_hgrl_ugv_assisted,HGRL-UGV,0.354390,0.809927,0.811963
3200,paper1_deep_hgrl_ugv_assisted,HGRL-UGV,0.347519,0.812624,0.816406
3300,paper1_deep_hgrl_ugv_assisted,HGRL-UGV,0.351237,0.809717,0.816298
3400,paper1_deep_hgrl_ugv_assisted,HGRL-UGV,0.363702,0.802040,0.812312
3500,paper1_deep_hgrl_ugv_assisted,HGRL-UGV,0.367086,0.799314,0.812390
3600,paper1_deep_hgrl_ugv_assisted,HGRL-UGV,0.363638,0.800549,0.815714
3700,paper1_deep_hgrl_ugv_assisted,HGRL-UGV,0.366695,0.798362,0.816232
3800,paper1_deep_hgrl_ugv_assisted,HGRL-UGV,0.365377,0.798590,0.818710
3900,paper1_deep_hgrl_ugv_assisted,HGRL-UGV,0.371020,0.795171,0.818179
4000,paper1_deep_hgrl_ugv_assisted,HGRL-UGV,0.376131,0.792215,0.817993
4100,paper1_deep_hgrl_ugv_assisted,HGRL-UGV,0.379522,0.790326,0.818638
4200,paper1_deep_hgrl_ugv_assisted,HGRL-UGV,0.381643,0.789211,0.819868
4300,paper1_deep_hgrl_ugv_assisted,HGRL-UGV,0.375786,0.792785,0.824877
4400,paper1_deep_hgrl_ugv_assisted,HGRL-UGV,0.387816,0.786491,0.821753
4500,paper1_deep_hgrl_ugv_assisted,HGRL-UGV,0.383059,0.789634,0.826283
4600,paper1_deep_hgrl_ugv_assisted,HGRL-UGV,0.382813,0.790449,0.828838
4700,paper1_deep_hgrl_ugv_assisted,HGRL-UGV,0.389876,0.787389,0.828149
4800,paper1_deep_hgrl_ugv_assisted,HGRL-UGV,0.393857,0.786145,0.828872
4900,paper1_deep_hgrl_ugv_assisted,HGRL-UGV,0.388596,0.790091,0.833765
5000,paper1_deep_hgrl_ugv_assisted,HGRL-UGV,0.388387,0.791404,0.836427
5100,paper1_deep_hgrl_ugv_assisted,HGRL-UGV,0.401398,0.785439,0.833059
5200,paper1_deep_hgrl_ugv_assisted,HGRL-UGV,0.396046,0.789775,0.838046
5300,paper1_deep_hgrl_ugv_assisted,HGRL-UGV,0.402650,0.787481,0.837538
5400,paper1_deep_hgrl_ugv_assisted,HGRL-UGV,0.399874,0.790888,0.841625
5500,paper1_deep_hgrl_ugv_assisted,HGRL-UGV,0.406841,0.788184,0.840649
5600,paper1_deep_hgrl_ugv_assisted,HGRL-UGV,0.401189,0.792958,0.845731
5700,paper1_deep_hgrl_ugv_assisted,HGRL-UGV,0.404281,0.792680,0.846626
5800,paper1_deep_hgrl_ugv_assisted,HGRL-UGV,0.409289,0.791495,0.846729
5900,paper1_deep_hgrl_ugv_assisted,HGRL-UGV,0.413295,0.790790,0.847182
6000,paper1_deep_hgrl_ugv_assisted,HGRL-UGV,0.409241,0.794533,0.851235
6100,paper1_deep_hgrl_ugv_assisted,HGRL-UGV,0.415466,0.792541,0.850564
6200,paper1_deep_hgrl_ugv_assisted,HGRL-UGV,0.415189,0.793970,0.852666
6300,paper1_deep_hgrl_ugv_assisted,HGRL-UGV,0.424895,0.789995,0.850327
6400,paper1_deep_hgrl_ugv_assisted,HGRL-UGV,0.418590,0.794532,0.854937
6500,paper1_deep_hgrl_ugv_assisted,HGRL-UGV,0.425519,0.791745,0.853546
6600,paper1_deep_hgrl_ugv_assisted,HGRL-UGV,0.427995,0.791312,0.854076
6700,paper1_deep_hgrl_ugv_assisted,HGRL-UGV,0.432212,0.789796,0.853720
6800,paper1_deep_hgrl_ugv_assisted,HGRL-UGV,0.440868,0.785720,0.851274
6900,paper1_deep_hgrl_ugv_assisted,HGRL-UGV,0.438945,0.787244,0.853417
7000,paper1_deep_hgrl_ugv_assisted,HGRL-UGV,0.442691,0.785557,0.852944
7100,paper1_deep_hgrl_ugv_assisted,HGRL-UGV,0.440972,0.786744,0.854834
7200,paper1_deep_hgrl_ugv_assisted,HGRL-UGV,0.451740,0.780852,0.850946
7300,paper1_deep_hgrl_ugv_assisted,HGRL-UGV,0.453673,0.779724,0.850972
7400,paper1_deep_hgrl_ugv_assisted,HGRL-UGV,0.454443,0.779094,0.851419
7500,paper1_deep_hgrl_ugv_assisted,HGRL-UGV,0.453838,0.779051,0.852361
7600,paper1_deep_hgrl_ugv_assisted,HGRL-UGV,0.459067,0.775659,0.850577
7700,paper1_deep_hgrl_ugv_assisted,HGRL-UGV,0.469153,0.769436,0.846487
7800,paper1_deep_hgrl_ugv_assisted,HGRL-UGV,0.470908,0.767747,0.846116
7900,paper1_deep_hgrl_ugv_assisted,HGRL-UGV,0.475486,0.764359,0.844361
8000,paper1_deep_hgrl_ugv_assisted,HGRL-UGV,0.478921,0.761792,0.843280
8100,paper1_deep_hgrl_ugv_assisted,HGRL-UGV,0.481307,0.759234,0.842205
8200,paper1_deep_hgrl_ugv_assisted,HGRL-UGV,0.490378,0.753265,0.838334
8300,paper1_deep_hgrl_ugv_assisted,HGRL-UGV,0.491160,0.751604,0.837978
8400,paper1_deep_hgrl_ugv_assisted,HGRL-UGV,0.493455,0.749207,0.837006
8500,paper1_deep_hgrl_ugv_assisted,HGRL-UGV,0.501025,0.743966,0.833688
8600,paper1_deep_hgrl_ugv_assisted,HGRL-UGV,0.504755,0.740692,0.831957
8700,paper1_deep_hgrl_ugv_assisted,HGRL-UGV,0.511217,0.735987,0.829027
8800,paper1_deep_hgrl_ugv_assisted,HGRL-UGV,0.509067,0.736131,0.830032
8900,paper1_deep_hgrl_ugv_assisted,HGRL-UGV,0.515368,0.731524,0.827115
9000,paper1_deep_hgrl_ugv_assisted,HGRL-UGV,0.517660,0.729263,0.826079
9100,paper1_deep_hgrl_ugv_assisted,HGRL-UGV,0.524409,0.724654,0.823079
9200,paper1_deep_hgrl_ugv_assisted,HGRL-UGV,0.530621,0.720395,0.820322
9300,paper1_deep_hgrl_ugv_assisted,HGRL-UGV,0.531066,0.719441,0.820222
9400,paper1_deep_hgrl_ugv_assisted,HGRL-UGV,0.538371,0.714814,0.817071
9500,paper1_deep_hgrl_ugv_assisted,HGRL-UGV,0.538423,0.714292,0.817230
9600,paper1_deep_hgrl_ugv_assisted,HGRL-UGV,0.543344,0.711310,0.815330
9700,paper1_deep_hgrl_ugv_assisted,HGRL-UGV,0.549949,0.707405,0.812627
9800,paper1_deep_hgrl_ugv_assisted,HGRL-UGV,0.548166,0.708297,0.813806
9900,paper1_deep_hgrl_ugv_assisted,HGRL-UGV,0.554220,0.705058,0.811563
10000,paper1_deep_hgrl_ugv_assisted,HGRL-UGV,0.564862,0.699436,0.807332
10100,paper1_deep_hgrl_ugv_assisted,HGRL-UGV,0.565284,0.699593,0.807796
10200,paper1_deep_hgrl_ugv_assisted,HGRL-UGV,0.567596,0.698812,0.807463
10300,paper1_deep_hgrl_ugv_assisted,HGRL-UGV,0.569657,0.698308,0.807333
10400,paper1_deep_hgrl_ugv_assisted,HGRL-UGV,0.574221,0.696552,0.806162
10500,paper1_deep_hgrl_ugv_assisted,HGRL-UGV,0.577828,0.695699,0.805719
10600,paper1_deep_hgrl_ugv_assisted,HGRL-UGV,0.584945,0.692608,0.803442
10700,paper1_deep_hgrl_ugv_assisted,HGRL-UGV,0.586890,0.692802,0.803856
10800,paper1_deep_hgrl_ugv_assisted,HGRL-UGV,0.588771,0.692820,0.804139
10900,paper1_deep_hgrl_ugv_assisted,HGRL-UGV,0.588239,0.694447,0.805757
11000,paper1_deep_hgrl_ugv_assisted,HGRL-UGV,0.589258,0.695287,0.806759
11100,paper1_deep_hgrl_ugv_assisted,HGRL-UGV,0.591525,0.695426,0.807224
11200,paper1_deep_hgrl_ugv_assisted,HGRL-UGV,0.591907,0.696691,0.808653
11300,paper1_deep_hgrl_ugv_assisted,HGRL-UGV,0.594395,0.696756,0.809151
11400,paper1_deep_hgrl_ugv_assisted,HGRL-UGV,0.596620,0.696994,0.809849
11500,paper1_deep_hgrl_ugv_assisted,HGRL-UGV,0.607544,0.692448,0.806696
11600,paper1_deep_hgrl_ugv_assisted,HGRL-UGV,0.605642,0.694866,0.809312
11700,paper1_deep_hgrl_ugv_assisted,HGRL-UGV,0.612818,0.692325,0.807945
11800,paper1_deep_hgrl_ugv_assisted,HGRL-UGV,0.607508,0.696502,0.812154
11900,paper1_deep_hgrl_ugv_assisted,HGRL-UGV,0.613292,0.694681,0.811538
12000,paper1_deep_hgrl_ugv_assisted,HGRL-UGV,0.608297,0.698428,0.815564
12100,paper1_deep_hgrl_ugv_assisted,HGRL-UGV,0.612081,0.697388,0.815759
12200,paper1_deep_hgrl_ugv_assisted,HGRL-UGV,0.604249,0.702589,0.821147
12300,paper1_deep_hgrl_ugv_assisted,HGRL-UGV,0.615789,0.697045,0.817829
12400,paper1_deep_hgrl_ugv_assisted,HGRL-UGV,0.615459,0.697886,0.819820
12500,paper1_deep_hgrl_ugv_assisted,HGRL-UGV,0.614003,0.699207,0.822283
12600,paper1_deep_hgrl_ugv_assisted,HGRL-UGV,0.617860,0.697547,0.822383
12700,paper1_deep_hgrl_ugv_assisted,HGRL-UGV,0.617504,0.697861,0.824169
12800,paper1_deep_hgrl_ugv_assisted,HGRL-UGV,0.615650,0.698965,0.826664
12900,paper1_deep_hgrl_ugv_assisted,HGRL-UGV,0.621515,0.695684,0.825628
13000,paper1_deep_hgrl_ugv_assisted,HGRL-UGV,0.612872,0.700200,0.831018
13100,paper1_deep_hgrl_ugv_assisted,HGRL-UGV,0.617168,0.697484,0.830527
13200,paper1_deep_hgrl_ugv_assisted,HGRL-UGV,0.617159,0.696983,0.831876
13300,paper1_deep_hgrl_ugv_assisted,HGRL-UGV,0.620860,0.694326,0.831476
13400,paper1_deep_hgrl_ugv_assisted,HGRL-UGV,0.610440,0.699312,0.837333
13500,paper1_deep_hgrl_ugv_assisted,HGRL-UGV,0.619409,0.693545,0.834383
13600,paper1_deep_hgrl_ugv_assisted,HGRL-UGV,0.609139,0.698205,0.839943
13700,paper1_deep_hgrl_ugv_assisted,HGRL-UGV,0.619806,0.691335,0.836035
13800,paper1_deep_hgrl_ugv_assisted,HGRL-UGV,0.614862,0.692917,0.838996
13900,paper1_deep_hgrl_ugv_assisted,HGRL-UGV,0.616156,0.691003,0.839035
14000,paper1_deep_hgrl_ugv_assisted,HGRL-UGV,0.616843,0.689474,0.839318
14100,paper1_deep_hgrl_ugv_assisted,HGRL-UGV,0.618234,0.687446,0.839107
14200,paper1_deep_hgrl_ugv_assisted,HGRL-UGV,0.621499,0.684692,0.838206
14300,paper1_deep_hgrl_ugv_assisted,HGRL-UGV,0.610635,0.689155,0.843103
14400,paper1_deep_hgrl_ugv_assisted,HGRL-UGV,0.621195,0.682168,0.838516
14500,paper1_deep_hgrl_ugv_assisted,HGRL-UGV,0.616125,0.683795,0.840850
14600,paper1_deep_hgrl_ugv_assisted,HGRL-UGV,0.617864,0.681781,0.840073
14700,paper1_deep_hgrl_ugv_assisted,HGRL-UGV,0.615146,0.682297,0.841225
14800,paper1_deep_hgrl_ugv_assisted,HGRL-UGV,0.615275,0.681170,0.840888
14900,paper1_deep_hgrl_ugv_assisted,HGRL-UGV,0.618557,0.678566,0.839194
15000,paper1_deep_hgrl_ugv_assisted,HGRL-UGV,0.619536,0.677266,0.838417
15100,paper1_deep_hgrl_ugv_assisted,HGRL-UGV,0.619870,0.676869,0.838226
15200,paper1_deep_hgrl_ugv_assisted,HGRL-UGV,0.612359,0.680124,0.840874
15300,paper1_deep_hgrl_ugv_assisted,HGRL-UGV,0.613717,0.679031,0.839816
15400,paper1_deep_hgrl_ugv_assisted,HGRL-UGV,0.621872,0.674342,0.835672
15500,paper1_deep_hgrl_ugv_assisted,HGRL-UGV,0.622963,0.673749,0.834744
15600,paper1_deep_hgrl_ugv_assisted,HGRL-UGV,0.620691,0.675085,0.835262
15700,paper1_deep_hgrl_ugv_assisted,HGRL-UGV,0.622942,0.674076,0.833741
15800,paper1_deep_hgrl_ugv_assisted,HGRL-UGV,0.624021,0.673866,0.832764
15900,paper1_deep_hgrl_ugv_assisted,HGRL-UGV,0.621971,0.675523,0.833215
16000,paper1_deep_hgrl_ugv_assisted,HGRL-UGV,0.627079,0.673346,0.830444
16100,paper1_deep_hgrl_ugv_assisted,HGRL-UGV,0.629588,0.672759,0.828903
16200,paper1_deep_hgrl_ugv_assisted,HGRL-UGV,0.626411,0.675407,0.829952
16300,paper1_deep_hgrl_ugv_assisted,HGRL-UGV,0.630408,0.674280,0.827873
16400,paper1_deep_hgrl_ugv_assisted,HGRL-UGV,0.632723,0.674100,0.826545
16500,paper1_deep_hgrl_ugv_assisted,HGRL-UGV,0.640158,0.671198,0.822983
16600,paper1_deep_hgrl_ugv_assisted,HGRL-UGV,0.631732,0.677119,0.826653
16700,paper1_deep_hgrl_ugv_assisted,HGRL-UGV,0.642011,0.672775,0.821952
16800,paper1_deep_hgrl_ugv_assisted,HGRL-UGV,0.639944,0.675313,0.822929
16900,paper1_deep_hgrl_ugv_assisted,HGRL-UGV,0.640295,0.676505,0.822869
17000,paper1_deep_hgrl_ugv_assisted,HGRL-UGV,0.651571,0.671718,0.817997
17100,paper1_deep_hgrl_ugv_assisted,HGRL-UGV,0.649898,0.674057,0.819052
17200,paper1_deep_hgrl_ugv_assisted,HGRL-UGV,0.656106,0.672012,0.816632
17300,paper1_deep_hgrl_ugv_assisted,HGRL-UGV,0.654984,0.673992,0.817632
17400,paper1_deep_hgrl_ugv_assisted,HGRL-UGV,0.659338,0.672856,0.816221
17500,paper1_deep_hgrl_ugv_assisted,HGRL-UGV,0.659254,0.674131,0.816935
17600,paper1_deep_hgrl_ugv_assisted,HGRL-UGV,0.662460,0.673502,0.816251
17700,paper1_deep_hgrl_ugv_assisted,HGRL-UGV,0.666413,0.672378,0.815333
17800,paper1_deep_hgrl_ugv_assisted,HGRL-UGV,0.667152,0.672894,0.815933
17900,paper1_deep_hgrl_ugv_assisted,HGRL-UGV,0.672601,0.670702,0.814498
18000,paper1_deep_hgrl_ugv_assisted,HGRL-UGV,0.674734,0.670213,0.814642
18100,paper1_deep_hgrl_ugv_assisted,HGRL-UGV,0.672317,0.672112,0.816924
18200,paper1_deep_hgrl_ugv_assisted,HGRL-UGV,0.678463,0.669120,0.815390
18300,paper1_deep_hgrl_ugv_assisted,HGRL-UGV,0.682223,0.667305,0.815000
18400,paper1_deep_hgrl_ugv_assisted,HGRL-UGV,0.684905,0.665949,0.815162
18500,paper1_deep_hgrl_ugv_assisted,HGRL-UGV,0.687008,0.664753,0.815624
18600,paper1_deep_hgrl_ugv_assisted,HGRL-UGV,0.684752,0.665826,0.818104
18700,paper1_deep_hgrl_ugv_assisted,HGRL-UGV,0.686290,0.664637,0.818882
18800,paper1_deep_hgrl_ugv_assisted,HGRL-UGV,0.695100,0.659325,0.816424
18900,paper1_deep_hgrl_ugv_assisted,HGRL-UGV,0.704026,0.653821,0.813933
19000,paper1_deep_hgrl_ugv_assisted,HGRL-UGV,0.697006,0.656949,0.818612
19100,paper1_deep_hgrl_ugv_assisted,HGRL-UGV,0.702394,0.653150,0.817713
19200,paper1_deep_hgrl_ugv_assisted,HGRL-UGV,0.706562,0.649923,0.817355
19300,paper1_deep_hgrl_ugv_assisted,HGRL-UGV,0.708228,0.647967,0.818090
19400,paper1_deep_hgrl_ugv_assisted,HGRL-UGV,0.711948,0.644800,0.817869
19500,paper1_deep_hgrl_ugv_assisted,HGRL-UGV,0.710770,0.644275,0.819822
19600,paper1_deep_hgrl_ugv_assisted,HGRL-UGV,0.708514,0.644291,0.822210
19700,paper1_deep_hgrl_ugv_assisted,HGRL-UGV,0.721104,0.636132,0.817881
19800,paper1_deep_hgrl_ugv_assisted,HGRL-UGV,0.719675,0.635633,0.819770
19900,paper1_deep_hgrl_ugv_assisted,HGRL-UGV,0.720761,0.633818,0.820514
20000,paper1_deep_hgrl_ugv_assisted,HGRL-UGV,0.724553,0.630434,0.819883
20100,paper1_deep_hgrl_ugv_assisted,HGRL-UGV,0.726048,0.628402,0.820250
20200,paper1_deep_hgrl_ugv_assisted,HGRL-UGV,0.730110,0.624976,0.819351
20300,paper1_deep_hgrl_ugv_assisted,HGRL-UGV,0.723987,0.627263,0.822981
20400,paper1_deep_hgrl_ugv_assisted,HGRL-UGV,0.731318,0.622211,0.820448
20500,paper1_deep_hgrl_ugv_assisted,HGRL-UGV,0.729883,0.622047,0.821741
20600,paper1_deep_hgrl_ugv_assisted,HGRL-UGV,0.733201,0.619388,0.820807
20700,paper1_deep_hgrl_ugv_assisted,HGRL-UGV,0.728725,0.621148,0.823292
20800,paper1_deep_hgrl_ugv_assisted,HGRL-UGV,0.726075,0.622022,0.824849
20900,paper1_deep_hgrl_ugv_assisted,HGRL-UGV,0.733457,0.617501,0.821780
21000,paper1_deep_hgrl_ugv_assisted,HGRL-UGV,0.730347,0.618902,0.823342
21100,paper1_deep_hgrl_ugv_assisted,HGRL-UGV,0.731020,0.618332,0.823074
21200,paper1_deep_hgrl_ugv_assisted,HGRL-UGV,0.730503,0.618602,0.823277
21300,paper1_deep_hgrl_ugv_assisted,HGRL-UGV,0.729046,0.619511,0.823788
21400,paper1_deep_hgrl_ugv_assisted,HGRL-UGV,0.731166,0.618676,0.822663
21500,paper1_deep_hgrl_ugv_assisted,HGRL-UGV,0.730876,0.619201,0.822449
21600,paper1_deep_hgrl_ugv_assisted,HGRL-UGV,0.730659,0.619856,0.822147
21700,paper1_deep_hgrl_ugv_assisted,HGRL-UGV,0.731674,0.619978,0.821226
21800,paper1_deep_hgrl_ugv_assisted,HGRL-UGV,0.721704,0.626268,0.825184
21900,paper1_deep_hgrl_ugv_assisted,HGRL-UGV,0.725344,0.625213,0.822977
22000,paper1_deep_hgrl_ugv_assisted,HGRL-UGV,0.732214,0.622468,0.819249
22100,paper1_deep_hgrl_ugv_assisted,HGRL-UGV,0.727795,0.626038,0.820569
22200,paper1_deep_hgrl_ugv_assisted,HGRL-UGV,0.727656,0.627291,0.819893
22300,paper1_deep_hgrl_ugv_assisted,HGRL-UGV,0.727380,0.628726,0.819284
22400,paper1_deep_hgrl_ugv_assisted,HGRL-UGV,0.718595,0.634885,0.822481
22500,paper1_deep_hgrl_ugv_assisted,HGRL-UGV,0.724291,0.633093,0.819137
22600,paper1_deep_hgrl_ugv_assisted,HGRL-UGV,0.723970,0.634647,0.818514
22700,paper1_deep_hgrl_ugv_assisted,HGRL-UGV,0.720362,0.638020,0.819387
22800,paper1_deep_hgrl_ugv_assisted,HGRL-UGV,0.724491,0.637132,0.816804
22900,paper1_deep_hgrl_ugv_assisted,HGRL-UGV,0.716263,0.642973,0.819777
23000,paper1_deep_hgrl_ugv_assisted,HGRL-UGV,0.722527,0.640828,0.816290
23100,paper1_deep_hgrl_ugv_assisted,HGRL-UGV,0.723628,0.641428,0.815143
23200,paper1_deep_hgrl_ugv_assisted,HGRL-UGV,0.718609,0.645383,0.816854
23300,paper1_deep_hgrl_ugv_assisted,HGRL-UGV,0.717415,0.647085,0.816855
23400,paper1_deep_hgrl_ugv_assisted,HGRL-UGV,0.715430,0.649146,0.817297
23500,paper1_deep_hgrl_ugv_assisted,HGRL-UGV,0.716498,0.649342,0.816379
23600,paper1_deep_hgrl_ugv_assisted,HGRL-UGV,0.715091,0.650844,0.816708
23700,paper1_deep_hgrl_ugv_assisted,HGRL-UGV,0.716428,0.650714,0.815891
23800,paper1_deep_hgrl_ugv_assisted,HGRL-UGV,0.711346,0.654318,0.818330
23900,paper1_deep_hgrl_ugv_assisted,HGRL-UGV,0.712913,0.653402,0.817278
24000,paper1_deep_hgrl_ugv_assisted,HGRL-UGV,0.713804,0.653090,0.816935
24100,paper1_deep_hgrl_ugv_assisted,HGRL-UGV,0.714595,0.652672,0.816720
24200,paper1_deep_hgrl_ugv_assisted,HGRL-UGV,0.710707,0.654725,0.818744
24300,paper1_deep_hgrl_ugv_assisted,HGRL-UGV,0.704088,0.658083,0.822054
24400,paper1_deep_hgrl_ugv_assisted,HGRL-UGV,0.710140,0.654348,0.819770
24500,paper1_deep_hgrl_ugv_assisted,HGRL-UGV,0.708902,0.654477,0.820856
24600,paper1_deep_hgrl_ugv_assisted,HGRL-UGV,0.712907,0.651586,0.819669
24700,paper1_deep_hgrl_ugv_assisted,HGRL-UGV,0.713795,0.650265,0.819955
24800,paper1_deep_hgrl_ugv_assisted,HGRL-UGV,0.716108,0.648085,0.819713
24900,paper1_deep_hgrl_ugv_assisted,HGRL-UGV,0.716030,0.647252,0.820735
25000,paper1_deep_hgrl_ugv_assisted,HGRL-UGV,0.713351,0.647504,0.822792
25100,paper1_deep_hgrl_ugv_assisted,HGRL-UGV,0.711691,0.647247,0.824562
25200,paper1_deep_hgrl_ugv_assisted,HGRL-UGV,0.714525,0.644467,0.824378
25300,paper1_deep_hgrl_ugv_assisted,HGRL-UGV,0.706147,0.647828,0.829309
25400,paper1_deep_hgrl_ugv_assisted,HGRL-UGV,0.712424,0.643112,0.827702
25500,paper1_deep_hgrl_ugv_assisted,HGRL-UGV,0.715218,0.640252,0.827663
25600,paper1_deep_hgrl_ugv_assisted,HGRL-UGV,0.719349,0.636702,0.827088
25700,paper1_deep_hgrl_ugv_assisted,HGRL-UGV,0.718669,0.635825,0.828706
25800,paper1_deep_hgrl_ugv_assisted,HGRL-UGV,0.723318,0.632043,0.827931
25900,paper1_deep_hgrl_ugv_assisted,HGRL-UGV,0.717630,0.633993,0.831808
26000,paper1_deep_hgrl_ugv_assisted,HGRL-UGV,0.720937,0.631089,0.831654
26100,paper1_deep_hgrl_ugv_assisted,HGRL-UGV,0.722516,0.629203,0.832255
26200,paper1_deep_hgrl_ugv_assisted,HGRL-UGV,0.731612,0.623275,0.829451
26300,paper1_deep_hgrl_ugv_assisted,HGRL-UGV,0.723273,0.627068,0.834482
26400,paper1_deep_hgrl_ugv_assisted,HGRL-UGV,0.726565,0.624587,0.834248
26500,paper1_deep_hgrl_ugv_assisted,HGRL-UGV,0.736642,0.618586,0.830984
26600,paper1_deep_hgrl_ugv_assisted,HGRL-UGV,0.736426,0.618183,0.832136
26700,paper1_deep_hgrl_ugv_assisted,HGRL-UGV,0.739950,0.615963,0.831626
26800,paper1_deep_hgrl_ugv_assisted,HGRL-UGV,0.739881,0.615886,0.832685
26900,paper1_deep_hgrl_ugv_assisted,HGRL-UGV,0.738380,0.616728,0.834302
27000,paper1_deep_hgrl_ugv_assisted,HGRL-UGV,0.744972,0.613291,0.832217
27100,paper1_deep_hgrl_ugv_assisted,HGRL-UGV,0.746919,0.612523,0.832113
27200,paper1_deep_hgrl_ugv_assisted,HGRL-UGV,0.747913,0.612415,0.832343
27300,paper1_deep_hgrl_ugv_assisted,HGRL-UGV,0.747653,0.613155,0.833062
27400,paper1_deep_hgrl_ugv_assisted,HGRL-UGV,0.751272,0.611891,0.831938
27500,paper1_deep_hgrl_ugv_assisted,HGRL-UGV,0.745882,0.615689,0.834758
27600,paper1_deep_hgrl_ugv_assisted,HGRL-UGV,0.759781,0.609009,0.828814
27700,paper1_deep_hgrl_ugv_assisted,HGRL-UGV,0.753931,0.613282,0.831647
27800,paper1_deep_hgrl_ugv_assisted,HGRL-UGV,0.764032,0.608856,0.827191
27900,paper1_deep_hgrl_ugv_assisted,HGRL-UGV,0.760835,0.611860,0.828653
28000,paper1_deep_hgrl_ugv_assisted,HGRL-UGV,0.760746,0.613177,0.828588
28100,paper1_deep_hgrl_ugv_assisted,HGRL-UGV,0.767265,0.610904,0.825453
28200,paper1_deep_hgrl_ugv_assisted,HGRL-UGV,0.764529,0.613769,0.826407
28300,paper1_deep_hgrl_ugv_assisted,HGRL-UGV,0.767352,0.613565,0.824752
28400,paper1_deep_hgrl_ugv_assisted,HGRL-UGV,0.771476,0.612657,0.822440
28500,paper1_deep_hgrl_ugv_assisted,HGRL-UGV,0.774528,0.612315,0.820531
28600,paper1_deep_hgrl_ugv_assisted,HGRL-UGV,0.775566,0.613048,0.819459
28700,paper1_deep_hgrl_ugv_assisted,HGRL-UGV,0.772659,0.615897,0.820095
28800,paper1_deep_hgrl_ugv_assisted,HGRL-UGV,0.772318,0.617250,0.819504
28900,paper1_deep_hgrl_ugv_assisted,HGRL-UGV,0.773586,0.617658,0.818156
29000,paper1_deep_hgrl_ugv_assisted,HGRL-UGV,0.775245,0.617749,0.816583
29100,paper1_deep_hgrl_ugv_assisted,HGRL-UGV,0.782645,0.614569,0.812388
29200,paper1_deep_hgrl_ugv_assisted,HGRL-UGV,0.784057,0.614572,0.810866
29300,paper1_deep_hgrl_ugv_assisted,HGRL-UGV,0.781674,0.616532,0.811032
29400,paper1_deep_hgrl_ugv_assisted,HGRL-UGV,0.784276,0.615604,0.808938
29500,paper1_deep_hgrl_ugv_assisted,HGRL-UGV,0.787893,0.614075,0.806468
29600,paper1_deep_hgrl_ugv_assisted,HGRL-UGV,0.789197,0.613499,0.804906
29700,paper1_deep_hgrl_ugv_assisted,HGRL-UGV,0.786074,0.615307,0.805434
29800,paper1_deep_hgrl_ugv_assisted,HGRL-UGV,0.787653,0.614382,0.803874
29900,paper1_deep_hgrl_ugv_assisted,HGRL-UGV,0.788913,0.613473,0.802484
30000,paper1_deep_hgrl_ugv_assisted,HGRL-UGV,0.784558,0.615513,0.803670
30100,paper1_deep_hgrl_ugv_assisted,HGRL-UGV,0.788608,0.612795,0.801128
30200,paper1_deep_hgrl_ugv_assisted,HGRL-UGV,0.788848,0.612028,0.800349
30300,paper1_deep_hgrl_ugv_assisted,HGRL-UGV,0.785494,0.613124,0.801265
30400,paper1_deep_hgrl_ugv_assisted,HGRL-UGV,0.785793,0.612078,0.800594
30500,paper1_deep_hgrl_ugv_assisted,HGRL-UGV,0.784070,0.612081,0.800945
30600,paper1_deep_hgrl_ugv_assisted,HGRL-UGV,0.777899,0.614389,0.803341
30700,paper1_deep_hgrl_ugv_assisted,HGRL-UGV,0.790140,0.606523,0.797564
30800,paper1_deep_hgrl_ugv_assisted,HGRL-UGV,0.782554,0.609479,0.800785
30900,paper1_deep_hgrl_ugv_assisted,HGRL-UGV,0.784098,0.607365,0.799993
31000,paper1_deep_hgrl_ugv_assisted,HGRL-UGV,0.780568,0.608018,0.801586
31100,paper1_deep_hgrl_ugv_assisted,HGRL-UGV,0.771356,0.611778,0.805834
31200,paper1_deep_hgrl_ugv_assisted,HGRL-UGV,0.777255,0.607224,0.803377
31300,paper1_deep_hgrl_ugv_assisted,HGRL-UGV,0.781460,0.603632,0.801792
31400,paper1_deep_hgrl_ugv_assisted,HGRL-UGV,0.772167,0.607462,0.806349
31500,paper1_deep_hgrl_ugv_assisted,HGRL-UGV,0.772703,0.605976,0.806612
31600,paper1_deep_hgrl_ugv_assisted,HGRL-UGV,0.770354,0.606119,0.808247
31700,paper1_deep_hgrl_ugv_assisted,HGRL-UGV,0.772404,0.603934,0.808002
31800,paper1_deep_hgrl_ugv_assisted,HGRL-UGV,0.762400,0.608421,0.813224
31900,paper1_deep_hgrl_ugv_assisted,HGRL-UGV,0.766901,0.605090,0.812045
32000,paper1_deep_hgrl_ugv_assisted,HGRL-UGV,0.769130,0.603089,0.811932
32100,paper1_deep_hgrl_ugv_assisted,HGRL-UGV,0.769169,0.602446,0.812895
32200,paper1_deep_hgrl_ugv_assisted,HGRL-UGV,0.769461,0.601766,0.813781
32300,paper1_deep_hgrl_ugv_assisted,HGRL-UGV,0.765056,0.603836,0.816854
32400,paper1_deep_hgrl_ugv_assisted,HGRL-UGV,0.769189,0.601334,0.816115
32500,paper1_deep_hgrl_ugv_assisted,HGRL-UGV,0.758026,0.607396,0.822298
32600,paper1_deep_hgrl_ugv_assisted,HGRL-UGV,0.761495,0.605551,0.821920
32700,paper1_deep_hgrl_ugv_assisted,HGRL-UGV,0.759934,0.606629,0.823832
32800,paper1_deep_hgrl_ugv_assisted,HGRL-UGV,0.756917,0.608663,0.826419
32900,paper1_deep_hgrl_ugv_assisted,HGRL-UGV,0.763362,0.605617,0.824735
33000,paper1_deep_hgrl_ugv_assisted,HGRL-UGV,0.755443,0.610618,0.829518
33100,paper1_deep_hgrl_ugv_assisted,HGRL-UGV,0.747814,0.615567,0.834138
33200,paper1_deep_hgrl_ugv_assisted,HGRL-UGV,0.752094,0.614107,0.833393
33300,paper1_deep_hgrl_ugv_assisted,HGRL-UGV,0.758737,0.611443,0.831542
33400,paper1_deep_hgrl_ugv_assisted,HGRL-UGV,0.747273,0.618827,0.837791
33500,paper1_deep_hgrl_ugv_assisted,HGRL-UGV,0.749732,0.618646,0.837734
33600,paper1_deep_hgrl_ugv_assisted,HGRL-UGV,0.753067,0.618035,0.837211
33700,paper1_deep_hgrl_ugv_assisted,HGRL-UGV,0.752025,0.619908,0.838613
33800,paper1_deep_hgrl_ugv_assisted,HGRL-UGV,0.750837,0.621882,0.839996
33900,paper1_deep_hgrl_ugv_assisted,HGRL-UGV,0.752957,0.622068,0.839821
34000,paper1_deep_hgrl_ugv_assisted,HGRL-UGV,0.750992,0.624463,0.841367
34100,paper1_deep_hgrl_ugv_assisted,HGRL-UGV,0.750426,0.626115,0.842226
34200,paper1_deep_hgrl_ugv_assisted,HGRL-UGV,0.750360,0.627461,0.842767
34300,paper1_deep_hgrl_ugv_assisted,HGRL-UGV,0.748187,0.630092,0.844300
34400,paper1_deep_hgrl_ugv_assisted,HGRL-UGV,0.750142,0.630065,0.843610
34500,paper1_deep_hgrl_ugv_assisted,HGRL-UGV,0.754132,0.628996,0.842028
34600,paper1_deep_hgrl_ugv_assisted,HGRL-UGV,0.756783,0.628593,0.840964
34700,paper1_deep_hgrl_ugv_assisted,HGRL-UGV,0.750740,0.632875,0.843715
34800,paper1_deep_hgrl_ugv_assisted,HGRL-UGV,0.753272,0.632309,0.842491
34900,paper1_deep_hgrl_ugv_assisted,HGRL-UGV,0.757881,0.630495,0.840248
35000,paper1_deep_hgrl_ugv_assisted,HGRL-UGV,0.758256,0.630854,0.839796
35100,paper1_deep_hgrl_ugv_assisted,HGRL-UGV,0.763128,0.628658,0.837273
35200,paper1_deep_hgrl_ugv_assisted,HGRL-UGV,0.760202,0.630525,0.838103
35300,paper1_deep_hgrl_ugv_assisted,HGRL-UGV,0.761760,0.629836,0.836877
35400,paper1_deep_hgrl_ugv_assisted,HGRL-UGV,0.762362,0.629503,0.835986
35500,paper1_deep_hgrl_ugv_assisted,HGRL-UGV,0.762908,0.629058,0.835052
35600,paper1_deep_hgrl_ugv_assisted,HGRL-UGV,0.767169,0.626446,0.832398
35700,paper1_deep_hgrl_ugv_assisted,HGRL-UGV,0.764472,0.627488,0.832792
35800,paper1_deep_hgrl_ugv_assisted,HGRL-UGV,0.771764,0.622922,0.828657
35900,paper1_deep_hgrl_ugv_assisted,HGRL-UGV,0.768052,0.624245,0.829404
36000,paper1_deep_hgrl_ugv_assisted,HGRL-UGV,0.777151,0.618433,0.824377
36100,paper1_deep_hgrl_ugv_assisted,HGRL-UGV,0.775262,0.618540,0.824257
36200,paper1_deep_hgrl_ugv_assisted,HGRL-UGV,0.778042,0.615985,0.822022
36300,paper1_deep_hgrl_ugv_assisted,HGRL-UGV,0.779344,0.614157,0.820443
36400,paper1_deep_hgrl_ugv_assisted,HGRL-UGV,0.782951,0.610990,0.817829
36500,paper1_deep_hgrl_ugv_assisted,HGRL-UGV,0.785110,0.608569,0.815881
36600,paper1_deep_hgrl_ugv_assisted,HGRL-UGV,0.786661,0.606415,0.814205
36700,paper1_deep_hgrl_ugv_assisted,HGRL-UGV,0.783239,0.607005,0.814821
36800,paper1_deep_hgrl_ugv_assisted,HGRL-UGV,0.787863,0.603159,0.811852
36900,paper1_deep_hgrl_ugv_assisted,HGRL-UGV,0.795378,0.597686,0.807589
37000,paper1_deep_hgrl_ugv_assisted,HGRL-UGV,0.792169,0.598183,0.808243
37100,paper1_deep_hgrl_ugv_assisted,HGRL-UGV,0.792390,0.596788,0.807377
37200,paper1_deep_hgrl_ugv_assisted,HGRL-UGV,0.797527,0.592768,0.804384
37300,paper1_deep_hgrl_ugv_assisted,HGRL-UGV,0.799365,0.590642,0.802955
37400,paper1_deep_hgrl_ugv_assisted,HGRL-UGV,0.798397,0.590160,0.802881
37500,paper1_deep_hgrl_ugv_assisted,HGRL-UGV,0.798247,0.589289,0.802494
37600,paper1_deep_hgrl_ugv_assisted,HGRL-UGV,0.804468,0.585008,0.799315
37700,paper1_deep_hgrl_ugv_assisted,HGRL-UGV,0.808955,0.581828,0.797031
37800,paper1_deep_hgrl_ugv_assisted,HGRL-UGV,0.807813,0.581873,0.797375
37900,paper1_deep_hgrl_ugv_assisted,HGRL-UGV,0.805800,0.582553,0.798224
38000,paper1_deep_hgrl_ugv_assisted,HGRL-UGV,0.812587,0.578505,0.795187
38100,paper1_deep_hgrl_ugv_assisted,HGRL-UGV,0.809053,0.580265,0.796882
38200,paper1_deep_hgrl_ugv_assisted,HGRL-UGV,0.811596,0.578853,0.795958
38300,paper1_deep_hgrl_ugv_assisted,HGRL-UGV,0.812889,0.578270,0.795689
38400,paper1_deep_hgrl_ugv_assisted,HGRL-UGV,0.810438,0.579895,0.797203
38500,paper1_deep_hgrl_ugv_assisted,HGRL-UGV,0.816061,0.577221,0.795173
38600,paper1_deep_hgrl_ugv_assisted,HGRL-UGV,0.813207,0.579349,0.797048
38700,paper1_deep_hgrl_ugv_assisted,HGRL-UGV,0.813241,0.580033,0.797720
38800,paper1_deep_hgrl_ugv_assisted,HGRL-UGV,0.807574,0.583955,0.801020
38900,paper1_deep_hgrl_ugv_assisted,HGRL-UGV,0.814717,0.580951,0.798634
39000,paper1_deep_hgrl_ugv_assisted,HGRL-UGV,0.813320,0.582744,0.800158
39100,paper1_deep_hgrl_ugv_assisted,HGRL-UGV,0.811940,0.584617,0.801736
39200,paper1_deep_hgrl_ugv_assisted,HGRL-UGV,0.811515,0.586049,0.802944
39300,paper1_deep_hgrl_ugv_assisted,HGRL-UGV,0.807906,0.589280,0.805621
39400,paper1_deep_hgrl_ugv_assisted,HGRL-UGV,0.809629,0.589633,0.805944
39500,paper1_deep_hgrl_ugv_assisted,HGRL-UGV,0.813319,0.588927,0.805405
39600,paper1_deep_hgrl_ugv_assisted,HGRL-UGV,0.809771,0.592239,0.808163
39700,paper1_deep_hgrl_ugv_assisted,HGRL-UGV,0.805079,0.596141,0.811418
39800,paper1_deep_hgrl_ugv_assisted,HGRL-UGV,0.811661,0.593845,0.809622
39900,paper1_deep_hgrl_ugv_assisted,HGRL-UGV,0.810381,0.595859,0.811373
40000,paper1_deep_hgrl_ugv_assisted,HGRL-UGV,0.803251,0.600995,0.815707
1,paper2_deep_cfr_marl,CFR-MARL,0.206977,0.888741,0.842776
100,paper2_deep_cfr_marl,CFR-MARL,0.200332,0.887137,0.840179
200,paper2_deep_cfr_marl,CFR-MARL,0.206959,0.888967,0.840296
300,paper2_deep_cfr_marl,CFR-MARL,0.215351,0.886807,0.837079
400,paper2_deep_cfr_marl,CFR-MARL,0.222533,0.885459,0.834472
500,paper2_deep_cfr_marl,CFR-MARL,0.221411,0.888444,0.835371
600,paper2_deep_cfr_marl,CFR-MARL,0.227740,0.887668,0.833168
700,paper2_deep_cfr_marl,CFR-MARL,0.235089,0.885619,0.829916
800,paper2_deep_cfr_marl,CFR-MARL,0.233785,0.888024,0.830315
900,paper2_deep_cfr_marl,CFR-MARL,0.238323,0.887386,0.828245
1000,paper2_deep_cfr_marl,CFR-MARL,0.236428,0.890182,0.829020
1100,paper2_deep_cfr_marl,CFR-MARL,0.246915,0.885977,0.824116
1200,paper2_deep_cfr_marl,CFR-MARL,0.249859,0.885734,0.822515
1300,paper2_deep_cfr_marl,CFR-MARL,0.252270,0.885610,0.821084
1400,paper2_deep_cfr_marl,CFR-MARL,0.257242,0.883932,0.818466
1500,paper2_deep_cfr_marl,CFR-MARL,0.256193,0.885351,0.818475
1600,paper2_deep_cfr_marl,CFR-MARL,0.258759,0.884692,0.816885
1700,paper2_deep_cfr_marl,CFR-MARL,0.262207,0.883449,0.814925
1800,paper2_deep_cfr_marl,CFR-MARL,0.261321,0.884482,0.814942
1900,paper2_deep_cfr_marl,CFR-MARL,0.269224,0.880422,0.810909
2000,paper2_deep_cfr_marl,CFR-MARL,0.264444,0.883235,0.812620
2100,paper2_deep_cfr_marl,CFR-MARL,0.270994,0.879536,0.809125
2200,paper2_deep_cfr_marl,CFR-MARL,0.270870,0.879566,0.808803
2300,paper2_deep_cfr_marl,CFR-MARL,0.272493,0.878631,0.807810
2400,paper2_deep_cfr_marl,CFR-MARL,0.274418,0.877239,0.806562
2500,paper2_deep_cfr_marl,CFR-MARL,0.281111,0.873271,0.803319
2600,paper2_deep_cfr_marl,CFR-MARL,0.280356,0.873271,0.803430
2700,paper2_deep_cfr_marl,CFR-MARL,0.283031,0.871252,0.801993
2800,paper2_deep_cfr_marl,CFR-MARL,0.280813,0.872081,0.802979
2900,paper2_deep_cfr_marl,CFR-MARL,0.279560,0.872370,0.803611
3000,paper2_deep_cfr_marl,CFR-MARL,0.287988,0.867254,0.799899
3100,paper2_deep_cfr_marl,CFR-MARL,0.287976,0.866724,0.800007
3200,paper2_deep_cfr_marl,CFR-MARL,0.290394,0.864959,0.799164
3300,paper2_deep_cfr_marl,CFR-MARL,0.290009,0.864798,0.799682
3400,paper2_deep_cfr_marl,CFR-MARL,0.292971,0.862953,0.798861
3500,paper2_deep_cfr_marl,CFR-MARL,0.286361,0.866397,0.802394
3600,paper2_deep_cfr_marl,CFR-MARL,0.295454,0.861247,0.798915
3700,paper2_deep_cfr_marl,CFR-MARL,0.297085,0.860299,0.798881
3800,paper2_deep_cfr_marl,CFR-MARL,0.297095,0.860365,0.799675
3900,paper2_deep_cfr_marl,CFR-MARL,0.300953,0.858527,0.798898
4000,paper2_deep_cfr_marl,CFR-MARL,0.303268,0.857555,0.798811
4100,paper2_deep_cfr_marl,CFR-MARL,0.298707,0.860559,0.801948
4200,paper2_deep_cfr_marl,CFR-MARL,0.300824,0.860054,0.802177
4300,paper2_deep_cfr_marl,CFR-MARL,0.303977,0.859060,0.801965
4400,paper2_deep_cfr_marl,CFR-MARL,0.303322,0.860342,0.803566
4500,paper2_deep_cfr_marl,CFR-MARL,0.305995,0.859871,0.803678
4600,paper2_deep_cfr_marl,CFR-MARL,0.298744,0.865168,0.808453
4700,paper2_deep_cfr_marl,CFR-MARL,0.307613,0.861504,0.805835
4800,paper2_deep_cfr_marl,CFR-MARL,0.305936,0.863904,0.808117
4900,paper2_deep_cfr_marl,CFR-MARL,0.311704,0.862315,0.807070
5000,paper2_deep_cfr_marl,CFR-MARL,0.316035,0.861480,0.806577
5100,paper2_deep_cfr_marl,CFR-MARL,0.308149,0.867692,0.811786
5200,paper2_deep_cfr_marl,CFR-MARL,0.313397,0.866569,0.810932
5300,paper2_deep_cfr_marl,CFR-MARL,0.319094,0.865318,0.809915
5400,paper2_deep_cfr_marl,CFR-MARL,0.328257,0.862216,0.807328
5500,paper2_deep_cfr_marl,CFR-MARL,0.323595,0.866750,0.810934
5600,paper2_deep_cfr_marl,CFR-MARL,0.322626,0.869296,0.812867
5700,paper2_deep_cfr_marl,CFR-MARL,0.326003,0.869514,0.812852
5800,paper2_deep_cfr_marl,CFR-MARL,0.333343,0.867355,0.810854
5900,paper2_deep_cfr_marl,CFR-MARL,0.332710,0.869762,0.812560
6000,paper2_deep_cfr_marl,CFR-MARL,0.337940,0.868755,0.811445
6100,paper2_deep_cfr_marl,CFR-MARL,0.343918,0.867301,0.809944
6200,paper2_deep_cfr_marl,CFR-MARL,0.348111,0.866793,0.809202
6300,paper2_deep_cfr_marl,CFR-MARL,0.344909,0.870200,0.811653
6400,paper2_deep_cfr_marl,CFR-MARL,0.354386,0.866590,0.808360
6500,paper2_deep_cfr_marl,CFR-MARL,0.355071,0.867693,0.808925
6600,paper2_deep_cfr_marl,CFR-MARL,0.354119,0.869581,0.810137
6700,paper2_deep_cfr_marl,CFR-MARL,0.363146,0.865811,0.806731
6800,paper2_deep_cfr_marl,CFR-MARL,0.369470,0.863433,0.804479
6900,paper2_deep_cfr_marl,CFR-MARL,0.364176,0.867225,0.807293
7000,paper2_deep_cfr_marl,CFR-MARL,0.375103,0.861989,0.802740
7100,paper2_deep_cfr_marl,CFR-MARL,0.382859,0.858339,0.799508
7200,paper2_deep_cfr_marl,CFR-MARL,0.377719,0.861655,0.802000
7300,paper2_deep_cfr_marl,CFR-MARL,0.379597,0.860939,0.801218
7400,paper2_deep_cfr_marl,CFR-MARL,0.393474,0.853466,0.794931
7500,paper2_deep_cfr_marl,CFR-MARL,0.397461,0.851300,0.793012
7600,paper2_deep_cfr_marl,CFR-MARL,0.394104,0.853034,0.794306
7700,paper2_deep_cfr_marl,CFR-MARL,0.404749,0.846960,0.789233
7800,paper2_deep_cfr_marl,CFR-MARL,0.401098,0.848558,0.790455
7900,paper2_deep_cfr_marl,CFR-MARL,0.402557,0.847307,0.789361
8000,paper2_deep_cfr_marl,CFR-MARL,0.413380,0.840810,0.783988
8100,paper2_deep_cfr_marl,CFR-MARL,0.413378,0.840174,0.783418
8200,paper2_deep_cfr_marl,CFR-MARL,0.421275,0.835175,0.779282
8300,paper2_deep_cfr_marl,CFR-MARL,0.421190,0.834403,0.778604
8400,paper2_deep_cfr_marl,CFR-MARL,0.422809,0.832700,0.777160
8500,paper2_deep_cfr_marl,CFR-MARL,0.431090,0.827390,0.772754
8600,paper2_deep_cfr_marl,CFR-MARL,0.429648,0.827363,0.772657
8700,paper2_deep_cfr_marl,CFR-MARL,0.434412,0.823945,0.769766
8800,paper2_deep_cfr_marl,CFR-MARL,0.433091,0.823913,0.769624
8900,paper2_deep_cfr_marl,CFR-MARL,0.438629,0.820123,0.766379
9000,paper2_deep_cfr_marl,CFR-MARL,0.443380,0.816904,0.763572
9100,paper2_deep_cfr_marl,CFR-MARL,0.446534,0.814536,0.761427
9200,paper2_deep_cfr_marl,CFR-MARL,0.452449,0.810822,0.758145
9300,paper2_deep_cfr_marl,CFR-MARL,0.455676,0.808657,0.756093
9400,paper2_deep_cfr_marl,CFR-MARL,0.453465,0.809600,0.756545
9500,paper2_deep_cfr_marl,CFR-MARL,0.451946,0.810314,0.756770
9600,paper2_deep_cfr_marl,CFR-MARL,0.457999,0.806939,0.753611
9700,paper2_deep_cfr_marl,CFR-MARL,0.461050,0.805336,0.751863
9800,paper2_deep_cfr_marl,CFR-MARL,0.462321,0.804892,0.751028
9900,paper2_deep_cfr_marl,CFR-MARL,0.468231,0.802142,0.748272
10000,paper2_deep_cfr_marl,CFR-MARL,0.461424,0.806350,0.751179
10100,paper2_deep_cfr_marl,CFR-MARL,0.470799,0.801861,0.746943
10200,paper2_deep_cfr_marl,CFR-MARL,0.473182,0.801385,0.745971
10300,paper2_deep_cfr_marl,CFR-MARL,0.469361,0.804424,0.747859
10400,paper2_deep_cfr_marl,CFR-MARL,0.470028,0.805177,0.747866
10500,paper2_deep_cfr_marl,CFR-MARL,0.465797,0.808719,0.750152
10600,paper2_deep_cfr_marl,CFR-MARL,0.474530,0.805230,0.746690
10700,paper2_deep_cfr_marl,CFR-MARL,0.478258,0.804609,0.745586
10800,paper2_deep_cfr_marl,CFR-MARL,0.476362,0.807178,0.747111
10900,paper2_deep_cfr_marl,CFR-MARL,0.479816,0.806823,0.746271
11000,paper2_deep_cfr_marl,CFR-MARL,0.474386,0.811440,0.749534
11100,paper2_deep_cfr_marl,CFR-MARL,0.473605,0.813669,0.750886
11200,paper2_deep_cfr_marl,CFR-MARL,0.470881,0.816829,0.753050
11300,paper2_deep_cfr_marl,CFR-MARL,0.471029,0.818511,0.754063
11400,paper2_deep_cfr_marl,CFR-MARL,0.473276,0.818964,0.754134
11500,paper2_deep_cfr_marl,CFR-MARL,0.478668,0.817705,0.752877
11600,paper2_deep_cfr_marl,CFR-MARL,0.476986,0.820377,0.754912
11700,paper2_deep_cfr_marl,CFR-MARL,0.470576,0.825596,0.759114
11800,paper2_deep_cfr_marl,CFR-MARL,0.475108,0.824601,0.758317
11900,paper2_deep_cfr_marl,CFR-MARL,0.472134,0.827710,0.760968
12000,paper2_deep_cfr_marl,CFR-MARL,0.471341,0.829551,0.762674
12100,paper2_deep_cfr_marl,CFR-MARL,0.475603,0.828501,0.762106
12200,paper2_deep_cfr_marl,CFR-MARL,0.474939,0.830030,0.763743
12300,paper2_deep_cfr_marl,CFR-MARL,0.472168,0.832600,0.766323
12400,paper2_deep_cfr_marl,CFR-MARL,0.472681,0.833240,0.767414
12500,paper2_deep_cfr_marl,CFR-MARL,0.470012,0.835481,0.769902
12600,paper2_deep_cfr_marl,CFR-MARL,0.476796,0.832393,0.768112
12700,paper2_deep_cfr_marl,CFR-MARL,0.466859,0.838327,0.773780
12800,paper2_deep_cfr_marl,CFR-MARL,0.466848,0.838614,0.774897
12900,paper2_deep_cfr_marl,CFR-MARL,0.475368,0.834128,0.772172
13000,paper2_deep_cfr_marl,CFR-MARL,0.468762,0.837775,0.776153
13100,paper2_deep_cfr_marl,CFR-MARL,0.470812,0.836511,0.776159
13200,paper2_deep_cfr_marl,CFR-MARL,0.471902,0.835660,0.776537
13300,paper2_deep_cfr_marl,CFR-MARL,0.470591,0.835985,0.777897
13400,paper2_deep_cfr_marl,CFR-MARL,0.469420,0.836182,0.779162
13500,paper2_deep_cfr_marl,CFR-MARL,0.468011,0.836276,0.780340
13600,paper2_deep_cfr_marl,CFR-MARL,0.468160,0.835470,0.780766
13700,paper2_deep_cfr_marl,CFR-MARL,0.468498,0.834475,0.781009
13800,paper2_deep_cfr_marl,CFR-MARL,0.468739,0.833468,0.781201
13900,paper2_deep_cfr_marl,CFR-MARL,0.476961,0.827995,0.777683
14000,paper2_deep_cfr_marl,CFR-MARL,0.474886,0.828190,0.778737
14100,paper2_deep_cfr_marl,CFR-MARL,0.473456,0.827946,0.779352
14200,paper2_deep_cfr_marl,CFR-MARL,0.479200,0.823865,0.776738
14300,paper2_deep_cfr_marl,CFR-MARL,0.473349,0.825960,0.779075
14400,paper2_deep_cfr_marl,CFR-MARL,0.474860,0.824159,0.778113
14500,paper2_deep_cfr_marl,CFR-MARL,0.474324,0.823524,0.777985
14600,paper2_deep_cfr_marl,CFR-MARL,0.474946,0.822323,0.777266
14700,paper2_deep_cfr_marl,CFR-MARL,0.478939,0.819274,0.774900
14800,paper2_deep_cfr_marl,CFR-MARL,0.483369,0.816169,0.772348
14900,paper2_deep_cfr_marl,CFR-MARL,0.480619,0.817017,0.772888
15000,paper2_deep_cfr_marl,CFR-MARL,0.483732,0.814748,0.770732
15100,paper2_deep_cfr_marl,CFR-MARL,0.485814,0.813220,0.769034
15200,paper2_deep_cfr_marl,CFR-MARL,0.487127,0.812200,0.767608
15300,paper2_deep_cfr_marl,CFR-MARL,0.486442,0.812431,0.767063
15400,paper2_deep_cfr_marl,CFR-MARL,0.492162,0.809276,0.763609
15500,paper2_deep_cfr_marl,CFR-MARL,0.491389,0.809828,0.763055
15600,paper2_deep_cfr_marl,CFR-MARL,0.490368,0.810697,0.762635
15700,paper2_deep_cfr_marl,CFR-MARL,0.495011,0.808603,0.759676
15800,paper2_deep_cfr_marl,CFR-MARL,0.497266,0.807890,0.757740
15900,paper2_deep_cfr_marl,CFR-MARL,0.498139,0.808102,0.756467
16000,paper2_deep_cfr_marl,CFR-MARL,0.509198,0.802910,0.750692
16100,paper2_deep_cfr_marl,CFR-MARL,0.510281,0.803255,0.749380
16200,paper2_deep_cfr_marl,CFR-MARL,0.503977,0.807855,0.751499
16300,paper2_deep_cfr_marl,CFR-MARL,0.514108,0.803431,0.746199
16400,paper2_deep_cfr_marl,CFR-MARL,0.514650,0.804422,0.745310
16500,paper2_deep_cfr_marl,CFR-MARL,0.514818,0.805726,0.744676
16600,paper2_deep_cfr_marl,CFR-MARL,0.513808,0.807792,0.744682
16700,paper2_deep_cfr_marl,CFR-MARL,0.517851,0.807042,0.742416
16800,paper2_deep_cfr_marl,CFR-MARL,0.522048,0.806256,0.740172
16900,paper2_deep_cfr_marl,CFR-MARL,0.526098,0.805587,0.738092
17000,paper2_deep_cfr_marl,CFR-MARL,0.524195,0.808290,0.738856
17100,paper2_deep_cfr_marl,CFR-MARL,0.535434,0.803675,0.733733
17200,paper2_deep_cfr_marl,CFR-MARL,0.530532,0.807874,0.735939
17300,paper2_deep_cfr_marl,CFR-MARL,0.536713,0.806004,0.733309
17400,paper2_deep_cfr_marl,CFR-MARL,0.537983,0.806745,0.732959
17500,paper2_deep_cfr_marl,CFR-MARL,0.537898,0.808187,0.733337
17600,paper2_deep_cfr_marl,CFR-MARL,0.542546,0.806941,0.731682
17700,paper2_deep_cfr_marl,CFR-MARL,0.553390,0.802156,0.727304
17800,paper2_deep_cfr_marl,CFR-MARL,0.552302,0.803844,0.728403
17900,paper2_deep_cfr_marl,CFR-MARL,0.544970,0.808882,0.732429
18000,paper2_deep_cfr_marl,CFR-MARL,0.551210,0.806245,0.730364
18100,paper2_deep_cfr_marl,CFR-MARL,0.549207,0.808107,0.732169
18200,paper2_deep_cfr_marl,CFR-MARL,0.560692,0.802315,0.727899
18300,paper2_deep_cfr_marl,CFR-MARL,0.558764,0.803762,0.729738
18400,paper2_deep_cfr_marl,CFR-MARL,0.559295,0.803715,0.730535
18500,paper2_deep_cfr_marl,CFR-MARL,0.561616,0.802680,0.730697
18600,paper2_deep_cfr_marl,CFR-MARL,0.561991,0.802335,0.731588
18700,paper2_deep_cfr_marl,CFR-MARL,0.568212,0.798774,0.730001
18800,paper2_deep_cfr_marl,CFR-MARL,0.565859,0.799707,0.732231
18900,paper2_deep_cfr_marl,CFR-MARL,0.566551,0.798884,0.733152
19000,paper2_deep_cfr_marl,CFR-MARL,0.567399,0.797819,0.733987
19100,paper2_deep_cfr_marl,CFR-MARL,0.567615,0.797007,0.735122
19200,paper2_deep_cfr_marl,CFR-MARL,0.572438,0.793606,0.734215
19300,paper2_deep_cfr_marl,CFR-MARL,0.563723,0.797547,0.739372
19400,paper2_deep_cfr_marl,CFR-MARL,0.565903,0.795277,0.739485
19500,paper2_deep_cfr_marl,CFR-MARL,0.567007,0.793620,0.740115
19600,paper2_deep_cfr_marl,CFR-MARL,0.568597,0.791663,0.740496
19700,paper2_deep_cfr_marl,CFR-MARL,0.566682,0.791729,0.742508
19800,paper2_deep_cfr_marl,CFR-MARL,0.569518,0.788949,0.742145
19900,paper2_deep_cfr_marl,CFR-MARL,0.571061,0.786951,0.742355
20000,paper2_deep_cfr_marl,CFR-MARL,0.564864,0.789245,0.745991
20100,paper2_deep_cfr_marl,CFR-MARL,0.570828,0.784871,0.744066
20200,paper2_deep_cfr_marl,CFR-MARL,0.570019,0.784286,0.745117
20300,paper2_deep_cfr_marl,CFR-MARL,0.565207,0.785960,0.747877
20400,paper2_deep_cfr_marl,CFR-MARL,0.568508,0.783249,0.746893
20500,paper2_deep_cfr_marl,CFR-MARL,0.565255,0.784221,0.748752
20600,paper2_deep_cfr_marl,CFR-MARL,0.565746,0.783230,0.748823
20700,paper2_deep_cfr_marl,CFR-MARL,0.556009,0.788048,0.753453
20800,paper2_deep_cfr_marl,CFR-MARL,0.558236,0.786322,0.752529
20900,paper2_deep_cfr_marl,CFR-MARL,0.562916,0.783441,0.750451
21000,paper2_deep_cfr_marl,CFR-MARL,0.565020,0.782052,0.749382
21100,paper2_deep_cfr_marl,CFR-MARL,0.561767,0.783787,0.750656
21200,paper2_deep_cfr_marl,CFR-MARL,0.554742,0.787753,0.753540
21300,paper2_deep_cfr_marl,CFR-MARL,0.558867,0.785687,0.751279
21400,paper2_deep_cfr_marl,CFR-MARL,0.562791,0.783965,0.749092
21500,paper2_deep_cfr_marl,CFR-MARL,0.559154,0.786448,0.750147
21600,paper2_deep_cfr_marl,CFR-MARL,0.549832,0.792377,0.753830
21700,paper2_deep_cfr_marl,CFR-MARL,0.554325,0.790560,0.750996
21800,paper2_deep_cfr_marl,CFR-MARL,0.556023,0.790611,0.749524
21900,paper2_deep_cfr_marl,CFR-MARL,0.553126,0.793180,0.749961
22000,paper2_deep_cfr_marl,CFR-MARL,0.550983,0.795512,0.750069
22100,paper2_deep_cfr_marl,CFR-MARL,0.543539,0.800893,0.752554
22200,paper2_deep_cfr_marl,CFR-MARL,0.546799,0.800375,0.750115
22300,paper2_deep_cfr_marl,CFR-MARL,0.551297,0.799311,0.747151
22400,paper2_deep_cfr_marl,CFR-MARL,0.546955,0.803094,0.748097
22500,paper2_deep_cfr_marl,CFR-MARL,0.549205,0.803308,0.746087
22600,paper2_deep_cfr_marl,CFR-MARL,0.543979,0.807661,0.747453
22700,paper2_deep_cfr_marl,CFR-MARL,0.543561,0.809416,0.746702
22800,paper2_deep_cfr_marl,CFR-MARL,0.544559,0.810473,0.745412
22900,paper2_deep_cfr_marl,CFR-MARL,0.542980,0.812601,0.745054
23000,paper2_deep_cfr_marl,CFR-MARL,0.549919,0.810177,0.741046
23100,paper2_deep_cfr_marl,CFR-MARL,0.544095,0.814730,0.742843
23200,paper2_deep_cfr_marl,CFR-MARL,0.537868,0.819469,0.744909
23300,paper2_deep_cfr_marl,CFR-MARL,0.540278,0.819270,0.743069
23400,paper2_deep_cfr_marl,CFR-MARL,0.543538,0.818504,0.740916
23500,paper2_deep_cfr_marl,CFR-MARL,0.543848,0.819282,0.740195
23600,paper2_deep_cfr_marl,CFR-MARL,0.545109,0.819453,0.739156
23700,paper2_deep_cfr_marl,CFR-MARL,0.549267,0.817865,0.736872
23800,paper2_deep_cfr_marl,CFR-MARL,0.549262,0.818395,0.736524
23900,paper2_deep_cfr_marl,CFR-MARL,0.547104,0.819958,0.737230
24000,paper2_deep_cfr_marl,CFR-MARL,0.544177,0.821850,0.738421
24100,paper2_deep_cfr_marl,CFR-MARL,0.552857,0.817246,0.734516
24200,paper2_deep_cfr_marl,CFR-MARL,0.548664,0.819449,0.736400
24300,paper2_deep_cfr_marl,CFR-MARL,0.552973,0.816910,0.734623
24400,paper2_deep_cfr_marl,CFR-MARL,0.552211,0.817006,0.735216
24500,paper2_deep_cfr_marl,CFR-MARL,0.556954,0.813921,0.733416
24600,paper2_deep_cfr_marl,CFR-MARL,0.556761,0.813420,0.733929
24700,paper2_deep_cfr_marl,CFR-MARL,0.557150,0.812499,0.734290
24800,paper2_deep_cfr_marl,CFR-MARL,0.556521,0.812019,0.735189
24900,paper2_deep_cfr_marl,CFR-MARL,0.561314,0.808482,0.733752
25000,paper2_deep_cfr_marl,CFR-MARL,0.564238,0.805837,0.733192
25100,paper2_deep_cfr_marl,CFR-MARL,0.570372,0.801427,0.731321
25200,paper2_deep_cfr_marl,CFR-MARL,0.564618,0.803415,0.734797
25300,paper2_deep_cfr_marl,CFR-MARL,0.567650,0.800570,0.734411
25400,paper2_deep_cfr_marl,CFR-MARL,0.572537,0.796672,0.733236
25500,paper2_deep_cfr_marl,CFR-MARL,0.571911,0.795802,0.734591
25600,paper2_deep_cfr_marl,CFR-MARL,0.578102,0.791230,0.732946
25700,paper2_deep_cfr_marl,CFR-MARL,0.576431,0.790921,0.734797
25800,paper2_deep_cfr_marl,CFR-MARL,0.577092,0.789431,0.735668
25900,paper2_deep_cfr_marl,CFR-MARL,0.582535,0.785367,0.734397
26000,paper2_deep_cfr_marl,CFR-MARL,0.579882,0.785799,0.736749
26100,paper2_deep_cfr_marl,CFR-MARL,0.587361,0.780764,0.734550
26200,paper2_deep_cfr_marl,CFR-MARL,0.585045,0.781187,0.736720
26300,paper2_deep_cfr_marl,CFR-MARL,0.595026,0.774972,0.733344
26400,paper2_deep_cfr_marl,CFR-MARL,0.595782,0.773963,0.734097
26500,paper2_deep_cfr_marl,CFR-MARL,0.591685,0.775785,0.737017
26600,paper2_deep_cfr_marl,CFR-MARL,0.594689,0.773720,0.736596
26700,paper2_deep_cfr_marl,CFR-MARL,0.593044,0.774445,0.738284
26800,paper2_deep_cfr_marl,CFR-MARL,0.594718,0.773447,0.738380
26900,paper2_deep_cfr_marl,CFR-MARL,0.600004,0.770653,0.736813
27000,paper2_deep_cfr_marl,CFR-MARL,0.606121,0.767515,0.734767
27100,paper2_deep_cfr_marl,CFR-MARL,0.597638,0.772595,0.739243
27200,paper2_deep_cfr_marl,CFR-MARL,0.599725,0.771958,0.738838
27300,paper2_deep_cfr_marl,CFR-MARL,0.606672,0.768758,0.736131
27400,paper2_deep_cfr_marl,CFR-MARL,0.612470,0.766386,0.733902
27500,paper2_deep_cfr_marl,CFR-MARL,0.614435,0.766233,0.733292
27600,paper2_deep_cfr_marl,CFR-MARL,0.615660,0.766597,0.732914
27700,paper2_deep_cfr_marl,CFR-MARL,0.610467,0.770531,0.735276
27800,paper2_deep_cfr_marl,CFR-MARL,0.613738,0.769949,0.733772
27900,paper2_deep_cfr_marl,CFR-MARL,0.612465,0.771962,0.734232
28000,paper2_deep_cfr_marl,CFR-MARL,0.612441,0.773304,0.733999
28100,paper2_deep_cfr_marl,CFR-MARL,0.610596,0.775701,0.734498
28200,paper2_deep_cfr_marl,CFR-MARL,0.618725,0.772681,0.730451
28300,paper2_deep_cfr_marl,CFR-MARL,0.612881,0.777279,0.732540
28400,paper2_deep_cfr_marl,CFR-MARL,0.611859,0.779260,0.732410
28500,paper2_deep_cfr_marl,CFR-MARL,0.615532,0.778630,0.730083
28600,paper2_deep_cfr_marl,CFR-MARL,0.613610,0.781060,0.730220
28700,paper2_deep_cfr_marl,CFR-MARL,0.618592,0.779678,0.727216
28800,paper2_deep_cfr_marl,CFR-MARL,0.613685,0.783553,0.728513
28900,paper2_deep_cfr_marl,CFR-MARL,0.616619,0.783138,0.726316
29000,paper2_deep_cfr_marl,CFR-MARL,0.617332,0.783787,0.725026
29100,paper2_deep_cfr_marl,CFR-MARL,0.617937,0.784451,0.723804
29200,paper2_deep_cfr_marl,CFR-MARL,0.614643,0.787061,0.724244
29300,paper2_deep_cfr_marl,CFR-MARL,0.610051,0.790270,0.725264
29400,paper2_deep_cfr_marl,CFR-MARL,0.609956,0.790930,0.724301
29500,paper2_deep_cfr_marl,CFR-MARL,0.606142,0.793469,0.724994
29600,paper2_deep_cfr_marl,CFR-MARL,0.605491,0.794105,0.724258
29700,paper2_deep_cfr_marl,CFR-MARL,0.606449,0.793708,0.722820
29800,paper2_deep_cfr_marl,CFR-MARL,0.604535,0.794738,0.722698
29900,paper2_deep_cfr_marl,CFR-MARL,0.600261,0.796956,0.723706
30000,paper2_deep_cfr_marl,CFR-MARL,0.604310,0.794425,0.720991
30100,paper2_deep_cfr_marl,CFR-MARL,0.603915,0.794200,0.720332
30200,paper2_deep_cfr_marl,CFR-MARL,0.601169,0.795126,0.720783
30300,paper2_deep_cfr_marl,CFR-MARL,0.596653,0.796941,0.722131
30400,paper2_deep_cfr_marl,CFR-MARL,0.596669,0.796072,0.721452
30500,paper2_deep_cfr_marl,CFR-MARL,0.594090,0.796558,0.722046
30600,paper2_deep_cfr_marl,CFR-MARL,0.597531,0.793693,0.720059
30700,paper2_deep_cfr_marl,CFR-MARL,0.596311,0.793360,0.720295
30800,paper2_deep_cfr_marl,CFR-MARL,0.588699,0.796267,0.723328
30900,paper2_deep_cfr_marl,CFR-MARL,0.591635,0.793445,0.721809
31000,paper2_deep_cfr_marl,CFR-MARL,0.586513,0.795029,0.724019
31100,paper2_deep_cfr_marl,CFR-MARL,0.582146,0.796185,0.725991
31200,paper2_deep_cfr_marl,CFR-MARL,0.589288,0.790966,0.722847
31300,paper2_deep_cfr_marl,CFR-MARL,0.582040,0.793704,0.726299
31400,paper2_deep_cfr_marl,CFR-MARL,0.580769,0.793389,0.727324
31500,paper2_deep_cfr_marl,CFR-MARL,0.573761,0.795942,0.730752
31600,paper2_deep_cfr_marl,CFR-MARL,0.587006,0.787587,0.725296
31700,paper2_deep_cfr_marl,CFR-MARL,0.579799,0.790428,0.729026
31800,paper2_deep_cfr_marl,CFR-MARL,0.583195,0.787672,0.728186
31900,paper2_deep_cfr_marl,CFR-MARL,0.580705,0.788204,0.730032
32000,paper2_deep_cfr_marl,CFR-MARL,0.581093,0.787294,0.730678
32100,paper2_deep_cfr_marl,CFR-MARL,0.583399,0.785475,0.730548
32200,paper2_deep_cfr_marl,CFR-MARL,0.575302,0.789402,0.735071
32300,paper2_deep_cfr_marl,CFR-MARL,0.568462,0.792892,0.739176
32400,paper2_deep_cfr_marl,CFR-MARL,0.579215,0.786790,0.735362
32500,paper2_deep_cfr_marl,CFR-MARL,0.579917,0.786362,0.736108
32600,paper2_deep_cfr_marl,CFR-MARL,0.576262,0.788476,0.738842
32700,paper2_deep_cfr_marl,CFR-MARL,0.574873,0.789500,0.740584
32800,paper2_deep_cfr_marl,CFR-MARL,0.580625,0.786814,0.739183
32900,paper2_deep_cfr_marl,CFR-MARL,0.577993,0.788732,0.741438
33000,paper2_deep_cfr_marl,CFR-MARL,0.576086,0.790472,0.743430
33100,paper2_deep_cfr_marl,CFR-MARL,0.579599,0.789359,0.742969
33200,paper2_deep_cfr_marl,CFR-MARL,0.577079,0.791656,0.745178
33300,paper2_deep_cfr_marl,CFR-MARL,0.584521,0.788637,0.742917
33400,paper2_deep_cfr_marl,CFR-MARL,0.579968,0.792225,0.745942
33500,paper2_deep_cfr_marl,CFR-MARL,0.579907,0.793495,0.746955
33600,paper2_deep_cfr_marl,CFR-MARL,0.583622,0.792696,0.746162
33700,paper2_deep_cfr_marl,CFR-MARL,0.583422,0.794142,0.747100
33800,paper2_deep_cfr_marl,CFR-MARL,0.583769,0.795329,0.747724
33900,paper2_deep_cfr_marl,CFR-MARL,0.587533,0.794637,0.746717
34000,paper2_deep_cfr_marl,CFR-MARL,0.585994,0.796873,0.748021
34100,paper2_deep_cfr_marl,CFR-MARL,0.590396,0.795832,0.746565
34200,paper2_deep_cfr_marl,CFR-MARL,0.596453,0.793840,0.744265
34300,paper2_deep_cfr_marl,CFR-MARL,0.591302,0.797987,0.746929
34400,paper2_deep_cfr_marl,CFR-MARL,0.593357,0.798106,0.746249
34500,paper2_deep_cfr_marl,CFR-MARL,0.599077,0.796129,0.743818
34600,paper2_deep_cfr_marl,CFR-MARL,0.600601,0.796353,0.743160
34700,paper2_deep_cfr_marl,CFR-MARL,0.605792,0.794497,0.740782
34800,paper2_deep_cfr_marl,CFR-MARL,0.603248,0.796770,0.741777
34900,paper2_deep_cfr_marl,CFR-MARL,0.602116,0.798142,0.742038
35000,paper2_deep_cfr_marl,CFR-MARL,0.608053,0.795475,0.739006
35100,paper2_deep_cfr_marl,CFR-MARL,0.606649,0.796730,0.739205
35200,paper2_deep_cfr_marl,CFR-MARL,0.611453,0.794417,0.736513
35300,paper2_deep_cfr_marl,CFR-MARL,0.615581,0.792359,0.734068
35400,paper2_deep_cfr_marl,CFR-MARL,0.613835,0.793334,0.734147
35500,paper2_deep_cfr_marl,CFR-MARL,0.616627,0.791689,0.732132
35600,paper2_deep_cfr_marl,CFR-MARL,0.622740,0.788085,0.728570
35700,paper2_deep_cfr_marl,CFR-MARL,0.619264,0.789601,0.729254
35800,paper2_deep_cfr_marl,CFR-MARL,0.615888,0.790942,0.729857
35900,paper2_deep_cfr_marl,CFR-MARL,0.622988,0.786342,0.725662
36000,paper2_deep_cfr_marl,CFR-MARL,0.624526,0.784715,0.723965
36100,paper2_deep_cfr_marl,CFR-MARL,0.630526,0.780544,0.720251
36200,paper2_deep_cfr_marl,CFR-MARL,0.622800,0.783779,0.722661
36300,paper2_deep_cfr_marl,CFR-MARL,0.625401,0.781253,0.720419
36400,paper2_deep_cfr_marl,CFR-MARL,0.633125,0.775915,0.715937
36500,paper2_deep_cfr_marl,CFR-MARL,0.630245,0.776231,0.716139
36600,paper2_deep_cfr_marl,CFR-MARL,0.632658,0.773655,0.714027
36700,paper2_deep_cfr_marl,CFR-MARL,0.627294,0.775331,0.715443
36800,paper2_deep_cfr_marl,CFR-MARL,0.638843,0.767719,0.709304
36900,paper2_deep_cfr_marl,CFR-MARL,0.632847,0.769696,0.711049
37000,paper2_deep_cfr_marl,CFR-MARL,0.634147,0.767719,0.709594
37100,paper2_deep_cfr_marl,CFR-MARL,0.639134,0.763766,0.706548
37200,paper2_deep_cfr_marl,CFR-MARL,0.634552,0.765183,0.707918
37300,paper2_deep_cfr_marl,CFR-MARL,0.631642,0.765665,0.708540
37400,paper2_deep_cfr_marl,CFR-MARL,0.630160,0.765425,0.708581
37500,paper2_deep_cfr_marl,CFR-MARL,0.632842,0.762997,0.706836
37600,paper2_deep_cfr_marl,CFR-MARL,0.626951,0.765492,0.709119
37700,paper2_deep_cfr_marl,CFR-MARL,0.637764,0.758997,0.704041
37800,paper2_deep_cfr_marl,CFR-MARL,0.639313,0.757431,0.702986
37900,paper2_deep_cfr_marl,CFR-MARL,0.636499,0.758547,0.704112
38000,paper2_deep_cfr_marl,CFR-MARL,0.637512,0.757701,0.703615
38100,paper2_deep_cfr_marl,CFR-MARL,0.630966,0.761193,0.706649
38200,paper2_deep_cfr_marl,CFR-MARL,0.626318,0.763768,0.708910
38300,paper2_deep_cfr_marl,CFR-MARL,0.629043,0.762410,0.707930
38400,paper2_deep_cfr_marl,CFR-MARL,0.630185,0.762110,0.707791
38500,paper2_deep_cfr_marl,CFR-MARL,0.628321,0.763551,0.709053
38600,paper2_deep_cfr_marl,CFR-MARL,0.628119,0.764248,0.709682
38700,paper2_deep_cfr_marl,CFR-MARL,0.627311,0.765404,0.710665
38800,paper2_deep_cfr_marl,CFR-MARL,0.626243,0.766856,0.711870
38900,paper2_deep_cfr_marl,CFR-MARL,0.625083,0.768439,0.713164
39000,paper2_deep_cfr_marl,CFR-MARL,0.627177,0.768351,0.713076
39100,paper2_deep_cfr_marl,CFR-MARL,0.616419,0.775390,0.718809
39200,paper2_deep_cfr_marl,CFR-MARL,0.616674,0.776464,0.719653
39300,paper2_deep_cfr_marl,CFR-MARL,0.614842,0.778739,0.721477
39400,paper2_deep_cfr_marl,CFR-MARL,0.611464,0.781935,0.724055
39500,paper2_deep_cfr_marl,CFR-MARL,0.619437,0.778918,0.721556
39600,paper2_deep_cfr_marl,CFR-MARL,0.607410,0.786885,0.728053
39700,paper2_deep_cfr_marl,CFR-MARL,0.615487,0.783801,0.725525
39800,paper2_deep_cfr_marl,CFR-MARL,0.609819,0.788263,0.729189
39900,paper2_deep_cfr_marl,CFR-MARL,0.605322,0.792036,0.732313
40000,paper2_deep_cfr_marl,CFR-MARL,0.611025,0.790183,0.730862
1,paper3_deep_mw_maddpg_uav_swarm,MW-MADDPG,0.211803,0.886511,0.840954
100,paper3_deep_mw_maddpg_uav_swarm,MW-MADDPG,0.194170,0.891083,0.843665
200,paper3_deep_mw_maddpg_uav_swarm,MW-MADDPG,0.208628,0.886310,0.838635
300,paper3_deep_mw_maddpg_uav_swarm,MW-MADDPG,0.210789,0.888880,0.839540
400,paper3_deep_mw_maddpg_uav_swarm,MW-MADDPG,0.212620,0.891307,0.840272
500,paper3_deep_mw_maddpg_uav_swarm,MW-MADDPG,0.215960,0.892022,0.839562
600,paper3_deep_mw_maddpg_uav_swarm,MW-MADDPG,0.220982,0.891102,0.837489
700,paper3_deep_mw_maddpg_uav_swarm,MW-MADDPG,0.217442,0.895177,0.839491
800,paper3_deep_mw_maddpg_uav_swarm,MW-MADDPG,0.219873,0.895841,0.838707
900,paper3_deep_mw_maddpg_uav_swarm,MW-MADDPG,0.224992,0.894826,0.836568
1000,paper3_deep_mw_maddpg_uav_swarm,MW-MADDPG,0.229229,0.894151,0.834741
1100,paper3_deep_mw_maddpg_uav_swarm,MW-MADDPG,0.235067,0.892466,0.832135
1200,paper3_deep_mw_maddpg_uav_swarm,MW-MADDPG,0.233806,0.894509,0.832638
1300,paper3_deep_mw_maddpg_uav_swarm,MW-MADDPG,0.235558,0.894719,0.831713
1400,paper3_deep_mw_maddpg_uav_swarm,MW-MADDPG,0.237973,0.894473,0.830496
1500,paper3_deep_mw_maddpg_uav_swarm,MW-MADDPG,0.242547,0.892908,0.828291
1600,paper3_deep_mw_maddpg_uav_swarm,MW-MADDPG,0.239533,0.895247,0.829380
1700,paper3_deep_mw_maddpg_uav_swarm,MW-MADDPG,0.243884,0.893507,0.827238
1800,paper3_deep_mw_maddpg_uav_swarm,MW-MADDPG,0.246552,0.892489,0.825798
1900,paper3_deep_mw_maddpg_uav_swarm,MW-MADDPG,0.247022,0.892489,0.825306
2000,paper3_deep_mw_maddpg_uav_swarm,MW-MADDPG,0.245676,0.893415,0.825692
2100,paper3_deep_mw_maddpg_uav_swarm,MW-MADDPG,0.253212,0.889378,0.822136
2200,paper3_deep_mw_maddpg_uav_swarm,MW-MADDPG,0.254493,0.888648,0.821406
2300,paper3_deep_mw_maddpg_uav_swarm,MW-MADDPG,0.250707,0.890491,0.822899
2400,paper3_deep_mw_maddpg_uav_swarm,MW-MADDPG,0.252626,0.889103,0.821864
2500,paper3_deep_mw_maddpg_uav_swarm,MW-MADDPG,0.254478,0.887925,0.821113
2600,paper3_deep_mw_maddpg_uav_swarm,MW-MADDPG,0.254023,0.887636,0.821196
2700,paper3_deep_mw_maddpg_uav_swarm,MW-MADDPG,0.253745,0.887349,0.821379
2800,paper3_deep_mw_maddpg_uav_swarm,MW-MADDPG,0.263986,0.881246,0.816898
2900,paper3_deep_mw_maddpg_uav_swarm,MW-MADDPG,0.262075,0.881896,0.818027
3000,paper3_deep_mw_maddpg_uav_swarm,MW-MADDPG,0.258771,0.883283,0.819834
3100,paper3_deep_mw_maddpg_uav_swarm,MW-MADDPG,0.264717,0.879399,0.817397
3200,paper3_deep_mw_maddpg_uav_swarm,MW-MADDPG,0.269054,0.876589,0.815896
3300,paper3_deep_mw_maddpg_uav_swarm,MW-MADDPG,0.273851,0.873628,0.814317
3400,paper3_deep_mw_maddpg_uav_swarm,MW-MADDPG,0.270082,0.875520,0.816746
3500,paper3_deep_mw_maddpg_uav_swarm,MW-MADDPG,0.273178,0.873601,0.816084
3600,paper3_deep_mw_maddpg_uav_swarm,MW-MADDPG,0.273222,0.873307,0.816767
3700,paper3_deep_mw_maddpg_uav_swarm,MW-MADDPG,0.280061,0.869554,0.814627
3800,paper3_deep_mw_maddpg_uav_swarm,MW-MADDPG,0.284641,0.867190,0.813619
3900,paper3_deep_mw_maddpg_uav_swarm,MW-MADDPG,0.291350,0.863728,0.811698
4000,paper3_deep_mw_maddpg_uav_swarm,MW-MADDPG,0.291512,0.863898,0.812729
4100,paper3_deep_mw_maddpg_uav_swarm,MW-MADDPG,0.290074,0.865226,0.814676
4200,paper3_deep_mw_maddpg_uav_swarm,MW-MADDPG,0.291538,0.865067,0.815369
4300,paper3_deep_mw_maddpg_uav_swarm,MW-MADDPG,0.292278,0.865405,0.816424
4400,paper3_deep_mw_maddpg_uav_swarm,MW-MADDPG,0.297314,0.863566,0.815648
4500,paper3_deep_mw_maddpg_uav_swarm,MW-MADDPG,0.298628,0.863839,0.816545
4600,paper3_deep_mw_maddpg_uav_swarm,MW-MADDPG,0.306846,0.860516,0.814441
4700,paper3_deep_mw_maddpg_uav_swarm,MW-MADDPG,0.314896,0.857387,0.812434
4800,paper3_deep_mw_maddpg_uav_swarm,MW-MADDPG,0.314649,0.859044,0.814277
4900,paper3_deep_mw_maddpg_uav_swarm,MW-MADDPG,0.318104,0.858628,0.814361
5000,paper3_deep_mw_maddpg_uav_swarm,MW-MADDPG,0.323448,0.857394,0.813709
5100,paper3_deep_mw_maddpg_uav_swarm,MW-MADDPG,0.325350,0.858075,0.814559
5200,paper3_deep_mw_maddpg_uav_swarm,MW-MADDPG,0.327454,0.858710,0.815310
5300,paper3_deep_mw_maddpg_uav_swarm,MW-MADDPG,0.330302,0.859029,0.815740
5400,paper3_deep_mw_maddpg_uav_swarm,MW-MADDPG,0.336284,0.857677,0.814746
5500,paper3_deep_mw_maddpg_uav_swarm,MW-MADDPG,0.342293,0.856402,0.813761
5600,paper3_deep_mw_maddpg_uav_swarm,MW-MADDPG,0.336858,0.861292,0.817771
5700,paper3_deep_mw_maddpg_uav_swarm,MW-MADDPG,0.349793,0.856217,0.813583
5800,paper3_deep_mw_maddpg_uav_swarm,MW-MADDPG,0.355251,0.855424,0.812860
5900,paper3_deep_mw_maddpg_uav_swarm,MW-MADDPG,0.357226,0.856073,0.813282
6000,paper3_deep_mw_maddpg_uav_swarm,MW-MADDPG,0.361027,0.855876,0.812985
6100,paper3_deep_mw_maddpg_uav_swarm,MW-MADDPG,0.365275,0.855419,0.812452
6200,paper3_deep_mw_maddpg_uav_swarm,MW-MADDPG,0.363196,0.858342,0.814668
6300,paper3_deep_mw_maddpg_uav_swarm,MW-MADDPG,0.371074,0.855719,0.812337
6400,paper3_deep_mw_maddpg_uav_swarm,MW-MADDPG,0.377056,0.853993,0.810733
6500,paper3_deep_mw_maddpg_uav_swarm,MW-MADDPG,0.377944,0.854952,0.811327
6600,paper3_deep_mw_maddpg_uav_swarm,MW-MADDPG,0.374795,0.858041,0.813668
6700,paper3_deep_mw_maddpg_uav_swarm,MW-MADDPG,0.385047,0.853712,0.809951
6800,paper3_deep_mw_maddpg_uav_swarm,MW-MADDPG,0.388290,0.852875,0.809102
6900,paper3_deep_mw_maddpg_uav_swarm,MW-MADDPG,0.393838,0.850708,0.807183
7000,paper3_deep_mw_maddpg_uav_swarm,MW-MADDPG,0.396315,0.850150,0.806600
7100,paper3_deep_mw_maddpg_uav_swarm,MW-MADDPG,0.398606,0.849696,0.806122
7200,paper3_deep_mw_maddpg_uav_swarm,MW-MADDPG,0.404674,0.846647,0.803545
7300,paper3_deep_mw_maddpg_uav_swarm,MW-MADDPG,0.412163,0.842953,0.800464
7400,paper3_deep_mw_maddpg_uav_swarm,MW-MADDPG,0.411716,0.843227,0.800652
7500,paper3_deep_mw_maddpg_uav_swarm,MW-MADDPG,0.410775,0.843828,0.801131
7600,paper3_deep_mw_maddpg_uav_swarm,MW-MADDPG,0.417091,0.840215,0.798185
7700,paper3_deep_mw_maddpg_uav_swarm,MW-MADDPG,0.418561,0.839180,0.797367
7800,paper3_deep_mw_maddpg_uav_swarm,MW-MADDPG,0.430216,0.832398,0.791865
7900,paper3_deep_mw_maddpg_uav_swarm,MW-MADDPG,0.423961,0.835418,0.794397
8000,paper3_deep_mw_maddpg_uav_swarm,MW-MADDPG,0.431878,0.830489,0.790435
8100,paper3_deep_mw_maddpg_uav_swarm,MW-MADDPG,0.430167,0.830763,0.790738
8200,paper3_deep_mw_maddpg_uav_swarm,MW-MADDPG,0.433755,0.828092,0.788634
8300,paper3_deep_mw_maddpg_uav_swarm,MW-MADDPG,0.440192,0.823803,0.785205
8400,paper3_deep_mw_maddpg_uav_swarm,MW-MADDPG,0.437725,0.824369,0.785742
8500,paper3_deep_mw_maddpg_uav_swarm,MW-MADDPG,0.438813,0.822948,0.784642
8600,paper3_deep_mw_maddpg_uav_swarm,MW-MADDPG,0.442530,0.820078,0.782341
8700,paper3_deep_mw_maddpg_uav_swarm,MW-MADDPG,0.442688,0.819234,0.781678
8800,paper3_deep_mw_maddpg_uav_swarm,MW-MADDPG,0.450192,0.814355,0.777690
8900,paper3_deep_mw_maddpg_uav_swarm,MW-MADDPG,0.441167,0.818593,0.781134
9000,paper3_deep_mw_maddpg_uav_swarm,MW-MADDPG,0.446062,0.815280,0.778369
9100,paper3_deep_mw_maddpg_uav_swarm,MW-MADDPG,0.447423,0.813852,0.777111
9200,paper3_deep_mw_maddpg_uav_swarm,MW-MADDPG,0.452368,0.810701,0.774406
9300,paper3_deep_mw_maddpg_uav_swarm,MW-MADDPG,0.450080,0.811494,0.774890
9400,paper3_deep_mw_maddpg_uav_swarm,MW-MADDPG,0.449195,0.811888,0.775007
9500,paper3_deep_mw_maddpg_uav_swarm,MW-MADDPG,0.449911,0.811165,0.774170
9600,paper3_deep_mw_maddpg_uav_swarm,MW-MADDPG,0.451848,0.810184,0.773082
9700,paper3_deep_mw_maddpg_uav_swarm,MW-MADDPG,0.456870,0.807466,0.770533
9800,paper3_deep_mw_maddpg_uav_swarm,MW-MADDPG,0.455283,0.808573,0.771078
9900,paper3_deep_mw_maddpg_uav_swarm,MW-MADDPG,0.457120,0.807967,0.770186
10000,paper3_deep_mw_maddpg_uav_swarm,MW-MADDPG,0.447240,0.814032,0.774721
10100,paper3_deep_mw_maddpg_uav_swarm,MW-MADDPG,0.458846,0.808313,0.769588
10200,paper3_deep_mw_maddpg_uav_swarm,MW-MADDPG,0.448746,0.814655,0.774300
10300,paper3_deep_mw_maddpg_uav_swarm,MW-MADDPG,0.455852,0.811656,0.771352
10400,paper3_deep_mw_maddpg_uav_swarm,MW-MADDPG,0.454259,0.813646,0.772478
10500,paper3_deep_mw_maddpg_uav_swarm,MW-MADDPG,0.453484,0.815291,0.773316
10600,paper3_deep_mw_maddpg_uav_swarm,MW-MADDPG,0.455019,0.815761,0.773196
10700,paper3_deep_mw_maddpg_uav_swarm,MW-MADDPG,0.456933,0.816128,0.773002
10800,paper3_deep_mw_maddpg_uav_swarm,MW-MADDPG,0.451171,0.820790,0.776341
10900,paper3_deep_mw_maddpg_uav_swarm,MW-MADDPG,0.450854,0.822610,0.777382
11000,paper3_deep_mw_maddpg_uav_swarm,MW-MADDPG,0.448468,0.825526,0.779352
11100,paper3_deep_mw_maddpg_uav_swarm,MW-MADDPG,0.446101,0.828632,0.781521
11200,paper3_deep_mw_maddpg_uav_swarm,MW-MADDPG,0.452897,0.826509,0.779460
11300,paper3_deep_mw_maddpg_uav_swarm,MW-MADDPG,0.451616,0.828942,0.781185
11400,paper3_deep_mw_maddpg_uav_swarm,MW-MADDPG,0.452450,0.830254,0.782056
11500,paper3_deep_mw_maddpg_uav_swarm,MW-MADDPG,0.456252,0.829866,0.781606
11600,paper3_deep_mw_maddpg_uav_swarm,MW-MADDPG,0.449653,0.835199,0.785914
11700,paper3_deep_mw_maddpg_uav_swarm,MW-MADDPG,0.448868,0.837239,0.787608
11800,paper3_deep_mw_maddpg_uav_swarm,MW-MADDPG,0.443487,0.841829,0.791474
11900,paper3_deep_mw_maddpg_uav_swarm,MW-MADDPG,0.452454,0.838322,0.788804
12000,paper3_deep_mw_maddpg_uav_swarm,MW-MADDPG,0.451589,0.840185,0.790618
12100,paper3_deep_mw_maddpg_uav_swarm,MW-MADDPG,0.450256,0.842288,0.792722
12200,paper3_deep_mw_maddpg_uav_swarm,MW-MADDPG,0.455213,0.840706,0.791902
12300,paper3_deep_mw_maddpg_uav_swarm,MW-MADDPG,0.455994,0.841306,0.792960
12400,paper3_deep_mw_maddpg_uav_swarm,MW-MADDPG,0.455284,0.842583,0.794661
12500,paper3_deep_mw_maddpg_uav_swarm,MW-MADDPG,0.455973,0.842970,0.795719
12600,paper3_deep_mw_maddpg_uav_swarm,MW-MADDPG,0.455018,0.844104,0.797470
12700,paper3_deep_mw_maddpg_uav_swarm,MW-MADDPG,0.458273,0.842939,0.797416
12800,paper3_deep_mw_maddpg_uav_swarm,MW-MADDPG,0.459902,0.842223,0.797798
12900,paper3_deep_mw_maddpg_uav_swarm,MW-MADDPG,0.464496,0.839868,0.796900
13000,paper3_deep_mw_maddpg_uav_swarm,MW-MADDPG,0.460673,0.841972,0.799703
13100,paper3_deep_mw_maddpg_uav_swarm,MW-MADDPG,0.458045,0.843315,0.801926
13200,paper3_deep_mw_maddpg_uav_swarm,MW-MADDPG,0.466849,0.838268,0.798952
13300,paper3_deep_mw_maddpg_uav_swarm,MW-MADDPG,0.465613,0.838507,0.800323
13400,paper3_deep_mw_maddpg_uav_swarm,MW-MADDPG,0.464479,0.838619,0.801600
13500,paper3_deep_mw_maddpg_uav_swarm,MW-MADDPG,0.469398,0.835295,0.800062
13600,paper3_deep_mw_maddpg_uav_swarm,MW-MADDPG,0.463167,0.838020,0.803456
13700,paper3_deep_mw_maddpg_uav_swarm,MW-MADDPG,0.473031,0.831758,0.799469
13800,paper3_deep_mw_maddpg_uav_swarm,MW-MADDPG,0.466968,0.834335,0.802670
13900,paper3_deep_mw_maddpg_uav_swarm,MW-MADDPG,0.473398,0.829729,0.799940
14000,paper3_deep_mw_maddpg_uav_swarm,MW-MADDPG,0.475854,0.827387,0.798995
14100,paper3_deep_mw_maddpg_uav_swarm,MW-MADDPG,0.482884,0.822531,0.795913
14200,paper3_deep_mw_maddpg_uav_swarm,MW-MADDPG,0.479709,0.823271,0.797318
14300,paper3_deep_mw_maddpg_uav_swarm,MW-MADDPG,0.483192,0.820331,0.795611
14400,paper3_deep_mw_maddpg_uav_swarm,MW-MADDPG,0.480015,0.821165,0.796878
14500,paper3_deep_mw_maddpg_uav_swarm,MW-MADDPG,0.489895,0.814746,0.792092
14600,paper3_deep_mw_maddpg_uav_swarm,MW-MADDPG,0.488631,0.814532,0.792253
14700,paper3_deep_mw_maddpg_uav_swarm,MW-MADDPG,0.496614,0.809404,0.788259
14800,paper3_deep_mw_maddpg_uav_swarm,MW-MADDPG,0.497566,0.808055,0.787215
14900,paper3_deep_mw_maddpg_uav_swarm,MW-MADDPG,0.493095,0.809932,0.788668
15000,paper3_deep_mw_maddpg_uav_swarm,MW-MADDPG,0.500163,0.805512,0.784822
15100,paper3_deep_mw_maddpg_uav_swarm,MW-MADDPG,0.505175,0.802320,0.781834
15200,paper3_deep_mw_maddpg_uav_swarm,MW-MADDPG,0.506112,0.801517,0.780654
15300,paper3_deep_mw_maddpg_uav_swarm,MW-MADDPG,0.503859,0.802642,0.780909
15400,paper3_deep_mw_maddpg_uav_swarm,MW-MADDPG,0.512502,0.797871,0.776200
15500,paper3_deep_mw_maddpg_uav_swarm,MW-MADDPG,0.519793,0.793952,0.772056
15600,paper3_deep_mw_maddpg_uav_swarm,MW-MADDPG,0.522262,0.792936,0.770161
15700,paper3_deep_mw_maddpg_uav_swarm,MW-MADDPG,0.522369,0.793294,0.769273
15800,paper3_deep_mw_maddpg_uav_swarm,MW-MADDPG,0.527411,0.791115,0.766203
15900,paper3_deep_mw_maddpg_uav_swarm,MW-MADDPG,0.530350,0.790175,0.764053
16000,paper3_deep_mw_maddpg_uav_swarm,MW-MADDPG,0.531000,0.790637,0.762969
16100,paper3_deep_mw_maddpg_uav_swarm,MW-MADDPG,0.530562,0.791829,0.762415
16200,paper3_deep_mw_maddpg_uav_swarm,MW-MADDPG,0.533881,0.791131,0.760262
16300,paper3_deep_mw_maddpg_uav_swarm,MW-MADDPG,0.531555,0.793615,0.760676
16400,paper3_deep_mw_maddpg_uav_swarm,MW-MADDPG,0.534944,0.793129,0.758641
16500,paper3_deep_mw_maddpg_uav_swarm,MW-MADDPG,0.539373,0.791974,0.756057
16600,paper3_deep_mw_maddpg_uav_swarm,MW-MADDPG,0.538106,0.794127,0.756195
16700,paper3_deep_mw_maddpg_uav_swarm,MW-MADDPG,0.543715,0.792518,0.753288
16800,paper3_deep_mw_maddpg_uav_swarm,MW-MADDPG,0.539695,0.796381,0.754908
16900,paper3_deep_mw_maddpg_uav_swarm,MW-MADDPG,0.543575,0.795753,0.752921
17000,paper3_deep_mw_maddpg_uav_swarm,MW-MADDPG,0.543980,0.797177,0.752698
17100,paper3_deep_mw_maddpg_uav_swarm,MW-MADDPG,0.549343,0.795726,0.750222
17200,paper3_deep_mw_maddpg_uav_swarm,MW-MADDPG,0.550401,0.796737,0.749877
17300,paper3_deep_mw_maddpg_uav_swarm,MW-MADDPG,0.550396,0.798212,0.750042
17400,paper3_deep_mw_maddpg_uav_swarm,MW-MADDPG,0.558463,0.795249,0.746718
17500,paper3_deep_mw_maddpg_uav_swarm,MW-MADDPG,0.552331,0.800013,0.749871
17600,paper3_deep_mw_maddpg_uav_swarm,MW-MADDPG,0.558940,0.797662,0.747368
17700,paper3_deep_mw_maddpg_uav_swarm,MW-MADDPG,0.554637,0.801218,0.749871
17800,paper3_deep_mw_maddpg_uav_swarm,MW-MADDPG,0.556594,0.801247,0.749668
17900,paper3_deep_mw_maddpg_uav_swarm,MW-MADDPG,0.556261,0.802404,0.750573
18000,paper3_deep_mw_maddpg_uav_swarm,MW-MADDPG,0.559888,0.801237,0.749765
18100,paper3_deep_mw_maddpg_uav_swarm,MW-MADDPG,0.561537,0.801046,0.749943
18200,paper3_deep_mw_maddpg_uav_swarm,MW-MADDPG,0.556628,0.804282,0.753114
18300,paper3_deep_mw_maddpg_uav_swarm,MW-MADDPG,0.563772,0.800815,0.750986
18400,paper3_deep_mw_maddpg_uav_swarm,MW-MADDPG,0.563870,0.800996,0.752021
18500,paper3_deep_mw_maddpg_uav_swarm,MW-MADDPG,0.552879,0.807135,0.758105
18600,paper3_deep_mw_maddpg_uav_swarm,MW-MADDPG,0.555032,0.805935,0.758347
18700,paper3_deep_mw_maddpg_uav_swarm,MW-MADDPG,0.555180,0.805694,0.759528
18800,paper3_deep_mw_maddpg_uav_swarm,MW-MADDPG,0.557322,0.804140,0.759774
18900,paper3_deep_mw_maddpg_uav_swarm,MW-MADDPG,0.553627,0.805745,0.762731
19000,paper3_deep_mw_maddpg_uav_swarm,MW-MADDPG,0.557764,0.802890,0.762151
19100,paper3_deep_mw_maddpg_uav_swarm,MW-MADDPG,0.559210,0.801410,0.762789
19200,paper3_deep_mw_maddpg_uav_swarm,MW-MADDPG,0.554807,0.803014,0.766026
19300,paper3_deep_mw_maddpg_uav_swarm,MW-MADDPG,0.556893,0.800986,0.766348
19400,paper3_deep_mw_maddpg_uav_swarm,MW-MADDPG,0.558293,0.799222,0.766922
19500,paper3_deep_mw_maddpg_uav_swarm,MW-MADDPG,0.553136,0.801026,0.770432
19600,paper3_deep_mw_maddpg_uav_swarm,MW-MADDPG,0.547798,0.802916,0.774009
19700,paper3_deep_mw_maddpg_uav_swarm,MW-MADDPG,0.548508,0.801378,0.774754
19800,paper3_deep_mw_maddpg_uav_swarm,MW-MADDPG,0.547754,0.800620,0.776092
19900,paper3_deep_mw_maddpg_uav_swarm,MW-MADDPG,0.548485,0.799080,0.776723
20000,paper3_deep_mw_maddpg_uav_swarm,MW-MADDPG,0.553203,0.795374,0.775495
20100,paper3_deep_mw_maddpg_uav_swarm,MW-MADDPG,0.541791,0.800759,0.781600
20200,paper3_deep_mw_maddpg_uav_swarm,MW-MADDPG,0.545015,0.797755,0.780717
20300,paper3_deep_mw_maddpg_uav_swarm,MW-MADDPG,0.547261,0.795542,0.780341
20400,paper3_deep_mw_maddpg_uav_swarm,MW-MADDPG,0.544509,0.796167,0.782131
20500,paper3_deep_mw_maddpg_uav_swarm,MW-MADDPG,0.538817,0.798503,0.785149
20600,paper3_deep_mw_maddpg_uav_swarm,MW-MADDPG,0.539128,0.797623,0.785354
20700,paper3_deep_mw_maddpg_uav_swarm,MW-MADDPG,0.544160,0.794280,0.783350
20800,paper3_deep_mw_maddpg_uav_swarm,MW-MADDPG,0.539832,0.796191,0.785443
20900,paper3_deep_mw_maddpg_uav_swarm,MW-MADDPG,0.539474,0.796028,0.785632
21000,paper3_deep_mw_maddpg_uav_swarm,MW-MADDPG,0.539064,0.796041,0.785752
21100,paper3_deep_mw_maddpg_uav_swarm,MW-MADDPG,0.534358,0.798590,0.787733
21200,paper3_deep_mw_maddpg_uav_swarm,MW-MADDPG,0.532656,0.799749,0.788362
21300,paper3_deep_mw_maddpg_uav_swarm,MW-MADDPG,0.536663,0.797655,0.786118
21400,paper3_deep_mw_maddpg_uav_swarm,MW-MADDPG,0.539301,0.796597,0.784516
21500,paper3_deep_mw_maddpg_uav_swarm,MW-MADDPG,0.542446,0.795367,0.782572
21600,paper3_deep_mw_maddpg_uav_swarm,MW-MADDPG,0.539959,0.797458,0.783154
21700,paper3_deep_mw_maddpg_uav_swarm,MW-MADDPG,0.536768,0.799982,0.783912
21800,paper3_deep_mw_maddpg_uav_swarm,MW-MADDPG,0.534840,0.801952,0.784049
21900,paper3_deep_mw_maddpg_uav_swarm,MW-MADDPG,0.538875,0.800782,0.781465
22000,paper3_deep_mw_maddpg_uav_swarm,MW-MADDPG,0.538641,0.802047,0.780738
22100,paper3_deep_mw_maddpg_uav_swarm,MW-MADDPG,0.536033,0.804730,0.781054
22200,paper3_deep_mw_maddpg_uav_swarm,MW-MADDPG,0.538427,0.804709,0.779059
22300,paper3_deep_mw_maddpg_uav_swarm,MW-MADDPG,0.543355,0.803396,0.775929
22400,paper3_deep_mw_maddpg_uav_swarm,MW-MADDPG,0.541649,0.805736,0.775731
22500,paper3_deep_mw_maddpg_uav_swarm,MW-MADDPG,0.535926,0.810485,0.777469
22600,paper3_deep_mw_maddpg_uav_swarm,MW-MADDPG,0.538404,0.810436,0.775269
22700,paper3_deep_mw_maddpg_uav_swarm,MW-MADDPG,0.546071,0.807708,0.770886
22800,paper3_deep_mw_maddpg_uav_swarm,MW-MADDPG,0.544162,0.810240,0.770840
22900,paper3_deep_mw_maddpg_uav_swarm,MW-MADDPG,0.545632,0.811029,0.769421
23000,paper3_deep_mw_maddpg_uav_swarm,MW-MADDPG,0.544715,0.812747,0.768837
23100,paper3_deep_mw_maddpg_uav_swarm,MW-MADDPG,0.543695,0.814743,0.768576
23200,paper3_deep_mw_maddpg_uav_swarm,MW-MADDPG,0.549336,0.812853,0.765253
23300,paper3_deep_mw_maddpg_uav_swarm,MW-MADDPG,0.556329,0.810151,0.761399
23400,paper3_deep_mw_maddpg_uav_swarm,MW-MADDPG,0.556694,0.810990,0.760594
23500,paper3_deep_mw_maddpg_uav_swarm,MW-MADDPG,0.553516,0.813735,0.761515
23600,paper3_deep_mw_maddpg_uav_swarm,MW-MADDPG,0.557145,0.812535,0.759389
23700,paper3_deep_mw_maddpg_uav_swarm,MW-MADDPG,0.562031,0.810543,0.756807
23800,paper3_deep_mw_maddpg_uav_swarm,MW-MADDPG,0.560334,0.812016,0.757262
23900,paper3_deep_mw_maddpg_uav_swarm,MW-MADDPG,0.568740,0.807824,0.753293
24000,paper3_deep_mw_maddpg_uav_swarm,MW-MADDPG,0.568749,0.808115,0.753206
24100,paper3_deep_mw_maddpg_uav_swarm,MW-MADDPG,0.566037,0.809635,0.754344
24200,paper3_deep_mw_maddpg_uav_swarm,MW-MADDPG,0.568808,0.808060,0.753168
24300,paper3_deep_mw_maddpg_uav_swarm,MW-MADDPG,0.575214,0.804396,0.750502
24400,paper3_deep_mw_maddpg_uav_swarm,MW-MADDPG,0.572402,0.805725,0.752136
24500,paper3_deep_mw_maddpg_uav_swarm,MW-MADDPG,0.576492,0.802875,0.750557
24600,paper3_deep_mw_maddpg_uav_swarm,MW-MADDPG,0.578823,0.800987,0.749967
24700,paper3_deep_mw_maddpg_uav_swarm,MW-MADDPG,0.580296,0.799460,0.749862
24800,paper3_deep_mw_maddpg_uav_swarm,MW-MADDPG,0.581090,0.798222,0.750172
24900,paper3_deep_mw_maddpg_uav_swarm,MW-MADDPG,0.585626,0.794759,0.748825
25000,paper3_deep_mw_maddpg_uav_swarm,MW-MADDPG,0.591200,0.790905,0.747306
25100,paper3_deep_mw_maddpg_uav_swarm,MW-MADDPG,0.580897,0.795335,0.752696
25200,paper3_deep_mw_maddpg_uav_swarm,MW-MADDPG,0.597144,0.785242,0.746316
25300,paper3_deep_mw_maddpg_uav_swarm,MW-MADDPG,0.597767,0.783689,0.747016
25400,paper3_deep_mw_maddpg_uav_swarm,MW-MADDPG,0.597364,0.782708,0.748257
25500,paper3_deep_mw_maddpg_uav_swarm,MW-MADDPG,0.596213,0.782121,0.749871
25600,paper3_deep_mw_maddpg_uav_swarm,MW-MADDPG,0.598352,0.779897,0.750175
25700,paper3_deep_mw_maddpg_uav_swarm,MW-MADDPG,0.600134,0.777624,0.750447
25800,paper3_deep_mw_maddpg_uav_swarm,MW-MADDPG,0.604506,0.774062,0.749650
25900,paper3_deep_mw_maddpg_uav_swarm,MW-MADDPG,0.603427,0.773558,0.751320
26000,paper3_deep_mw_maddpg_uav_swarm,MW-MADDPG,0.608951,0.769551,0.750066
26100,paper3_deep_mw_maddpg_uav_swarm,MW-MADDPG,0.606709,0.769825,0.752238
26200,paper3_deep_mw_maddpg_uav_swarm,MW-MADDPG,0.607007,0.768814,0.753262
26300,paper3_deep_mw_maddpg_uav_swarm,MW-MADDPG,0.610022,0.766451,0.753064
26400,paper3_deep_mw_maddpg_uav_swarm,MW-MADDPG,0.608875,0.766464,0.754678
26500,paper3_deep_mw_maddpg_uav_swarm,MW-MADDPG,0.612184,0.764216,0.754295
26600,paper3_deep_mw_maddpg_uav_swarm,MW-MADDPG,0.611730,0.764071,0.755470
26700,paper3_deep_mw_maddpg_uav_swarm,MW-MADDPG,0.604735,0.767739,0.759592
26800,paper3_deep_mw_maddpg_uav_swarm,MW-MADDPG,0.607728,0.765993,0.759100
26900,paper3_deep_mw_maddpg_uav_swarm,MW-MADDPG,0.615692,0.761760,0.756381
27000,paper3_deep_mw_maddpg_uav_swarm,MW-MADDPG,0.611949,0.764050,0.758801
27100,paper3_deep_mw_maddpg_uav_swarm,MW-MADDPG,0.614301,0.763125,0.758388
27200,paper3_deep_mw_maddpg_uav_swarm,MW-MADDPG,0.607763,0.767229,0.761887
27300,paper3_deep_mw_maddpg_uav_swarm,MW-MADDPG,0.604186,0.769864,0.763979
27400,paper3_deep_mw_maddpg_uav_swarm,MW-MADDPG,0.607250,0.768984,0.762994
27500,paper3_deep_mw_maddpg_uav_swarm,MW-MADDPG,0.611616,0.767474,0.761297
27600,paper3_deep_mw_maddpg_uav_swarm,MW-MADDPG,0.609025,0.769947,0.762668
27700,paper3_deep_mw_maddpg_uav_swarm,MW-MADDPG,0.610533,0.770230,0.762066
27800,paper3_deep_mw_maddpg_uav_swarm,MW-MADDPG,0.611780,0.770761,0.761497
27900,paper3_deep_mw_maddpg_uav_swarm,MW-MADDPG,0.603821,0.776420,0.764963
28000,paper3_deep_mw_maddpg_uav_swarm,MW-MADDPG,0.602871,0.778269,0.765167
28100,paper3_deep_mw_maddpg_uav_swarm,MW-MADDPG,0.601823,0.780226,0.765328
28200,paper3_deep_mw_maddpg_uav_swarm,MW-MADDPG,0.597169,0.784232,0.767052
28300,paper3_deep_mw_maddpg_uav_swarm,MW-MADDPG,0.603462,0.782162,0.763708
28400,paper3_deep_mw_maddpg_uav_swarm,MW-MADDPG,0.606059,0.782188,0.762000
28500,paper3_deep_mw_maddpg_uav_swarm,MW-MADDPG,0.597307,0.788391,0.765286
28600,paper3_deep_mw_maddpg_uav_swarm,MW-MADDPG,0.599521,0.788522,0.763563
28700,paper3_deep_mw_maddpg_uav_swarm,MW-MADDPG,0.601003,0.789034,0.762131
28800,paper3_deep_mw_maddpg_uav_swarm,MW-MADDPG,0.594051,0.794067,0.764395
28900,paper3_deep_mw_maddpg_uav_swarm,MW-MADDPG,0.590116,0.797448,0.765325
29000,paper3_deep_mw_maddpg_uav_swarm,MW-MADDPG,0.595038,0.795758,0.762144
29100,paper3_deep_mw_maddpg_uav_swarm,MW-MADDPG,0.592403,0.798163,0.762366
29200,paper3_deep_mw_maddpg_uav_swarm,MW-MADDPG,0.587199,0.801865,0.763720
29300,paper3_deep_mw_maddpg_uav_swarm,MW-MADDPG,0.587752,0.802258,0.762456
29400,paper3_deep_mw_maddpg_uav_swarm,MW-MADDPG,0.582582,0.805710,0.763799
29500,paper3_deep_mw_maddpg_uav_swarm,MW-MADDPG,0.584547,0.805036,0.761882
29600,paper3_deep_mw_maddpg_uav_swarm,MW-MADDPG,0.587217,0.803893,0.759711
29700,paper3_deep_mw_maddpg_uav_swarm,MW-MADDPG,0.582895,0.806369,0.760641
29800,paper3_deep_mw_maddpg_uav_swarm,MW-MADDPG,0.581433,0.807155,0.760340
29900,paper3_deep_mw_maddpg_uav_swarm,MW-MADDPG,0.581420,0.807011,0.759434
30000,paper3_deep_mw_maddpg_uav_swarm,MW-MADDPG,0.582865,0.805927,0.757924
30100,paper3_deep_mw_maddpg_uav_swarm,MW-MADDPG,0.575404,0.809574,0.760451
30200,paper3_deep_mw_maddpg_uav_swarm,MW-MADDPG,0.577432,0.807900,0.758793
30300,paper3_deep_mw_maddpg_uav_swarm,MW-MADDPG,0.579799,0.805915,0.757051
30400,paper3_deep_mw_maddpg_uav_swarm,MW-MADDPG,0.579643,0.805181,0.756501
30500,paper3_deep_mw_maddpg_uav_swarm,MW-MADDPG,0.579625,0.804235,0.755942
30600,paper3_deep_mw_maddpg_uav_swarm,MW-MADDPG,0.570498,0.808278,0.759624
30700,paper3_deep_mw_maddpg_uav_swarm,MW-MADDPG,0.576502,0.803868,0.756543
30800,paper3_deep_mw_maddpg_uav_swarm,MW-MADDPG,0.569107,0.806779,0.759597
30900,paper3_deep_mw_maddpg_uav_swarm,MW-MADDPG,0.576430,0.801537,0.756115
31000,paper3_deep_mw_maddpg_uav_swarm,MW-MADDPG,0.573901,0.801684,0.757167
31100,paper3_deep_mw_maddpg_uav_swarm,MW-MADDPG,0.571576,0.801704,0.758228
31200,paper3_deep_mw_maddpg_uav_swarm,MW-MADDPG,0.573368,0.799461,0.757536
31300,paper3_deep_mw_maddpg_uav_swarm,MW-MADDPG,0.574682,0.797511,0.757169
31400,paper3_deep_mw_maddpg_uav_swarm,MW-MADDPG,0.572181,0.797671,0.758600
31500,paper3_deep_mw_maddpg_uav_swarm,MW-MADDPG,0.578008,0.793308,0.756385
31600,paper3_deep_mw_maddpg_uav_swarm,MW-MADDPG,0.577618,0.792412,0.757049
31700,paper3_deep_mw_maddpg_uav_swarm,MW-MADDPG,0.572188,0.794377,0.760079
31800,paper3_deep_mw_maddpg_uav_swarm,MW-MADDPG,0.577587,0.790469,0.758313
31900,paper3_deep_mw_maddpg_uav_swarm,MW-MADDPG,0.580240,0.788229,0.757907
32000,paper3_deep_mw_maddpg_uav_swarm,MW-MADDPG,0.577274,0.789089,0.760017
32100,paper3_deep_mw_maddpg_uav_swarm,MW-MADDPG,0.577928,0.788134,0.760610
32200,paper3_deep_mw_maddpg_uav_swarm,MW-MADDPG,0.583035,0.784899,0.759289
32300,paper3_deep_mw_maddpg_uav_swarm,MW-MADDPG,0.577675,0.787500,0.762682
32400,paper3_deep_mw_maddpg_uav_swarm,MW-MADDPG,0.587698,0.781806,0.759217
32500,paper3_deep_mw_maddpg_uav_swarm,MW-MADDPG,0.585894,0.782790,0.761134
32600,paper3_deep_mw_maddpg_uav_swarm,MW-MADDPG,0.583787,0.784084,0.763212
32700,paper3_deep_mw_maddpg_uav_swarm,MW-MADDPG,0.588607,0.781656,0.762145
32800,paper3_deep_mw_maddpg_uav_swarm,MW-MADDPG,0.592655,0.779843,0.761474
32900,paper3_deep_mw_maddpg_uav_swarm,MW-MADDPG,0.592344,0.780541,0.762745
33000,paper3_deep_mw_maddpg_uav_swarm,MW-MADDPG,0.588307,0.783498,0.765748
33100,paper3_deep_mw_maddpg_uav_swarm,MW-MADDPG,0.595198,0.780479,0.763742
33200,paper3_deep_mw_maddpg_uav_swarm,MW-MADDPG,0.594617,0.781721,0.765102
33300,paper3_deep_mw_maddpg_uav_swarm,MW-MADDPG,0.600231,0.779653,0.763633
33400,paper3_deep_mw_maddpg_uav_swarm,MW-MADDPG,0.601134,0.780296,0.764263
33500,paper3_deep_mw_maddpg_uav_swarm,MW-MADDPG,0.608124,0.777664,0.762097
33600,paper3_deep_mw_maddpg_uav_swarm,MW-MADDPG,0.607121,0.779502,0.763476
33700,paper3_deep_mw_maddpg_uav_swarm,MW-MADDPG,0.608193,0.780208,0.763822
33800,paper3_deep_mw_maddpg_uav_swarm,MW-MADDPG,0.603567,0.784129,0.766698
33900,paper3_deep_mw_maddpg_uav_swarm,MW-MADDPG,0.610907,0.781516,0.764133
34000,paper3_deep_mw_maddpg_uav_swarm,MW-MADDPG,0.616773,0.779657,0.762099
34100,paper3_deep_mw_maddpg_uav_swarm,MW-MADDPG,0.619232,0.779655,0.761507
34200,paper3_deep_mw_maddpg_uav_swarm,MW-MADDPG,0.616265,0.782617,0.763273
34300,paper3_deep_mw_maddpg_uav_swarm,MW-MADDPG,0.622583,0.780495,0.760821
34400,paper3_deep_mw_maddpg_uav_swarm,MW-MADDPG,0.616982,0.784859,0.763627
34500,paper3_deep_mw_maddpg_uav_swarm,MW-MADDPG,0.621463,0.783522,0.761732
34600,paper3_deep_mw_maddpg_uav_swarm,MW-MADDPG,0.620898,0.784879,0.762014
34700,paper3_deep_mw_maddpg_uav_swarm,MW-MADDPG,0.626013,0.783052,0.759673
34800,paper3_deep_mw_maddpg_uav_swarm,MW-MADDPG,0.625400,0.784274,0.759821
34900,paper3_deep_mw_maddpg_uav_swarm,MW-MADDPG,0.631672,0.781540,0.756734
35000,paper3_deep_mw_maddpg_uav_swarm,MW-MADDPG,0.626693,0.784957,0.758693
35100,paper3_deep_mw_maddpg_uav_swarm,MW-MADDPG,0.630203,0.783441,0.756637
35200,paper3_deep_mw_maddpg_uav_swarm,MW-MADDPG,0.627081,0.785659,0.757665
35300,paper3_deep_mw_maddpg_uav_swarm,MW-MADDPG,0.634119,0.781808,0.753764
35400,paper3_deep_mw_maddpg_uav_swarm,MW-MADDPG,0.636446,0.780598,0.752068
35500,paper3_deep_mw_maddpg_uav_swarm,MW-MADDPG,0.632335,0.782746,0.753168
35600,paper3_deep_mw_maddpg_uav_swarm,MW-MADDPG,0.636832,0.780018,0.750334
35700,paper3_deep_mw_maddpg_uav_swarm,MW-MADDPG,0.627798,0.784622,0.753557
35800,paper3_deep_mw_maddpg_uav_swarm,MW-MADDPG,0.634501,0.780364,0.749590
35900,paper3_deep_mw_maddpg_uav_swarm,MW-MADDPG,0.632808,0.780646,0.749401
36000,paper3_deep_mw_maddpg_uav_swarm,MW-MADDPG,0.638252,0.776890,0.745973
36100,paper3_deep_mw_maddpg_uav_swarm,MW-MADDPG,0.628795,0.781184,0.749196
36200,paper3_deep_mw_maddpg_uav_swarm,MW-MADDPG,0.627777,0.780748,0.748613
36300,paper3_deep_mw_maddpg_uav_swarm,MW-MADDPG,0.632985,0.776801,0.745220
36400,paper3_deep_mw_maddpg_uav_swarm,MW-MADDPG,0.634134,0.774987,0.743633
36500,paper3_deep_mw_maddpg_uav_swarm,MW-MADDPG,0.635144,0.773264,0.742177
36600,paper3_deep_mw_maddpg_uav_swarm,MW-MADDPG,0.632276,0.773554,0.742420
36700,paper3_deep_mw_maddpg_uav_swarm,MW-MADDPG,0.632429,0.772262,0.741419
36800,paper3_deep_mw_maddpg_uav_swarm,MW-MADDPG,0.629672,0.772416,0.741644
36900,paper3_deep_mw_maddpg_uav_swarm,MW-MADDPG,0.632712,0.769490,0.739389
37000,paper3_deep_mw_maddpg_uav_swarm,MW-MADDPG,0.628302,0.770633,0.740496
37100,paper3_deep_mw_maddpg_uav_swarm,MW-MADDPG,0.621271,0.773348,0.742917
37200,paper3_deep_mw_maddpg_uav_swarm,MW-MADDPG,0.626058,0.769499,0.739989
37300,paper3_deep_mw_maddpg_uav_swarm,MW-MADDPG,0.624115,0.769468,0.740200
37400,paper3_deep_mw_maddpg_uav_swarm,MW-MADDPG,0.626702,0.767028,0.738452
37500,paper3_deep_mw_maddpg_uav_swarm,MW-MADDPG,0.626350,0.766343,0.738143
37600,paper3_deep_mw_maddpg_uav_swarm,MW-MADDPG,0.625126,0.766201,0.738278
37700,paper3_deep_mw_maddpg_uav_swarm,MW-MADDPG,0.613553,0.771877,0.743168
37800,paper3_deep_mw_maddpg_uav_swarm,MW-MADDPG,0.618463,0.768604,0.740726
37900,paper3_deep_mw_maddpg_uav_swarm,MW-MADDPG,0.609815,0.772936,0.744493
38000,paper3_deep_mw_maddpg_uav_swarm,MW-MADDPG,0.619301,0.767454,0.740213
38100,paper3_deep_mw_maddpg_uav_swarm,MW-MADDPG,0.613250,0.770618,0.742987
38200,paper3_deep_mw_maddpg_uav_swarm,MW-MADDPG,0.613248,0.770662,0.743187
38300,paper3_deep_mw_maddpg_uav_swarm,MW-MADDPG,0.607037,0.774215,0.746234
38400,paper3_deep_mw_maddpg_uav_swarm,MW-MADDPG,0.603520,0.776446,0.748175
38500,paper3_deep_mw_maddpg_uav_swarm,MW-MADDPG,0.610199,0.773227,0.745633
38600,paper3_deep_mw_maddpg_uav_swarm,MW-MADDPG,0.604601,0.776875,0.748686
38700,paper3_deep_mw_maddpg_uav_swarm,MW-MADDPG,0.608562,0.775474,0.747586
38800,paper3_deep_mw_maddpg_uav_swarm,MW-MADDPG,0.600116,0.780891,0.752044
38900,paper3_deep_mw_maddpg_uav_swarm,MW-MADDPG,0.598274,0.782854,0.753658
39000,paper3_deep_mw_maddpg_uav_swarm,MW-MADDPG,0.599250,0.783364,0.754068
39100,paper3_deep_mw_maddpg_uav_swarm,MW-MADDPG,0.591925,0.788592,0.758327
39200,paper3_deep_mw_maddpg_uav_swarm,MW-MADDPG,0.588391,0.791730,0.760869
39300,paper3_deep_mw_maddpg_uav_swarm,MW-MADDPG,0.591368,0.791333,0.760515
39400,paper3_deep_mw_maddpg_uav_swarm,MW-MADDPG,0.594226,0.791076,0.760276
39500,paper3_deep_mw_maddpg_uav_swarm,MW-MADDPG,0.596651,0.791225,0.760376
39600,paper3_deep_mw_maddpg_uav_swarm,MW-MADDPG,0.596754,0.792440,0.761358
39700,paper3_deep_mw_maddpg_uav_swarm,MW-MADDPG,0.595791,0.794352,0.762925
39800,paper3_deep_mw_maddpg_uav_swarm,MW-MADDPG,0.589210,0.799267,0.766968
39900,paper3_deep_mw_maddpg_uav_swarm,MW-MADDPG,0.590255,0.800016,0.767626
40000,paper3_deep_mw_maddpg_uav_swarm,MW-MADDPG,0.588355,0.802332,0.769593
1,paper4_deep_tanet_td3_multi_uav,TANet-TD3,0.192716,0.897163,0.849667
100,paper4_deep_tanet_td3_multi_uav,TANet-TD3,0.182368,0.897170,0.848414
200,paper4_deep_tanet_td3_multi_uav,TANet-TD3,0.184687,0.899453,0.848927
300,paper4_deep_tanet_td3_multi_uav,TANet-TD3,0.190789,0.899738,0.847735
400,paper4_deep_tanet_td3_multi_uav,TANet-TD3,0.194967,0.901113,0.847381
500,paper4_deep_tanet_td3_multi_uav,TANet-TD3,0.199667,0.900876,0.845669
600,paper4_deep_tanet_td3_multi_uav,TANet-TD3,0.196043,0.904906,0.847424
700,paper4_deep_tanet_td3_multi_uav,TANet-TD3,0.205424,0.901907,0.843418
800,paper4_deep_tanet_td3_multi_uav,TANet-TD3,0.197167,0.908203,0.847025
900,paper4_deep_tanet_td3_multi_uav,TANet-TD3,0.207315,0.904403,0.842392
1000,paper4_deep_tanet_td3_multi_uav,TANet-TD3,0.200078,0.910122,0.845582
1100,paper4_deep_tanet_td3_multi_uav,TANet-TD3,0.205918,0.908486,0.842803
1200,paper4_deep_tanet_td3_multi_uav,TANet-TD3,0.210041,0.907464,0.840589
1300,paper4_deep_tanet_td3_multi_uav,TANet-TD3,0.212210,0.907511,0.839321
1400,paper4_deep_tanet_td3_multi_uav,TANet-TD3,0.213402,0.908043,0.838534
1500,paper4_deep_tanet_td3_multi_uav,TANet-TD3,0.212162,0.909503,0.838600
1600,paper4_deep_tanet_td3_multi_uav,TANet-TD3,0.222318,0.904637,0.833590
1700,paper4_deep_tanet_td3_multi_uav,TANet-TD3,0.217115,0.908126,0.835525
1800,paper4_deep_tanet_td3_multi_uav,TANet-TD3,0.223245,0.905251,0.832366
1900,paper4_deep_tanet_td3_multi_uav,TANet-TD3,0.219698,0.907455,0.833480
2000,paper4_deep_tanet_td3_multi_uav,TANet-TD3,0.232746,0.900472,0.827198
2100,paper4_deep_tanet_td3_multi_uav,TANet-TD3,0.227990,0.903156,0.828947
2200,paper4_deep_tanet_td3_multi_uav,TANet-TD3,0.236591,0.898308,0.824654
2300,paper4_deep_tanet_td3_multi_uav,TANet-TD3,0.238498,0.897040,0.823411
2400,paper4_deep_tanet_td3_multi_uav,TANet-TD3,0.242649,0.894541,0.821278
2500,paper4_deep_tanet_td3_multi_uav,TANet-TD3,0.243749,0.893578,0.820514
2600,paper4_deep_tanet_td3_multi_uav,TANet-TD3,0.242940,0.893678,0.820729
2700,paper4_deep_tanet_td3_multi_uav,TANet-TD3,0.255409,0.886371,0.814984
2800,paper4_deep_tanet_td3_multi_uav,TANet-TD3,0.254556,0.886312,0.815266
2900,paper4_deep_tanet_td3_multi_uav,TANet-TD3,0.261184,0.882203,0.812319
3000,paper4_deep_tanet_td3_multi_uav,TANet-TD3,0.261470,0.881602,0.812321
3100,paper4_deep_tanet_td3_multi_uav,TANet-TD3,0.264470,0.879444,0.811117
3200,paper4_deep_tanet_td3_multi_uav,TANet-TD3,0.274318,0.873623,0.806975
3300,paper4_deep_tanet_td3_multi_uav,TANet-TD3,0.278453,0.870983,0.805485
3400,paper4_deep_tanet_td3_multi_uav,TANet-TD3,0.277850,0.870982,0.806191
3500,paper4_deep_tanet_td3_multi_uav,TANet-TD3,0.281923,0.868528,0.804918
3600,paper4_deep_tanet_td3_multi_uav,TANet-TD3,0.280717,0.869108,0.806146
3700,paper4_deep_tanet_td3_multi_uav,TANet-TD3,0.286036,0.866148,0.804485
3800,paper4_deep_tanet_td3_multi_uav,TANet-TD3,0.293781,0.861927,0.801789
3900,paper4_deep_tanet_td3_multi_uav,TANet-TD3,0.294059,0.862079,0.802660
4000,paper4_deep_tanet_td3_multi_uav,TANet-TD3,0.304534,0.856597,0.798901
4100,paper4_deep_tanet_td3_multi_uav,TANet-TD3,0.306653,0.855923,0.799047
4200,paper4_deep_tanet_td3_multi_uav,TANet-TD3,0.313866,0.852579,0.796972
4300,paper4_deep_tanet_td3_multi_uav,TANet-TD3,0.315344,0.852506,0.797530
4400,paper4_deep_tanet_td3_multi_uav,TANet-TD3,0.323011,0.849226,0.795416
4500,paper4_deep_tanet_td3_multi_uav,TANet-TD3,0.329540,0.846692,0.793858
4600,paper4_deep_tanet_td3_multi_uav,TANet-TD3,0.331478,0.846809,0.794412
4700,paper4_deep_tanet_td3_multi_uav,TANet-TD3,0.332165,0.847689,0.795530
4800,paper4_deep_tanet_td3_multi_uav,TANet-TD3,0.342333,0.843579,0.792502
4900,paper4_deep_tanet_td3_multi_uav,TANet-TD3,0.346163,0.842964,0.792270
5000,paper4_deep_tanet_td3_multi_uav,TANet-TD3,0.341087,0.847436,0.796135
5100,paper4_deep_tanet_td3_multi_uav,TANet-TD3,0.350314,0.844116,0.793562
5200,paper4_deep_tanet_td3_multi_uav,TANet-TD3,0.352104,0.844995,0.794363
5300,paper4_deep_tanet_td3_multi_uav,TANet-TD3,0.359229,0.842886,0.792660
5400,paper4_deep_tanet_td3_multi_uav,TANet-TD3,0.365171,0.841558,0.791540
5500,paper4_deep_tanet_td3_multi_uav,TANet-TD3,0.365802,0.843202,0.792798
5600,paper4_deep_tanet_td3_multi_uav,TANet-TD3,0.362543,0.847027,0.795794
5700,paper4_deep_tanet_td3_multi_uav,TANet-TD3,0.373099,0.843149,0.792443
5800,paper4_deep_tanet_td3_multi_uav,TANet-TD3,0.372632,0.845535,0.794179
5900,paper4_deep_tanet_td3_multi_uav,TANet-TD3,0.381608,0.842434,0.791394
6000,paper4_deep_tanet_td3_multi_uav,TANet-TD3,0.383472,0.843306,0.791832
6100,paper4_deep_tanet_td3_multi_uav,TANet-TD3,0.389556,0.841794,0.790299
6200,paper4_deep_tanet_td3_multi_uav,TANet-TD3,0.390236,0.843212,0.791147
6300,paper4_deep_tanet_td3_multi_uav,TANet-TD3,0.390413,0.844848,0.792166
6400,paper4_deep_tanet_td3_multi_uav,TANet-TD3,0.400304,0.840954,0.788654
6500,paper4_deep_tanet_td3_multi_uav,TANet-TD3,0.402050,0.841465,0.788749
6600,paper4_deep_tanet_td3_multi_uav,TANet-TD3,0.410897,0.837932,0.785541
6700,paper4_deep_tanet_td3_multi_uav,TANet-TD3,0.410780,0.839195,0.786268
6800,paper4_deep_tanet_td3_multi_uav,TANet-TD3,0.409310,0.841093,0.787529
6900,paper4_deep_tanet_td3_multi_uav,TANet-TD3,0.411766,0.840664,0.786903
7000,paper4_deep_tanet_td3_multi_uav,TANet-TD3,0.414836,0.839709,0.785867
7100,paper4_deep_tanet_td3_multi_uav,TANet-TD3,0.413970,0.840793,0.786522
7200,paper4_deep_tanet_td3_multi_uav,TANet-TD3,0.418948,0.838550,0.784480
7300,paper4_deep_tanet_td3_multi_uav,TANet-TD3,0.422775,0.836768,0.782839
7400,paper4_deep_tanet_td3_multi_uav,TANet-TD3,0.422254,0.837204,0.783038
7500,paper4_deep_tanet_td3_multi_uav,TANet-TD3,0.422921,0.836851,0.782615
7600,paper4_deep_tanet_td3_multi_uav,TANet-TD3,0.424031,0.836107,0.781895
7700,paper4_deep_tanet_td3_multi_uav,TANet-TD3,0.430191,0.832497,0.778851
7800,paper4_deep_tanet_td3_multi_uav,TANet-TD3,0.428987,0.832816,0.779040
7900,paper4_deep_tanet_td3_multi_uav,TANet-TD3,0.428365,0.832638,0.778838
8000,paper4_deep_tanet_td3_multi_uav,TANet-TD3,0.428940,0.831752,0.778068
8100,paper4_deep_tanet_td3_multi_uav,TANet-TD3,0.430964,0.830001,0.776598
8200,paper4_deep_tanet_td3_multi_uav,TANet-TD3,0.423083,0.833780,0.779657
8300,paper4_deep_tanet_td3_multi_uav,TANet-TD3,0.432368,0.827727,0.774671
8400,paper4_deep_tanet_td3_multi_uav,TANet-TD3,0.424173,0.831553,0.777763
8500,paper4_deep_tanet_td3_multi_uav,TANet-TD3,0.433746,0.825399,0.772680
8600,paper4_deep_tanet_td3_multi_uav,TANet-TD3,0.431828,0.825770,0.772920
8700,paper4_deep_tanet_td3_multi_uav,TANet-TD3,0.430537,0.825532,0.772644
8800,paper4_deep_tanet_td3_multi_uav,TANet-TD3,0.431691,0.824157,0.771414
8900,paper4_deep_tanet_td3_multi_uav,TANet-TD3,0.435100,0.821549,0.769149
9000,paper4_deep_tanet_td3_multi_uav,TANet-TD3,0.434958,0.821023,0.768556
9100,paper4_deep_tanet_td3_multi_uav,TANet-TD3,0.438018,0.818784,0.766528
9200,paper4_deep_tanet_td3_multi_uav,TANet-TD3,0.436221,0.819238,0.766668
9300,paper4_deep_tanet_td3_multi_uav,TANet-TD3,0.436285,0.818786,0.766030
9400,paper4_deep_tanet_td3_multi_uav,TANet-TD3,0.439020,0.817032,0.764287
9500,paper4_deep_tanet_td3_multi_uav,TANet-TD3,0.434050,0.819617,0.766054
9600,paper4_deep_tanet_td3_multi_uav,TANet-TD3,0.429737,0.821938,0.767566
9700,paper4_deep_tanet_td3_multi_uav,TANet-TD3,0.430837,0.821448,0.766740
9800,paper4_deep_tanet_td3_multi_uav,TANet-TD3,0.434437,0.819695,0.764845
9900,paper4_deep_tanet_td3_multi_uav,TANet-TD3,0.430702,0.822302,0.766483
10000,paper4_deep_tanet_td3_multi_uav,TANet-TD3,0.438690,0.818276,0.762664
10100,paper4_deep_tanet_td3_multi_uav,TANet-TD3,0.440188,0.818145,0.762006
10200,paper4_deep_tanet_td3_multi_uav,TANet-TD3,0.433250,0.822837,0.765272
10300,paper4_deep_tanet_td3_multi_uav,TANet-TD3,0.435626,0.822427,0.764348
10400,paper4_deep_tanet_td3_multi_uav,TANet-TD3,0.438417,0.822023,0.763419
10500,paper4_deep_tanet_td3_multi_uav,TANet-TD3,0.437034,0.823978,0.764417
10600,paper4_deep_tanet_td3_multi_uav,TANet-TD3,0.438409,0.824543,0.764283
10700,paper4_deep_tanet_td3_multi_uav,TANet-TD3,0.436569,0.826960,0.765674
10800,paper4_deep_tanet_td3_multi_uav,TANet-TD3,0.435626,0.829021,0.766794
10900,paper4_deep_tanet_td3_multi_uav,TANet-TD3,0.438628,0.828911,0.766165
11000,paper4_deep_tanet_td3_multi_uav,TANet-TD3,0.438397,0.830706,0.767128
11100,paper4_deep_tanet_td3_multi_uav,TANet-TD3,0.441627,0.830640,0.766613
11200,paper4_deep_tanet_td3_multi_uav,TANet-TD3,0.438993,0.833795,0.768783
11300,paper4_deep_tanet_td3_multi_uav,TANet-TD3,0.446671,0.831308,0.766394
11400,paper4_deep_tanet_td3_multi_uav,TANet-TD3,0.438593,0.837470,0.771146
11500,paper4_deep_tanet_td3_multi_uav,TANet-TD3,0.438310,0.839360,0.772475
11600,paper4_deep_tanet_td3_multi_uav,TANet-TD3,0.445651,0.837046,0.770440
11700,paper4_deep_tanet_td3_multi_uav,TANet-TD3,0.452721,0.834728,0.768484
11800,paper4_deep_tanet_td3_multi_uav,TANet-TD3,0.447090,0.839415,0.772346
11900,paper4_deep_tanet_td3_multi_uav,TANet-TD3,0.454250,0.836937,0.770435
12000,paper4_deep_tanet_td3_multi_uav,TANet-TD3,0.447225,0.842333,0.775058
12100,paper4_deep_tanet_td3_multi_uav,TANet-TD3,0.452347,0.840641,0.773975
12200,paper4_deep_tanet_td3_multi_uav,TANet-TD3,0.448625,0.843936,0.777066
12300,paper4_deep_tanet_td3_multi_uav,TANet-TD3,0.456486,0.840623,0.774841
12400,paper4_deep_tanet_td3_multi_uav,TANet-TD3,0.456307,0.841643,0.776252
12500,paper4_deep_tanet_td3_multi_uav,TANet-TD3,0.462877,0.838761,0.774557
12600,paper4_deep_tanet_td3_multi_uav,TANet-TD3,0.461637,0.840047,0.776354
12700,paper4_deep_tanet_td3_multi_uav,TANet-TD3,0.467600,0.837255,0.774892
12800,paper4_deep_tanet_td3_multi_uav,TANet-TD3,0.463177,0.840070,0.778086
12900,paper4_deep_tanet_td3_multi_uav,TANet-TD3,0.479584,0.831295,0.771859
13000,paper4_deep_tanet_td3_multi_uav,TANet-TD3,0.474424,0.834029,0.775102
13100,paper4_deep_tanet_td3_multi_uav,TANet-TD3,0.481760,0.829827,0.772713
13200,paper4_deep_tanet_td3_multi_uav,TANet-TD3,0.477486,0.831939,0.775522
13300,paper4_deep_tanet_td3_multi_uav,TANet-TD3,0.487386,0.826146,0.771886
13400,paper4_deep_tanet_td3_multi_uav,TANet-TD3,0.487098,0.825780,0.772699
13500,paper4_deep_tanet_td3_multi_uav,TANet-TD3,0.490134,0.823460,0.771909
13600,paper4_deep_tanet_td3_multi_uav,TANet-TD3,0.495103,0.820029,0.770195
13700,paper4_deep_tanet_td3_multi_uav,TANet-TD3,0.495614,0.818919,0.770352
13800,paper4_deep_tanet_td3_multi_uav,TANet-TD3,0.498345,0.816541,0.769430
13900,paper4_deep_tanet_td3_multi_uav,TANet-TD3,0.504421,0.812269,0.766903
14000,paper4_deep_tanet_td3_multi_uav,TANet-TD3,0.505436,0.810728,0.766544
14100,paper4_deep_tanet_td3_multi_uav,TANet-TD3,0.512428,0.805846,0.763372
14200,paper4_deep_tanet_td3_multi_uav,TANet-TD3,0.508289,0.807132,0.765156
14300,paper4_deep_tanet_td3_multi_uav,TANet-TD3,0.512315,0.803866,0.763114
14400,paper4_deep_tanet_td3_multi_uav,TANet-TD3,0.518156,0.799768,0.760281
14500,paper4_deep_tanet_td3_multi_uav,TANet-TD3,0.517100,0.799339,0.760328
14600,paper4_deep_tanet_td3_multi_uav,TANet-TD3,0.513275,0.800662,0.761682
14700,paper4_deep_tanet_td3_multi_uav,TANet-TD3,0.524685,0.793422,0.755894
14800,paper4_deep_tanet_td3_multi_uav,TANet-TD3,0.530602,0.789461,0.752650
14900,paper4_deep_tanet_td3_multi_uav,TANet-TD3,0.523457,0.792758,0.755200
15000,paper4_deep_tanet_td3_multi_uav,TANet-TD3,0.529305,0.789016,0.751845
15100,paper4_deep_tanet_td3_multi_uav,TANet-TD3,0.525933,0.790491,0.752612
15200,paper4_deep_tanet_td3_multi_uav,TANet-TD3,0.533640,0.785961,0.748322
15300,paper4_deep_tanet_td3_multi_uav,TANet-TD3,0.537528,0.783659,0.745711
15400,paper4_deep_tanet_td3_multi_uav,TANet-TD3,0.543837,0.780175,0.741994
15500,paper4_deep_tanet_td3_multi_uav,TANet-TD3,0.541170,0.781780,0.742308
15600,paper4_deep_tanet_td3_multi_uav,TANet-TD3,0.541431,0.781911,0.741291
15700,paper4_deep_tanet_td3_multi_uav,TANet-TD3,0.544310,0.780743,0.739096
15800,paper4_deep_tanet_td3_multi_uav,TANet-TD3,0.551146,0.777597,0.735176
15900,paper4_deep_tanet_td3_multi_uav,TANet-TD3,0.551806,0.777897,0.733982
16000,paper4_deep_tanet_td3_multi_uav,TANet-TD3,0.543247,0.783512,0.737056
16100,paper4_deep_tanet_td3_multi_uav,TANet-TD3,0.545013,0.783455,0.735421
16200,paper4_deep_tanet_td3_multi_uav,TANet-TD3,0.550125,0.781739,0.732378
16300,paper4_deep_tanet_td3_multi_uav,TANet-TD3,0.557040,0.779146,0.728582
16400,paper4_deep_tanet_td3_multi_uav,TANet-TD3,0.553206,0.782521,0.729651
16500,paper4_deep_tanet_td3_multi_uav,TANet-TD3,0.556282,0.782219,0.727709
16600,paper4_deep_tanet_td3_multi_uav,TANet-TD3,0.547926,0.788308,0.731012
16700,paper4_deep_tanet_td3_multi_uav,TANet-TD3,0.557308,0.784643,0.726368
16800,paper4_deep_tanet_td3_multi_uav,TANet-TD3,0.551319,0.789443,0.728700
16900,paper4_deep_tanet_td3_multi_uav,TANet-TD3,0.556172,0.788381,0.726304
17000,paper4_deep_tanet_td3_multi_uav,TANet-TD3,0.554340,0.790941,0.726958
17100,paper4_deep_tanet_td3_multi_uav,TANet-TD3,0.556200,0.791543,0.726109
17200,paper4_deep_tanet_td3_multi_uav,TANet-TD3,0.552525,0.795065,0.727767
17300,paper4_deep_tanet_td3_multi_uav,TANet-TD3,0.551580,0.797104,0.728341
17400,paper4_deep_tanet_td3_multi_uav,TANet-TD3,0.552039,0.798298,0.728366
17500,paper4_deep_tanet_td3_multi_uav,TANet-TD3,0.552963,0.799169,0.728284
17600,paper4_deep_tanet_td3_multi_uav,TANet-TD3,0.557582,0.797950,0.726656
17700,paper4_deep_tanet_td3_multi_uav,TANet-TD3,0.544051,0.806584,0.733263
17800,paper4_deep_tanet_td3_multi_uav,TANet-TD3,0.552156,0.803216,0.730231
17900,paper4_deep_tanet_td3_multi_uav,TANet-TD3,0.552097,0.804195,0.730941
18000,paper4_deep_tanet_td3_multi_uav,TANet-TD3,0.548955,0.806792,0.733163
18100,paper4_deep_tanet_td3_multi_uav,TANet-TD3,0.544898,0.809725,0.735850
18200,paper4_deep_tanet_td3_multi_uav,TANet-TD3,0.547571,0.808782,0.735554
18300,paper4_deep_tanet_td3_multi_uav,TANet-TD3,0.551740,0.806913,0.734685
18400,paper4_deep_tanet_td3_multi_uav,TANet-TD3,0.548884,0.808742,0.737022
18500,paper4_deep_tanet_td3_multi_uav,TANet-TD3,0.546690,0.810061,0.739115
18600,paper4_deep_tanet_td3_multi_uav,TANet-TD3,0.539335,0.814083,0.743584
18700,paper4_deep_tanet_td3_multi_uav,TANet-TD3,0.546127,0.810159,0.741705
18800,paper4_deep_tanet_td3_multi_uav,TANet-TD3,0.536544,0.815116,0.747233
18900,paper4_deep_tanet_td3_multi_uav,TANet-TD3,0.542090,0.811577,0.745937
19000,paper4_deep_tanet_td3_multi_uav,TANet-TD3,0.536717,0.813982,0.749615
19100,paper4_deep_tanet_td3_multi_uav,TANet-TD3,0.542107,0.810366,0.748461
19200,paper4_deep_tanet_td3_multi_uav,TANet-TD3,0.538810,0.811307,0.751112
19300,paper4_deep_tanet_td3_multi_uav,TANet-TD3,0.538980,0.810307,0.752231
19400,paper4_deep_tanet_td3_multi_uav,TANet-TD3,0.537351,0.810257,0.754165
19500,paper4_deep_tanet_td3_multi_uav,TANet-TD3,0.529409,0.813607,0.758897
19600,paper4_deep_tanet_td3_multi_uav,TANet-TD3,0.537445,0.808070,0.756354
19700,paper4_deep_tanet_td3_multi_uav,TANet-TD3,0.540945,0.805037,0.755834
19800,paper4_deep_tanet_td3_multi_uav,TANet-TD3,0.539194,0.804849,0.757596
19900,paper4_deep_tanet_td3_multi_uav,TANet-TD3,0.531088,0.808175,0.762167
20000,paper4_deep_tanet_td3_multi_uav,TANet-TD3,0.535524,0.804652,0.761048
20100,paper4_deep_tanet_td3_multi_uav,TANet-TD3,0.537129,0.802638,0.761059
20200,paper4_deep_tanet_td3_multi_uav,TANet-TD3,0.530909,0.805059,0.764574
20300,paper4_deep_tanet_td3_multi_uav,TANet-TD3,0.531999,0.803486,0.764682
20400,paper4_deep_tanet_td3_multi_uav,TANet-TD3,0.536682,0.799976,0.763048
20500,paper4_deep_tanet_td3_multi_uav,TANet-TD3,0.533818,0.800717,0.764723
20600,paper4_deep_tanet_td3_multi_uav,TANet-TD3,0.541781,0.795669,0.761478
20700,paper4_deep_tanet_td3_multi_uav,TANet-TD3,0.538298,0.796983,0.763247
20800,paper4_deep_tanet_td3_multi_uav,TANet-TD3,0.538645,0.796340,0.763212
20900,paper4_deep_tanet_td3_multi_uav,TANet-TD3,0.538565,0.796030,0.763242
21000,paper4_deep_tanet_td3_multi_uav,TANet-TD3,0.540434,0.794840,0.762341
21100,paper4_deep_tanet_td3_multi_uav,TANet-TD3,0.540252,0.794843,0.762201
21200,paper4_deep_tanet_td3_multi_uav,TANet-TD3,0.540239,0.794952,0.761934
21300,paper4_deep_tanet_td3_multi_uav,TANet-TD3,0.543114,0.793590,0.760252
21400,paper4_deep_tanet_td3_multi_uav,TANet-TD3,0.547923,0.791363,0.757657
21500,paper4_deep_tanet_td3_multi_uav,TANet-TD3,0.545105,0.793415,0.758362
21600,paper4_deep_tanet_td3_multi_uav,TANet-TD3,0.549022,0.791951,0.756001
21700,paper4_deep_tanet_td3_multi_uav,TANet-TD3,0.551674,0.791268,0.754099
21800,paper4_deep_tanet_td3_multi_uav,TANet-TD3,0.550873,0.792606,0.753684
21900,paper4_deep_tanet_td3_multi_uav,TANet-TD3,0.548899,0.794741,0.753770
22000,paper4_deep_tanet_td3_multi_uav,TANet-TD3,0.556883,0.791482,0.749306
22100,paper4_deep_tanet_td3_multi_uav,TANet-TD3,0.562189,0.789912,0.746108
22200,paper4_deep_tanet_td3_multi_uav,TANet-TD3,0.556582,0.794209,0.747612
22300,paper4_deep_tanet_td3_multi_uav,TANet-TD3,0.561025,0.793128,0.744639
22400,paper4_deep_tanet_td3_multi_uav,TANet-TD3,0.561544,0.794280,0.743435
22500,paper4_deep_tanet_td3_multi_uav,TANet-TD3,0.565918,0.793347,0.740492
22600,paper4_deep_tanet_td3_multi_uav,TANet-TD3,0.558933,0.798698,0.742677
22700,paper4_deep_tanet_td3_multi_uav,TANet-TD3,0.563888,0.797437,0.739462
22800,paper4_deep_tanet_td3_multi_uav,TANet-TD3,0.571552,0.794685,0.735060
22900,paper4_deep_tanet_td3_multi_uav,TANet-TD3,0.577303,0.792973,0.731562
23000,paper4_deep_tanet_td3_multi_uav,TANet-TD3,0.578242,0.793835,0.730247
23100,paper4_deep_tanet_td3_multi_uav,TANet-TD3,0.574216,0.797390,0.731231
23200,paper4_deep_tanet_td3_multi_uav,TANet-TD3,0.580902,0.794938,0.727417
23300,paper4_deep_tanet_td3_multi_uav,TANet-TD3,0.577657,0.797914,0.728177
23400,paper4_deep_tanet_td3_multi_uav,TANet-TD3,0.584495,0.795188,0.724425
23500,paper4_deep_tanet_td3_multi_uav,TANet-TD3,0.585152,0.795804,0.723574
23600,paper4_deep_tanet_td3_multi_uav,TANet-TD3,0.589211,0.794355,0.721214
23700,paper4_deep_tanet_td3_multi_uav,TANet-TD3,0.589922,0.794666,0.720487
23800,paper4_deep_tanet_td3_multi_uav,TANet-TD3,0.598026,0.790736,0.716492
23900,paper4_deep_tanet_td3_multi_uav,TANet-TD3,0.595869,0.792456,0.717330
24000,paper4_deep_tanet_td3_multi_uav,TANet-TD3,0.594797,0.793244,0.717622
24100,paper4_deep_tanet_td3_multi_uav,TANet-TD3,0.599627,0.790635,0.715352
24200,paper4_deep_tanet_td3_multi_uav,TANet-TD3,0.595578,0.792820,0.717225
24300,paper4_deep_tanet_td3_multi_uav,TANet-TD3,0.598363,0.791124,0.716140
24400,paper4_deep_tanet_td3_multi_uav,TANet-TD3,0.607171,0.785953,0.712427
24500,paper4_deep_tanet_td3_multi_uav,TANet-TD3,0.610336,0.783750,0.711351
24600,paper4_deep_tanet_td3_multi_uav,TANet-TD3,0.605776,0.785656,0.713837
24700,paper4_deep_tanet_td3_multi_uav,TANet-TD3,0.603180,0.786390,0.715555
24800,paper4_deep_tanet_td3_multi_uav,TANet-TD3,0.610450,0.781538,0.712881
24900,paper4_deep_tanet_td3_multi_uav,TANet-TD3,0.607084,0.782474,0.715106
25000,paper4_deep_tanet_td3_multi_uav,TANet-TD3,0.611113,0.779261,0.714085
25100,paper4_deep_tanet_td3_multi_uav,TANet-TD3,0.610541,0.778474,0.715180
25200,paper4_deep_tanet_td3_multi_uav,TANet-TD3,0.612356,0.776339,0.715285
25300,paper4_deep_tanet_td3_multi_uav,TANet-TD3,0.614599,0.773912,0.715244
25400,paper4_deep_tanet_td3_multi_uav,TANet-TD3,0.614820,0.772668,0.716244
25500,paper4_deep_tanet_td3_multi_uav,TANet-TD3,0.608575,0.774813,0.720068
25600,paper4_deep_tanet_td3_multi_uav,TANet-TD3,0.605936,0.775079,0.722385
25700,paper4_deep_tanet_td3_multi_uav,TANet-TD3,0.615709,0.768489,0.719100
25800,paper4_deep_tanet_td3_multi_uav,TANet-TD3,0.613266,0.768714,0.721377
25900,paper4_deep_tanet_td3_multi_uav,TANet-TD3,0.610121,0.769354,0.723958
26000,paper4_deep_tanet_td3_multi_uav,TANet-TD3,0.610683,0.768021,0.724867
26100,paper4_deep_tanet_td3_multi_uav,TANet-TD3,0.609861,0.767546,0.726402
26200,paper4_deep_tanet_td3_multi_uav,TANet-TD3,0.614263,0.764307,0.725579
26300,paper4_deep_tanet_td3_multi_uav,TANet-TD3,0.609651,0.766111,0.728767
26400,paper4_deep_tanet_td3_multi_uav,TANet-TD3,0.601271,0.770128,0.733633
26500,paper4_deep_tanet_td3_multi_uav,TANet-TD3,0.612880,0.763244,0.729434
26600,paper4_deep_tanet_td3_multi_uav,TANet-TD3,0.601843,0.768980,0.735398
26700,paper4_deep_tanet_td3_multi_uav,TANet-TD3,0.606338,0.766309,0.734311
26800,paper4_deep_tanet_td3_multi_uav,TANet-TD3,0.603176,0.767960,0.736575
26900,paper4_deep_tanet_td3_multi_uav,TANet-TD3,0.599411,0.770153,0.739091
27000,paper4_deep_tanet_td3_multi_uav,TANet-TD3,0.601005,0.769506,0.739086
27100,paper4_deep_tanet_td3_multi_uav,TANet-TD3,0.599410,0.770765,0.740438
27200,paper4_deep_tanet_td3_multi_uav,TANet-TD3,0.604472,0.768493,0.738698
27300,paper4_deep_tanet_td3_multi_uav,TANet-TD3,0.598909,0.772212,0.741655
27400,paper4_deep_tanet_td3_multi_uav,TANet-TD3,0.596019,0.774602,0.743323
27500,paper4_deep_tanet_td3_multi_uav,TANet-TD3,0.600025,0.773310,0.741784
27600,paper4_deep_tanet_td3_multi_uav,TANet-TD3,0.594667,0.777279,0.744359
27700,paper4_deep_tanet_td3_multi_uav,TANet-TD3,0.589090,0.781475,0.746937
27800,paper4_deep_tanet_td3_multi_uav,TANet-TD3,0.591222,0.781502,0.745933
27900,paper4_deep_tanet_td3_multi_uav,TANet-TD3,0.592259,0.782217,0.745334
28000,paper4_deep_tanet_td3_multi_uav,TANet-TD3,0.590616,0.784455,0.745835
28100,paper4_deep_tanet_td3_multi_uav,TANet-TD3,0.583053,0.790019,0.748929
28200,paper4_deep_tanet_td3_multi_uav,TANet-TD3,0.588464,0.788452,0.746072
28300,paper4_deep_tanet_td3_multi_uav,TANet-TD3,0.585620,0.791426,0.746836
28400,paper4_deep_tanet_td3_multi_uav,TANet-TD3,0.588924,0.791019,0.744754
28500,paper4_deep_tanet_td3_multi_uav,TANet-TD3,0.578309,0.798307,0.748907
28600,paper4_deep_tanet_td3_multi_uav,TANet-TD3,0.578541,0.799518,0.748049
28700,paper4_deep_tanet_td3_multi_uav,TANet-TD3,0.579920,0.800095,0.746650
28800,paper4_deep_tanet_td3_multi_uav,TANet-TD3,0.581241,0.800547,0.745148
28900,paper4_deep_tanet_td3_multi_uav,TANet-TD3,0.580258,0.802270,0.744703
29000,paper4_deep_tanet_td3_multi_uav,TANet-TD3,0.581730,0.802517,0.743086
29100,paper4_deep_tanet_td3_multi_uav,TANet-TD3,0.574650,0.807379,0.745300
29200,paper4_deep_tanet_td3_multi_uav,TANet-TD3,0.573880,0.808639,0.744639
29300,paper4_deep_tanet_td3_multi_uav,TANet-TD3,0.577670,0.807252,0.741900
29400,paper4_deep_tanet_td3_multi_uav,TANet-TD3,0.583348,0.804719,0.738327
29500,paper4_deep_tanet_td3_multi_uav,TANet-TD3,0.574130,0.810202,0.741430
29600,paper4_deep_tanet_td3_multi_uav,TANet-TD3,0.579093,0.807754,0.738173
29700,paper4_deep_tanet_td3_multi_uav,TANet-TD3,0.583104,0.805718,0.735395
29800,paper4_deep_tanet_td3_multi_uav,TANet-TD3,0.575267,0.809986,0.737924
29900,paper4_deep_tanet_td3_multi_uav,TANet-TD3,0.574067,0.810498,0.737539
30000,paper4_deep_tanet_td3_multi_uav,TANet-TD3,0.575053,0.809678,0.736227
30100,paper4_deep_tanet_td3_multi_uav,TANet-TD3,0.584531,0.804005,0.731111
30200,paper4_deep_tanet_td3_multi_uav,TANet-TD3,0.576992,0.807570,0.733724
30300,paper4_deep_tanet_td3_multi_uav,TANet-TD3,0.579894,0.805300,0.731732
30400,paper4_deep_tanet_td3_multi_uav,TANet-TD3,0.580112,0.804334,0.730975
30500,paper4_deep_tanet_td3_multi_uav,TANet-TD3,0.582335,0.802181,0.729412
30600,paper4_deep_tanet_td3_multi_uav,TANet-TD3,0.584371,0.800078,0.728049
30700,paper4_deep_tanet_td3_multi_uav,TANet-TD3,0.585587,0.798288,0.727096
30800,paper4_deep_tanet_td3_multi_uav,TANet-TD3,0.586667,0.796550,0.726330
30900,paper4_deep_tanet_td3_multi_uav,TANet-TD3,0.589018,0.794051,0.725076
31000,paper4_deep_tanet_td3_multi_uav,TANet-TD3,0.594163,0.789984,0.722665
31100,paper4_deep_tanet_td3_multi_uav,TANet-TD3,0.595735,0.787864,0.721958
31200,paper4_deep_tanet_td3_multi_uav,TANet-TD3,0.591374,0.789003,0.724018
31300,paper4_deep_tanet_td3_multi_uav,TANet-TD3,0.596542,0.784908,0.721881
31400,paper4_deep_tanet_td3_multi_uav,TANet-TD3,0.591536,0.786461,0.724436
31500,paper4_deep_tanet_td3_multi_uav,TANet-TD3,0.601130,0.780020,0.720507
31600,paper4_deep_tanet_td3_multi_uav,TANet-TD3,0.599590,0.779758,0.721674
31700,paper4_deep_tanet_td3_multi_uav,TANet-TD3,0.600986,0.777963,0.721612
31800,paper4_deep_tanet_td3_multi_uav,TANet-TD3,0.595834,0.779881,0.724599
31900,paper4_deep_tanet_td3_multi_uav,TANet-TD3,0.605903,0.773491,0.720783
32000,paper4_deep_tanet_td3_multi_uav,TANet-TD3,0.608072,0.771581,0.720613
32100,paper4_deep_tanet_td3_multi_uav,TANet-TD3,0.615045,0.767192,0.718381
32200,paper4_deep_tanet_td3_multi_uav,TANet-TD3,0.607985,0.770585,0.722468
32300,paper4_deep_tanet_td3_multi_uav,TANet-TD3,0.617452,0.765061,0.719200
32400,paper4_deep_tanet_td3_multi_uav,TANet-TD3,0.611446,0.768196,0.722945
32500,paper4_deep_tanet_td3_multi_uav,TANet-TD3,0.616711,0.765242,0.721625
32600,paper4_deep_tanet_td3_multi_uav,TANet-TD3,0.623979,0.761363,0.719458
32700,paper4_deep_tanet_td3_multi_uav,TANet-TD3,0.621457,0.763023,0.721722
32800,paper4_deep_tanet_td3_multi_uav,TANet-TD3,0.627779,0.759972,0.720025
32900,paper4_deep_tanet_td3_multi_uav,TANet-TD3,0.623063,0.763133,0.723297
33000,paper4_deep_tanet_td3_multi_uav,TANet-TD3,0.626085,0.762089,0.723014
33100,paper4_deep_tanet_td3_multi_uav,TANet-TD3,0.629899,0.760814,0.722422
33200,paper4_deep_tanet_td3_multi_uav,TANet-TD3,0.633036,0.760033,0.722113
33300,paper4_deep_tanet_td3_multi_uav,TANet-TD3,0.632829,0.761161,0.723246
33400,paper4_deep_tanet_td3_multi_uav,TANet-TD3,0.629087,0.764340,0.725939
33500,paper4_deep_tanet_td3_multi_uav,TANet-TD3,0.636856,0.761281,0.723410
33600,paper4_deep_tanet_td3_multi_uav,TANet-TD3,0.633858,0.764219,0.725677
33700,paper4_deep_tanet_td3_multi_uav,TANet-TD3,0.634310,0.765285,0.726305
33800,paper4_deep_tanet_td3_multi_uav,TANet-TD3,0.633675,0.766994,0.727358
33900,paper4_deep_tanet_td3_multi_uav,TANet-TD3,0.633194,0.768653,0.728276
34000,paper4_deep_tanet_td3_multi_uav,TANet-TD3,0.638828,0.766937,0.726348
34100,paper4_deep_tanet_td3_multi_uav,TANet-TD3,0.642634,0.766211,0.725151
34200,paper4_deep_tanet_td3_multi_uav,TANet-TD3,0.642966,0.767383,0.725441
34300,paper4_deep_tanet_td3_multi_uav,TANet-TD3,0.642933,0.768732,0.725817
34400,paper4_deep_tanet_td3_multi_uav,TANet-TD3,0.640112,0.771495,0.727302
34500,paper4_deep_tanet_td3_multi_uav,TANet-TD3,0.640676,0.772413,0.727240
34600,paper4_deep_tanet_td3_multi_uav,TANet-TD3,0.644320,0.771421,0.725588
34700,paper4_deep_tanet_td3_multi_uav,TANet-TD3,0.634726,0.777704,0.729872
34800,paper4_deep_tanet_td3_multi_uav,TANet-TD3,0.643918,0.773489,0.725559
34900,paper4_deep_tanet_td3_multi_uav,TANet-TD3,0.644131,0.774144,0.725234
35000,paper4_deep_tanet_td3_multi_uav,TANet-TD3,0.640954,0.776532,0.726340
35100,paper4_deep_tanet_td3_multi_uav,TANet-TD3,0.641470,0.776693,0.725644
35200,paper4_deep_tanet_td3_multi_uav,TANet-TD3,0.637482,0.779217,0.726912
35300,paper4_deep_tanet_td3_multi_uav,TANet-TD3,0.628426,0.784408,0.730399
35400,paper4_deep_tanet_td3_multi_uav,TANet-TD3,0.627527,0.784940,0.730117
35500,paper4_deep_tanet_td3_multi_uav,TANet-TD3,0.639648,0.778134,0.723880
35600,paper4_deep_tanet_td3_multi_uav,TANet-TD3,0.635940,0.779979,0.724777
35700,paper4_deep_tanet_td3_multi_uav,TANet-TD3,0.633139,0.781071,0.725115
35800,paper4_deep_tanet_td3_multi_uav,TANet-TD3,0.631205,0.781627,0.725078
35900,paper4_deep_tanet_td3_multi_uav,TANet-TD3,0.624187,0.784814,0.727255
36000,paper4_deep_tanet_td3_multi_uav,TANet-TD3,0.634560,0.778323,0.721580
36100,paper4_deep_tanet_td3_multi_uav,TANet-TD3,0.627508,0.781284,0.723702
36200,paper4_deep_tanet_td3_multi_uav,TANet-TD3,0.625678,0.781317,0.723493
36300,paper4_deep_tanet_td3_multi_uav,TANet-TD3,0.619962,0.783390,0.725015
36400,paper4_deep_tanet_td3_multi_uav,TANet-TD3,0.622535,0.780815,0.722795
36500,paper4_deep_tanet_td3_multi_uav,TANet-TD3,0.622248,0.779751,0.721868
36600,paper4_deep_tanet_td3_multi_uav,TANet-TD3,0.615747,0.782080,0.723770
36700,paper4_deep_tanet_td3_multi_uav,TANet-TD3,0.616519,0.780363,0.722412
36800,paper4_deep_tanet_td3_multi_uav,TANet-TD3,0.620438,0.776956,0.719714
36900,paper4_deep_tanet_td3_multi_uav,TANet-TD3,0.616415,0.777865,0.720587
37000,paper4_deep_tanet_td3_multi_uav,TANet-TD3,0.618702,0.775369,0.718707
37100,paper4_deep_tanet_td3_multi_uav,TANet-TD3,0.610634,0.778560,0.721508
37200,paper4_deep_tanet_td3_multi_uav,TANet-TD3,0.611189,0.777094,0.720521
37300,paper4_deep_tanet_td3_multi_uav,TANet-TD3,0.608859,0.777286,0.720906
37400,paper4_deep_tanet_td3_multi_uav,TANet-TD3,0.608330,0.776575,0.720562
37500,paper4_deep_tanet_td3_multi_uav,TANet-TD3,0.607073,0.776332,0.720607
37600,paper4_deep_tanet_td3_multi_uav,TANet-TD3,0.605379,0.776456,0.720951
37700,paper4_deep_tanet_td3_multi_uav,TANet-TD3,0.605734,0.775590,0.720480
37800,paper4_deep_tanet_td3_multi_uav,TANet-TD3,0.594725,0.781107,0.725220
37900,paper4_deep_tanet_td3_multi_uav,TANet-TD3,0.599899,0.777788,0.722719
38000,paper4_deep_tanet_td3_multi_uav,TANet-TD3,0.596614,0.779336,0.724182
38100,paper4_deep_tanet_td3_multi_uav,TANet-TD3,0.591956,0.781789,0.726366
38200,paper4_deep_tanet_td3_multi_uav,TANet-TD3,0.595506,0.779819,0.724909
38300,paper4_deep_tanet_td3_multi_uav,TANet-TD3,0.602121,0.776326,0.722183
38400,paper4_deep_tanet_td3_multi_uav,TANet-TD3,0.598028,0.778885,0.724385
38500,paper4_deep_tanet_td3_multi_uav,TANet-TD3,0.597815,0.779438,0.724920
38600,paper4_deep_tanet_td3_multi_uav,TANet-TD3,0.595411,0.781351,0.726546
38700,paper4_deep_tanet_td3_multi_uav,TANet-TD3,0.597878,0.780724,0.726071
38800,paper4_deep_tanet_td3_multi_uav,TANet-TD3,0.597876,0.781572,0.726783
38900,paper4_deep_tanet_td3_multi_uav,TANet-TD3,0.597568,0.782671,0.727681
39000,paper4_deep_tanet_td3_multi_uav,TANet-TD3,0.596504,0.784312,0.729010
39100,paper4_deep_tanet_td3_multi_uav,TANet-TD3,0.597505,0.784894,0.729459
39200,paper4_deep_tanet_td3_multi_uav,TANet-TD3,0.598075,0.785800,0.730168
39300,paper4_deep_tanet_td3_multi_uav,TANet-TD3,0.599506,0.786295,0.730535
39400,paper4_deep_tanet_td3_multi_uav,TANet-TD3,0.602673,0.785882,0.730161
39500,paper4_deep_tanet_td3_multi_uav,TANet-TD3,0.599499,0.788971,0.732659
39600,paper4_deep_tanet_td3_multi_uav,TANet-TD3,0.602653,0.788609,0.732343
39700,paper4_deep_tanet_td3_multi_uav,TANet-TD3,0.601299,0.790711,0.734058
39800,paper4_deep_tanet_td3_multi_uav,TANet-TD3,0.597822,0.793992,0.736757
39900,paper4_deep_tanet_td3_multi_uav,TANet-TD3,0.604146,0.791797,0.734999
40000,paper4_deep_tanet_td3_multi_uav,TANet-TD3,0.602727,0.793841,0.736736
1,proposed_adaptive_hgrl,Proposed,0.170738,0.909247,0.859556
100,proposed_adaptive_hgrl,Proposed,0.162851,0.906927,0.856657
200,proposed_adaptive_hgrl,Proposed,0.172292,0.904475,0.853553
300,proposed_adaptive_hgrl,Proposed,0.184573,0.900563,0.849183
400,proposed_adaptive_hgrl,Proposed,0.191937,0.899305,0.846927
500,proposed_adaptive_hgrl,Proposed,0.195721,0.898626,0.845102
600,proposed_adaptive_hgrl,Proposed,0.207672,0.893255,0.839412
700,proposed_adaptive_hgrl,Proposed,0.209595,0.893349,0.838182
800,proposed_adaptive_hgrl,Proposed,0.219246,0.889145,0.833439
900,proposed_adaptive_hgrl,Proposed,0.230304,0.884016,0.827959
1000,proposed_adaptive_hgrl,Proposed,0.228717,0.885955,0.828294
1100,proposed_adaptive_hgrl,Proposed,0.239437,0.880466,0.822598
1200,proposed_adaptive_hgrl,Proposed,0.247846,0.876464,0.818177
1300,proposed_adaptive_hgrl,Proposed,0.263130,0.868365,0.810475
1400,proposed_adaptive_hgrl,Proposed,0.266774,0.866729,0.808142
1500,proposed_adaptive_hgrl,Proposed,0.278508,0.860271,0.801954
1600,proposed_adaptive_hgrl,Proposed,0.283037,0.857973,0.799270
1700,proposed_adaptive_hgrl,Proposed,0.290282,0.853568,0.794966
1800,proposed_adaptive_hgrl,Proposed,0.290900,0.852973,0.793891
1900,proposed_adaptive_hgrl,Proposed,0.300685,0.846965,0.788503
2000,proposed_adaptive_hgrl,Proposed,0.315888,0.838132,0.780922
2100,proposed_adaptive_hgrl,Proposed,0.316623,0.836973,0.779738
2200,proposed_adaptive_hgrl,Proposed,0.327379,0.830838,0.774603
2300,proposed_adaptive_hgrl,Proposed,0.329415,0.828116,0.772378
2400,proposed_adaptive_hgrl,Proposed,0.343976,0.819203,0.765203
2500,proposed_adaptive_hgrl,Proposed,0.351517,0.813888,0.761082
2600,proposed_adaptive_hgrl,Proposed,0.365419,0.805207,0.754314
2700,proposed_adaptive_hgrl,Proposed,0.372571,0.800095,0.750565
2800,proposed_adaptive_hgrl,Proposed,0.379697,0.795042,0.746958
2900,proposed_adaptive_hgrl,Proposed,0.383051,0.792073,0.745139
3000,proposed_adaptive_hgrl,Proposed,0.394317,0.784593,0.739706
3100,proposed_adaptive_hgrl,Proposed,0.402718,0.778802,0.735722
3200,proposed_adaptive_hgrl,Proposed,0.407371,0.775075,0.733483
3300,proposed_adaptive_hgrl,Proposed,0.411771,0.771636,0.731527
3400,proposed_adaptive_hgrl,Proposed,0.420977,0.765611,0.727490
3500,proposed_adaptive_hgrl,Proposed,0.427089,0.761421,0.724982
3600,proposed_adaptive_hgrl,Proposed,0.439633,0.753593,0.719512
3700,proposed_adaptive_hgrl,Proposed,0.439979,0.752733,0.719750
3800,proposed_adaptive_hgrl,Proposed,0.443677,0.750258,0.718661
3900,proposed_adaptive_hgrl,Proposed,0.455036,0.743487,0.714045
4000,proposed_adaptive_hgrl,Proposed,0.460599,0.740092,0.712168
4100,proposed_adaptive_hgrl,Proposed,0.464925,0.737506,0.710922
4200,proposed_adaptive_hgrl,Proposed,0.474102,0.732463,0.707629
4300,proposed_adaptive_hgrl,Proposed,0.487179,0.725435,0.702667
4400,proposed_adaptive_hgrl,Proposed,0.491080,0.723615,0.701915
4500,proposed_adaptive_hgrl,Proposed,0.496042,0.721222,0.700639
4600,proposed_adaptive_hgrl,Proposed,0.495322,0.722203,0.702065
4700,proposed_adaptive_hgrl,Proposed,0.509124,0.715260,0.696945
4800,proposed_adaptive_hgrl,Proposed,0.515377,0.712698,0.695344
4900,proposed_adaptive_hgrl,Proposed,0.521629,0.710218,0.693746
5000,proposed_adaptive_hgrl,Proposed,0.521249,0.711470,0.695136
5100,proposed_adaptive_hgrl,Proposed,0.528708,0.708447,0.692963
5200,proposed_adaptive_hgrl,Proposed,0.531526,0.708213,0.693008
5300,proposed_adaptive_hgrl,Proposed,0.539164,0.705267,0.690773
5400,proposed_adaptive_hgrl,Proposed,0.543384,0.704314,0.690111
5500,proposed_adaptive_hgrl,Proposed,0.553819,0.699941,0.686597
5600,proposed_adaptive_hgrl,Proposed,0.553644,0.701520,0.687904
5700,proposed_adaptive_hgrl,Proposed,0.558490,0.700210,0.686802
5800,proposed_adaptive_hgrl,Proposed,0.562394,0.699499,0.686150
5900,proposed_adaptive_hgrl,Proposed,0.561369,0.701453,0.687646
6000,proposed_adaptive_hgrl,Proposed,0.569286,0.698584,0.685166
6100,proposed_adaptive_hgrl,Proposed,0.568478,0.700239,0.686366
6200,proposed_adaptive_hgrl,Proposed,0.581820,0.694089,0.681162
6300,proposed_adaptive_hgrl,Proposed,0.584373,0.693809,0.680751
6400,proposed_adaptive_hgrl,Proposed,0.586060,0.693945,0.680675
6500,proposed_adaptive_hgrl,Proposed,0.583054,0.696616,0.682673
6600,proposed_adaptive_hgrl,Proposed,0.585380,0.696111,0.682077
6700,proposed_adaptive_hgrl,Proposed,0.587354,0.695662,0.681536
6800,proposed_adaptive_hgrl,Proposed,0.592556,0.693381,0.679510
6900,proposed_adaptive_hgrl,Proposed,0.596550,0.691577,0.677890
7000,proposed_adaptive_hgrl,Proposed,0.598429,0.690795,0.677125
7100,proposed_adaptive_hgrl,Proposed,0.600355,0.689882,0.676275
7200,proposed_adaptive_hgrl,Proposed,0.602911,0.688392,0.674975
7300,proposed_adaptive_hgrl,Proposed,0.610270,0.684191,0.671480
7400,proposed_adaptive_hgrl,Proposed,0.612624,0.682529,0.670087
7500,proposed_adaptive_hgrl,Proposed,0.608153,0.684553,0.671732
7600,proposed_adaptive_hgrl,Proposed,0.608150,0.683930,0.671232
7700,proposed_adaptive_hgrl,Proposed,0.613901,0.680052,0.668090
7800,proposed_adaptive_hgrl,Proposed,0.610707,0.680999,0.668912
7900,proposed_adaptive_hgrl,Proposed,0.615771,0.677233,0.665892
8000,proposed_adaptive_hgrl,Proposed,0.612609,0.677970,0.666568
8100,proposed_adaptive_hgrl,Proposed,0.620372,0.672551,0.662213
8200,proposed_adaptive_hgrl,Proposed,0.623422,0.669727,0.659984
8300,proposed_adaptive_hgrl,Proposed,0.625477,0.667376,0.658140
8400,proposed_adaptive_hgrl,Proposed,0.622853,0.667566,0.658369
8500,proposed_adaptive_hgrl,Proposed,0.630054,0.662342,0.654158
8600,proposed_adaptive_hgrl,Proposed,0.622691,0.665140,0.656495
8700,proposed_adaptive_hgrl,Proposed,0.628108,0.660860,0.653020
8800,proposed_adaptive_hgrl,Proposed,0.631318,0.657917,0.650616
8900,proposed_adaptive_hgrl,Proposed,0.631287,0.656754,0.649639
9000,proposed_adaptive_hgrl,Proposed,0.633647,0.654669,0.647877
9100,proposed_adaptive_hgrl,Proposed,0.629306,0.655758,0.648678
9200,proposed_adaptive_hgrl,Proposed,0.631109,0.653835,0.646977
9300,proposed_adaptive_hgrl,Proposed,0.637174,0.649658,0.643393
9400,proposed_adaptive_hgrl,Proposed,0.641778,0.646547,0.640641
9500,proposed_adaptive_hgrl,Proposed,0.637813,0.648150,0.641705
9600,proposed_adaptive_hgrl,Proposed,0.645343,0.643509,0.637621
9700,proposed_adaptive_hgrl,Proposed,0.645040,0.643408,0.637213
9800,proposed_adaptive_hgrl,Proposed,0.649337,0.640859,0.634764
9900,proposed_adaptive_hgrl,Proposed,0.645771,0.642833,0.635981
10000,proposed_adaptive_hgrl,Proposed,0.656606,0.637009,0.630786
10100,proposed_adaptive_hgrl,Proposed,0.656038,0.637621,0.630830
10200,proposed_adaptive_hgrl,Proposed,0.658989,0.636407,0.629359
10300,proposed_adaptive_hgrl,Proposed,0.658893,0.637043,0.629383
10400,proposed_adaptive_hgrl,Proposed,0.664079,0.634871,0.627100
10500,proposed_adaptive_hgrl,Proposed,0.663175,0.636203,0.627680
10600,proposed_adaptive_hgrl,Proposed,0.671144,0.632738,0.624338
10700,proposed_adaptive_hgrl,Proposed,0.675624,0.631351,0.622707
10800,proposed_adaptive_hgrl,Proposed,0.675067,0.632779,0.623397
10900,proposed_adaptive_hgrl,Proposed,0.675796,0.633630,0.623641
11000,proposed_adaptive_hgrl,Proposed,0.687370,0.628519,0.619042
11100,proposed_adaptive_hgrl,Proposed,0.679002,0.634443,0.623512
11200,proposed_adaptive_hgrl,Proposed,0.690082,0.629703,0.619308
11300,proposed_adaptive_hgrl,Proposed,0.687318,0.632597,0.621406
11400,proposed_adaptive_hgrl,Proposed,0.699600,0.627227,0.616807
11500,proposed_adaptive_hgrl,Proposed,0.699361,0.628718,0.617891
11600,proposed_adaptive_hgrl,Proposed,0.702678,0.628250,0.617449
11700,proposed_adaptive_hgrl,Proposed,0.700164,0.630934,0.619666
11800,proposed_adaptive_hgrl,Proposed,0.715756,0.623581,0.613757
11900,proposed_adaptive_hgrl,Proposed,0.717535,0.623721,0.614068
12000,proposed_adaptive_hgrl,Proposed,0.722666,0.621958,0.612912
12100,proposed_adaptive_hgrl,Proposed,0.718476,0.625210,0.615951
12200,proposed_adaptive_hgrl,Proposed,0.725124,0.622383,0.614109
12300,proposed_adaptive_hgrl,Proposed,0.730559,0.620110,0.612812
12400,proposed_adaptive_hgrl,Proposed,0.727947,0.622174,0.615153
12500,proposed_adaptive_hgrl,Proposed,0.732256,0.620209,0.614283
12600,proposed_adaptive_hgrl,Proposed,0.735797,0.618540,0.613736
12700,proposed_adaptive_hgrl,Proposed,0.747304,0.612416,0.609620
12800,proposed_adaptive_hgrl,Proposed,0.748175,0.611924,0.610182
12900,proposed_adaptive_hgrl,Proposed,0.754893,0.608075,0.608057
13000,proposed_adaptive_hgrl,Proposed,0.755698,0.607288,0.608491
13100,proposed_adaptive_hgrl,Proposed,0.756940,0.606216,0.608733
13200,proposed_adaptive_hgrl,Proposed,0.761768,0.602985,0.607241
13300,proposed_adaptive_hgrl,Proposed,0.766618,0.599705,0.605729
13400,proposed_adaptive_hgrl,Proposed,0.764047,0.600278,0.607378
13500,proposed_adaptive_hgrl,Proposed,0.776480,0.592457,0.602156
13600,proposed_adaptive_hgrl,Proposed,0.773752,0.592907,0.603685
13700,proposed_adaptive_hgrl,Proposed,0.776060,0.590574,0.602907
13800,proposed_adaptive_hgrl,Proposed,0.782248,0.585996,0.600250
13900,proposed_adaptive_hgrl,Proposed,0.781998,0.584899,0.600386
14000,proposed_adaptive_hgrl,Proposed,0.782787,0.583223,0.599981
14100,proposed_adaptive_hgrl,Proposed,0.787866,0.579105,0.597498
14200,proposed_adaptive_hgrl,Proposed,0.783081,0.580467,0.599407
14300,proposed_adaptive_hgrl,Proposed,0.787351,0.576843,0.597136
14400,proposed_adaptive_hgrl,Proposed,0.793285,0.572289,0.593991
14500,proposed_adaptive_hgrl,Proposed,0.794397,0.570448,0.592945
14600,proposed_adaptive_hgrl,Proposed,0.790735,0.571324,0.593993
14700,proposed_adaptive_hgrl,Proposed,0.799439,0.565460,0.589391
14800,proposed_adaptive_hgrl,Proposed,0.803166,0.562403,0.586945
14900,proposed_adaptive_hgrl,Proposed,0.798059,0.564295,0.588405
15000,proposed_adaptive_hgrl,Proposed,0.802218,0.561168,0.585612
15100,proposed_adaptive_hgrl,Proposed,0.808041,0.557315,0.582078
15200,proposed_adaptive_hgrl,Proposed,0.798064,0.562260,0.585596
15300,proposed_adaptive_hgrl,Proposed,0.806034,0.557702,0.581196
15400,proposed_adaptive_hgrl,Proposed,0.805890,0.557281,0.580042
15500,proposed_adaptive_hgrl,Proposed,0.804409,0.557987,0.579677
15600,proposed_adaptive_hgrl,Proposed,0.802246,0.559192,0.579593
15700,proposed_adaptive_hgrl,Proposed,0.806739,0.556931,0.576558
15800,proposed_adaptive_hgrl,Proposed,0.812092,0.554312,0.573123
15900,proposed_adaptive_hgrl,Proposed,0.809036,0.556460,0.573494
16000,proposed_adaptive_hgrl,Proposed,0.806323,0.558544,0.573732
16100,proposed_adaptive_hgrl,Proposed,0.802290,0.561502,0.574617
16200,proposed_adaptive_hgrl,Proposed,0.802169,0.562407,0.573771
16300,proposed_adaptive_hgrl,Proposed,0.804563,0.562061,0.571864
16400,proposed_adaptive_hgrl,Proposed,0.804381,0.563217,0.571168
16500,proposed_adaptive_hgrl,Proposed,0.805285,0.563880,0.570066
16600,proposed_adaptive_hgrl,Proposed,0.801702,0.567072,0.571049
16700,proposed_adaptive_hgrl,Proposed,0.800375,0.569069,0.571086
16800,proposed_adaptive_hgrl,Proposed,0.807192,0.566634,0.567548
16900,proposed_adaptive_hgrl,Proposed,0.808920,0.567032,0.566396
17000,proposed_adaptive_hgrl,Proposed,0.800065,0.573295,0.570126
17100,proposed_adaptive_hgrl,Proposed,0.803315,0.572866,0.568481
17200,proposed_adaptive_hgrl,Proposed,0.807161,0.572047,0.566634
17300,proposed_adaptive_hgrl,Proposed,0.806066,0.573915,0.567114
17400,proposed_adaptive_hgrl,Proposed,0.797901,0.579665,0.570914
17500,proposed_adaptive_hgrl,Proposed,0.799464,0.579972,0.570416
17600,proposed_adaptive_hgrl,Proposed,0.803433,0.578896,0.568950
17700,proposed_adaptive_hgrl,Proposed,0.798617,0.582506,0.571492
17800,proposed_adaptive_hgrl,Proposed,0.797681,0.583929,0.572424
17900,proposed_adaptive_hgrl,Proposed,0.799306,0.583764,0.572242
18000,proposed_adaptive_hgrl,Proposed,0.793908,0.587374,0.575336
18100,proposed_adaptive_hgrl,Proposed,0.794078,0.587799,0.576014
18200,proposed_adaptive_hgrl,Proposed,0.795969,0.587091,0.575953
18300,proposed_adaptive_hgrl,Proposed,0.795739,0.587429,0.576931
18400,proposed_adaptive_hgrl,Proposed,0.796869,0.586855,0.577345
18500,proposed_adaptive_hgrl,Proposed,0.798315,0.586044,0.577736
18600,proposed_adaptive_hgrl,Proposed,0.798561,0.585626,0.578614
18700,proposed_adaptive_hgrl,Proposed,0.796890,0.586218,0.580470
18800,proposed_adaptive_hgrl,Proposed,0.802604,0.582520,0.578957
18900,proposed_adaptive_hgrl,Proposed,0.803969,0.581110,0.579442
19000,proposed_adaptive_hgrl,Proposed,0.795506,0.585013,0.584386
19100,proposed_adaptive_hgrl,Proposed,0.798745,0.582325,0.584030
19200,proposed_adaptive_hgrl,Proposed,0.800558,0.580351,0.584334
19300,proposed_adaptive_hgrl,Proposed,0.797860,0.580781,0.586662
19400,proposed_adaptive_hgrl,Proposed,0.801119,0.577805,0.586240
19500,proposed_adaptive_hgrl,Proposed,0.802374,0.575901,0.586711
19600,proposed_adaptive_hgrl,Proposed,0.810254,0.570322,0.584170
19700,proposed_adaptive_hgrl,Proposed,0.804680,0.572082,0.587609
19800,proposed_adaptive_hgrl,Proposed,0.809167,0.568267,0.586440
19900,proposed_adaptive_hgrl,Proposed,0.811897,0.565471,0.586038
20000,proposed_adaptive_hgrl,Proposed,0.810327,0.565055,0.587497
20100,proposed_adaptive_hgrl,Proposed,0.812986,0.562374,0.586998
20200,proposed_adaptive_hgrl,Proposed,0.812518,0.561362,0.587739
20300,proposed_adaptive_hgrl,Proposed,0.815675,0.558486,0.586815
20400,proposed_adaptive_hgrl,Proposed,0.818207,0.555994,0.586049
20500,proposed_adaptive_hgrl,Proposed,0.824642,0.551504,0.583477
20600,proposed_adaptive_hgrl,Proposed,0.826398,0.549648,0.582878
20700,proposed_adaptive_hgrl,Proposed,0.825445,0.549596,0.583562
20800,proposed_adaptive_hgrl,Proposed,0.825922,0.548524,0.583209
20900,proposed_adaptive_hgrl,Proposed,0.828231,0.546755,0.582079
21000,proposed_adaptive_hgrl,Proposed,0.829910,0.545486,0.581145
21100,proposed_adaptive_hgrl,Proposed,0.828862,0.545869,0.581348
21200,proposed_adaptive_hgrl,Proposed,0.839550,0.539953,0.576184
21300,proposed_adaptive_hgrl,Proposed,0.832950,0.543650,0.578673
21400,proposed_adaptive_hgrl,Proposed,0.837937,0.541118,0.575859
21500,proposed_adaptive_hgrl,Proposed,0.843605,0.538350,0.572652
21600,proposed_adaptive_hgrl,Proposed,0.846252,0.537461,0.570791
21700,proposed_adaptive_hgrl,Proposed,0.843149,0.539784,0.571379
21800,proposed_adaptive_hgrl,Proposed,0.846849,0.538519,0.568865
21900,proposed_adaptive_hgrl,Proposed,0.848296,0.538619,0.567314
22000,proposed_adaptive_hgrl,Proposed,0.856547,0.535057,0.562634
22100,proposed_adaptive_hgrl,Proposed,0.861282,0.533545,0.559511
22200,proposed_adaptive_hgrl,Proposed,0.854510,0.538432,0.561527
22300,proposed_adaptive_hgrl,Proposed,0.860468,0.536448,0.557844
22400,proposed_adaptive_hgrl,Proposed,0.855056,0.540724,0.559224
22500,proposed_adaptive_hgrl,Proposed,0.868909,0.534373,0.551876
22600,proposed_adaptive_hgrl,Proposed,0.869016,0.535636,0.550744
22700,proposed_adaptive_hgrl,Proposed,0.868501,0.537264,0.549921
22800,proposed_adaptive_hgrl,Proposed,0.872838,0.536259,0.546975
22900,proposed_adaptive_hgrl,Proposed,0.873161,0.537373,0.545817
23000,proposed_adaptive_hgrl,Proposed,0.869353,0.540694,0.546540
23100,proposed_adaptive_hgrl,Proposed,0.878418,0.536898,0.541536
23200,proposed_adaptive_hgrl,Proposed,0.876152,0.539268,0.541693
23300,proposed_adaptive_hgrl,Proposed,0.873850,0.541615,0.541965
23400,proposed_adaptive_hgrl,Proposed,0.873209,0.542878,0.541502
23500,proposed_adaptive_hgrl,Proposed,0.884855,0.537289,0.535600
23600,proposed_adaptive_hgrl,Proposed,0.885364,0.537649,0.534745
23700,proposed_adaptive_hgrl,Proposed,0.885225,0.538314,0.534332
23800,proposed_adaptive_hgrl,Proposed,0.880427,0.541354,0.536065
23900,proposed_adaptive_hgrl,Proposed,0.886584,0.538430,0.533128
24000,proposed_adaptive_hgrl,Proposed,0.881298,0.541319,0.535163
24100,proposed_adaptive_hgrl,Proposed,0.884175,0.539705,0.533731
24200,proposed_adaptive_hgrl,Proposed,0.881356,0.541088,0.534971
24300,proposed_adaptive_hgrl,Proposed,0.885203,0.538698,0.533342
24400,proposed_adaptive_hgrl,Proposed,0.882540,0.539712,0.534713
24500,proposed_adaptive_hgrl,Proposed,0.883477,0.538606,0.534558
24600,proposed_adaptive_hgrl,Proposed,0.882038,0.538684,0.535571
24700,proposed_adaptive_hgrl,Proposed,0.885552,0.535928,0.534457
24800,proposed_adaptive_hgrl,Proposed,0.880480,0.537775,0.537286
24900,proposed_adaptive_hgrl,Proposed,0.876932,0.538693,0.539518
25000,proposed_adaptive_hgrl,Proposed,0.881091,0.535274,0.538351
25100,proposed_adaptive_hgrl,Proposed,0.884359,0.532290,0.537670
25200,proposed_adaptive_hgrl,Proposed,0.876851,0.535152,0.541885
25300,proposed_adaptive_hgrl,Proposed,0.878505,0.532948,0.542048
25400,proposed_adaptive_hgrl,Proposed,0.875223,0.533454,0.544501
25500,proposed_adaptive_hgrl,Proposed,0.876557,0.531386,0.544899
25600,proposed_adaptive_hgrl,Proposed,0.875362,0.530725,0.546478
25700,proposed_adaptive_hgrl,Proposed,0.873631,0.530387,0.548328
25800,proposed_adaptive_hgrl,Proposed,0.868853,0.531780,0.551582
25900,proposed_adaptive_hgrl,Proposed,0.867959,0.531087,0.553092
26000,proposed_adaptive_hgrl,Proposed,0.867461,0.530216,0.554400
26100,proposed_adaptive_hgrl,Proposed,0.870328,0.527623,0.554221
26200,proposed_adaptive_hgrl,Proposed,0.864105,0.530085,0.558082
26300,proposed_adaptive_hgrl,Proposed,0.868023,0.527108,0.557378
26400,proposed_adaptive_hgrl,Proposed,0.860942,0.530310,0.561597
26500,proposed_adaptive_hgrl,Proposed,0.861737,0.529290,0.562214
26600,proposed_adaptive_hgrl,Proposed,0.864502,0.527341,0.561910
26700,proposed_adaptive_hgrl,Proposed,0.858247,0.530458,0.565576
26800,proposed_adaptive_hgrl,Proposed,0.861321,0.528610,0.564997
26900,proposed_adaptive_hgrl,Proposed,0.855468,0.531820,0.568364
27000,proposed_adaptive_hgrl,Proposed,0.854726,0.532377,0.569362
27100,proposed_adaptive_hgrl,Proposed,0.860405,0.529539,0.567380
27200,proposed_adaptive_hgrl,Proposed,0.853327,0.533875,0.571063
27300,proposed_adaptive_hgrl,Proposed,0.851307,0.535542,0.572359
27400,proposed_adaptive_hgrl,Proposed,0.854210,0.534629,0.571343
27500,proposed_adaptive_hgrl,Proposed,0.849940,0.537809,0.573479
27600,proposed_adaptive_hgrl,Proposed,0.851521,0.537859,0.572864
27700,proposed_adaptive_hgrl,Proposed,0.850279,0.539573,0.573430
27800,proposed_adaptive_hgrl,Proposed,0.848057,0.541919,0.574341
27900,proposed_adaptive_hgrl,Proposed,0.845635,0.544470,0.575260
28000,proposed_adaptive_hgrl,Proposed,0.842929,0.547207,0.576186
28100,proposed_adaptive_hgrl,Proposed,0.848821,0.545233,0.573128
28200,proposed_adaptive_hgrl,Proposed,0.845393,0.548470,0.574219
28300,proposed_adaptive_hgrl,Proposed,0.852992,0.545625,0.570236
28400,proposed_adaptive_hgrl,Proposed,0.848425,0.549471,0.571650
28500,proposed_adaptive_hgrl,Proposed,0.848874,0.550521,0.570715
28600,proposed_adaptive_hgrl,Proposed,0.856643,0.547571,0.566468
28700,proposed_adaptive_hgrl,Proposed,0.850235,0.552286,0.568471
28800,proposed_adaptive_hgrl,Proposed,0.853616,0.551568,0.566026
28900,proposed_adaptive_hgrl,Proposed,0.858962,0.549738,0.562689
29000,proposed_adaptive_hgrl,Proposed,0.858159,0.551145,0.562037
29100,proposed_adaptive_hgrl,Proposed,0.856425,0.552975,0.561786
29200,proposed_adaptive_hgrl,Proposed,0.852452,0.555895,0.562497
29300,proposed_adaptive_hgrl,Proposed,0.857779,0.553646,0.559067
29400,proposed_adaptive_hgrl,Proposed,0.858960,0.553451,0.557421
29500,proposed_adaptive_hgrl,Proposed,0.861250,0.552549,0.555315
29600,proposed_adaptive_hgrl,Proposed,0.863444,0.551543,0.553252
29700,proposed_adaptive_hgrl,Proposed,0.869673,0.548199,0.549418
29800,proposed_adaptive_hgrl,Proposed,0.863929,0.551258,0.550972
29900,proposed_adaptive_hgrl,Proposed,0.862005,0.552103,0.550872
30000,proposed_adaptive_hgrl,Proposed,0.865057,0.550042,0.548558
30100,proposed_adaptive_hgrl,Proposed,0.866353,0.548805,0.547086
30200,proposed_adaptive_hgrl,Proposed,0.872197,0.544933,0.543627
30300,proposed_adaptive_hgrl,Proposed,0.871439,0.544592,0.543227
30400,proposed_adaptive_hgrl,Proposed,0.872024,0.543359,0.542264
30500,proposed_adaptive_hgrl,Proposed,0.874027,0.541274,0.540770
30600,proposed_adaptive_hgrl,Proposed,0.878434,0.537761,0.538266
30700,proposed_adaptive_hgrl,Proposed,0.881428,0.535010,0.536539
30800,proposed_adaptive_hgrl,Proposed,0.889032,0.529561,0.532749
30900,proposed_adaptive_hgrl,Proposed,0.880520,0.532973,0.536345
31000,proposed_adaptive_hgrl,Proposed,0.888320,0.527332,0.532658
31100,proposed_adaptive_hgrl,Proposed,0.889033,0.525617,0.532295
31200,proposed_adaptive_hgrl,Proposed,0.892743,0.522277,0.530703
31300,proposed_adaptive_hgrl,Proposed,0.897328,0.518465,0.528809
31400,proposed_adaptive_hgrl,Proposed,0.891346,0.520469,0.531745
31500,proposed_adaptive_hgrl,Proposed,0.894940,0.517269,0.530479
31600,proposed_adaptive_hgrl,Proposed,0.903591,0.511313,0.527000
31700,proposed_adaptive_hgrl,Proposed,0.899693,0.512367,0.529280
31800,proposed_adaptive_hgrl,Proposed,0.896947,0.512902,0.531147
31900,proposed_adaptive_hgrl,Proposed,0.903198,0.508552,0.529012
32000,proposed_adaptive_hgrl,Proposed,0.909667,0.504231,0.526880
32100,proposed_adaptive_hgrl,Proposed,0.906053,0.505564,0.529341
32200,proposed_adaptive_hgrl,Proposed,0.902413,0.507034,0.531866
32300,proposed_adaptive_hgrl,Proposed,0.912818,0.500934,0.528137
32400,proposed_adaptive_hgrl,Proposed,0.902561,0.506337,0.533749
32500,proposed_adaptive_hgrl,Proposed,0.912720,0.500676,0.530225
32600,proposed_adaptive_hgrl,Proposed,0.907738,0.503469,0.533527
32700,proposed_adaptive_hgrl,Proposed,0.908378,0.503293,0.534299
32800,proposed_adaptive_hgrl,Proposed,0.910330,0.502564,0.534513
32900,proposed_adaptive_hgrl,Proposed,0.912604,0.501804,0.534588
33000,proposed_adaptive_hgrl,Proposed,0.909976,0.503868,0.536857
33100,proposed_adaptive_hgrl,Proposed,0.909415,0.504924,0.538182
33200,proposed_adaptive_hgrl,Proposed,0.911521,0.504685,0.538327
33300,proposed_adaptive_hgrl,Proposed,0.915737,0.503312,0.537424
33400,proposed_adaptive_hgrl,Proposed,0.905824,0.509812,0.542843
33500,proposed_adaptive_hgrl,Proposed,0.908888,0.509279,0.542392
33600,proposed_adaptive_hgrl,Proposed,0.908317,0.510829,0.543532
33700,proposed_adaptive_hgrl,Proposed,0.913366,0.509328,0.542070
33800,proposed_adaptive_hgrl,Proposed,0.909392,0.512829,0.544598
33900,proposed_adaptive_hgrl,Proposed,0.907342,0.515274,0.546169
34000,proposed_adaptive_hgrl,Proposed,0.901505,0.519819,0.549372
34100,proposed_adaptive_hgrl,Proposed,0.903977,0.519785,0.548751
34200,proposed_adaptive_hgrl,Proposed,0.905729,0.520107,0.548354
34300,proposed_adaptive_hgrl,Proposed,0.904145,0.522262,0.549399
34400,proposed_adaptive_hgrl,Proposed,0.896760,0.527490,0.552910
34500,proposed_adaptive_hgrl,Proposed,0.898189,0.527832,0.552385
34600,proposed_adaptive_hgrl,Proposed,0.895397,0.530402,0.553657
34700,proposed_adaptive_hgrl,Proposed,0.897877,0.529943,0.552432
34800,proposed_adaptive_hgrl,Proposed,0.896796,0.531358,0.552735
34900,proposed_adaptive_hgrl,Proposed,0.897103,0.531892,0.552320
35000,proposed_adaptive_hgrl,Proposed,0.888989,0.537014,0.555671
35100,proposed_adaptive_hgrl,Proposed,0.889615,0.536994,0.554836
35200,proposed_adaptive_hgrl,Proposed,0.892988,0.535461,0.552793
35300,proposed_adaptive_hgrl,Proposed,0.883304,0.540908,0.556497
35400,proposed_adaptive_hgrl,Proposed,0.886450,0.539164,0.554361
35500,proposed_adaptive_hgrl,Proposed,0.886123,0.539215,0.553743
35600,proposed_adaptive_hgrl,Proposed,0.881184,0.541612,0.555099
35700,proposed_adaptive_hgrl,Proposed,0.879811,0.541916,0.554801
35800,proposed_adaptive_hgrl,Proposed,0.881592,0.540383,0.553061
35900,proposed_adaptive_hgrl,Proposed,0.873692,0.544052,0.555641
36000,proposed_adaptive_hgrl,Proposed,0.877180,0.541241,0.552984
36100,proposed_adaptive_hgrl,Proposed,0.877964,0.539889,0.551585
36200,proposed_adaptive_hgrl,Proposed,0.875452,0.540219,0.551627
36300,proposed_adaptive_hgrl,Proposed,0.869460,0.542406,0.553250
36400,proposed_adaptive_hgrl,Proposed,0.873225,0.539132,0.550465
36500,proposed_adaptive_hgrl,Proposed,0.869889,0.539713,0.550891
36600,proposed_adaptive_hgrl,Proposed,0.873692,0.536358,0.548151
36700,proposed_adaptive_hgrl,Proposed,0.870694,0.536648,0.548442
36800,proposed_adaptive_hgrl,Proposed,0.867442,0.537110,0.548917
36900,proposed_adaptive_hgrl,Proposed,0.867385,0.535818,0.547996
37000,proposed_adaptive_hgrl,Proposed,0.864969,0.535876,0.548213
37100,proposed_adaptive_hgrl,Proposed,0.862274,0.536080,0.548577
37200,proposed_adaptive_hgrl,Proposed,0.866912,0.532314,0.545715
37300,proposed_adaptive_hgrl,Proposed,0.864282,0.532626,0.546205
37400,proposed_adaptive_hgrl,Proposed,0.872433,0.527099,0.541927
37500,proposed_adaptive_hgrl,Proposed,0.867816,0.528680,0.543470
37600,proposed_adaptive_hgrl,Proposed,0.872364,0.525344,0.540991
37700,proposed_adaptive_hgrl,Proposed,0.859278,0.531816,0.546529
37800,proposed_adaptive_hgrl,Proposed,0.871166,0.524671,0.540917
37900,proposed_adaptive_hgrl,Proposed,0.866021,0.527045,0.543080
38000,proposed_adaptive_hgrl,Proposed,0.865790,0.526849,0.543122
38100,proposed_adaptive_hgrl,Proposed,0.869803,0.524461,0.541352
38200,proposed_adaptive_hgrl,Proposed,0.872074,0.523184,0.540468
38300,proposed_adaptive_hgrl,Proposed,0.873956,0.522269,0.539858
38400,proposed_adaptive_hgrl,Proposed,0.870131,0.524646,0.541916
38500,proposed_adaptive_hgrl,Proposed,0.871290,0.524414,0.541817
38600,proposed_adaptive_hgrl,Proposed,0.873959,0.523495,0.541131
38700,proposed_adaptive_hgrl,Proposed,0.875994,0.523055,0.540815
38800,proposed_adaptive_hgrl,Proposed,0.877570,0.522985,0.540781
38900,proposed_adaptive_hgrl,Proposed,0.881457,0.521759,0.539783
39000,proposed_adaptive_hgrl,Proposed,0.881717,0.522647,0.540502
39100,proposed_adaptive_hgrl,Proposed,0.883711,0.522641,0.540476
39200,proposed_adaptive_hgrl,Proposed,0.879609,0.526093,0.543273
39300,proposed_adaptive_hgrl,Proposed,0.886364,0.523606,0.541207
39400,proposed_adaptive_hgrl,Proposed,0.892803,0.521391,0.539364
39500,proposed_adaptive_hgrl,Proposed,0.885033,0.526957,0.543894
39600,proposed_adaptive_hgrl,Proposed,0.889682,0.525724,0.542871
39700,proposed_adaptive_hgrl,Proposed,0.892739,0.525368,0.542580
39800,proposed_adaptive_hgrl,Proposed,0.893039,0.526551,0.543567
39900,proposed_adaptive_hgrl,Proposed,0.893496,0.527563,0.544439
40000,proposed_adaptive_hgrl,Proposed,0.894009,0.528501,0.545277
