{
  "method": "centralized_feedback_graph_rl",
  "objective_mean": 325.2887338701134,
  "collision_risk_mean": 0.12745138383954968,
  "completed_mean": 3.6666666666666665,
  "reward_mean": -44.504360836827225,
  "graph_updates_total": 1287,
  "episodes_per_scenario": 120
}